{
       "J-coupling": [
                       {
                            "ID2": 11,
                            "ID1": 21,
                          "value": 3.14
                       },
                       {
                            "ID2": 11,
                            "ID1": 22,
                          "value": 6.979
                       },
                       {
                            "ID2": 12,
                            "ID1": 22,
                          "value": 3.168
                       },
                       {
                            "ID2": 12,
                            "ID1": 21,
                          "value": 7.011
                       }
                     ],
   "chemical shift": [
                       {
                          "value": 3.189,
                             "ID": 1
                       },
                       {
                          "value": 3.189,
                             "ID": 2
                       },
                       {
                          "value": 3.189,
                             "ID": 3
                       },
                       {
                          "value": 3.189,
                             "ID": 4
                       },
                       {
                          "value": 3.189,
                             "ID": 5
                       },
                       {
                          "value": 3.189,
                             "ID": 6
                       },
                       {
                          "value": 3.189,
                             "ID": 7
                       },
                       {
                          "value": 3.189,
                             "ID": 8
                       },
                       {
                          "value": 3.189,
                             "ID": 9
                       },
                       {
                          "value": 3.506,
                             "ID": 21
                       },
                       {
                          "value": 3.506,
                             "ID": 22
                       },
                       {
                          "value": 4.05,
                             "ID": 11
                       },
                       {
                          "value": 4.05,
                             "ID": 12
                       }
                     ]
}
