{
       "J-coupling": [
                       {
                            "ID2": 2,
                            "ID1": 31,
                          "value": 7.331
                       },
                       {
                            "ID2": 2,
                            "ID1": 32,
                          "value": 4.651
                       },
                       {
                            "ID2": 31,
                            "ID1": 32,
                          "value": -14.849
                       },
                       {
                            "ID2": 31,
                            "ID1": 42,
                          "value": 8.406
                       },
                       {
                            "ID2": 32,
                            "ID1": 42,
                          "value": 6.875
                       },
                       {
                            "ID2": 31,
                            "ID1": 41,
                          "value": 6.413
                       },
                       {
                            "ID2": 32,
                            "ID1": 41,
                          "value": 8.478
                       },
                       {
                            "ID2": 41,
                            "ID1": 42,
                          "value": -15.915
                       }
                     ],
   "chemical shift": [
                       {
                          "value": 2.3507,
                             "ID": 42
                       },
                       {
                          "value": 2.3354,
                             "ID": 41
                       },
                       {
                          "value": 2.1206,
                             "ID": 32
                       },
                       {
                          "value": 2.0424,
                             "ID": 31
                       },
                       {
                          "value": 3.7444,
                             "ID": 2
                       }
                     ]
}
