{
       "J-coupling": [
                       {
                            "ID2": 2,
                            "ID1": 31,
                          "value": 5.847
                       },
                       {
                            "ID2": 2,
                            "ID1": 32,
                          "value": 6.5
                       },
                       {
                            "ID2": 31,
                            "ID1": 32,
                          "value": -14.504
                       },
                       {
                            "ID2": 31,
                            "ID1": 41,
                          "value": 9.165
                       },
                       {
                            "ID2": 31,
                            "ID1": 42,
                          "value": 6.437
                       },
                       {
                            "ID2": 32,
                            "ID1": 41,
                          "value": 6.324
                       },
                       {
                            "ID2": 32,
                            "ID1": 42,
                          "value": 9.209
                       },
                       {
                            "ID2": 41,
                            "ID1": 42,
                          "value": -15.371
                       }
                     ],
   "chemical shift": [
                       {
                          "value": 2.457,
                             "ID": 42
                       },
                       {
                          "value": 2.435,
                             "ID": 41
                       },
                       {
                          "value": 2.118,
                             "ID": 32
                       },
                       {
                          "value": 2.136,
                             "ID": 31
                       },
                       {
                          "value": 3.7625,
                             "ID": 2
                       }
                     ]
}
