{
       "J-coupling": [
                       {
                            "ID2": 1,
                            "ID1": 32,
                          "value": 4.812
                       },
                       {
                            "ID2": 1,
                            "ID1": 31,
                          "value": 7.959
                       },
                       {
                            "ID2": 31,
                            "ID1": 32,
                          "value": -15.513
                       },
                       {
                            "ID2": 5,
                            "ID1": 31,
                          "value": 0.72
                       },
                       {
                            "ID2": 5,
                            "ID1": 32,
                          "value": 0.72
                       }
                     ],
   "chemical shift": [
                       {
                          "value": 3.9959,
                             "ID": 1
                       },
                       {
                          "value": 3.1866,
                             "ID": 31
                       },
                       {
                          "value": 3.2644,
                             "ID": 32
                       },
                       {
                          "value": 7.9010,
                             "ID": 2
                       },
                       {
                          "value": 7.1030,
                             "ID": 5
                       }
                     ]
}
