{
       "J-coupling": [
                       {
                            "ID2": 9,
                            "ID1": 8,
                          "value": -12.531894
                       },
                       {
                            "ID2": 10,
                            "ID1": 8,
                          "value": 3.511369
                       },
                       {
                            "ID2": 10,
                            "ID1": 9,
                          "value": 5.979
                       }
                     ],
   "chemical shift": [
                       {
                          "value": 3.9744,
                             "ID": 8
                       },
                       {
                          "value": 3.9352,
                             "ID": 9
                       },
                       {
                          "value": 3.83016,
                             "ID": 10
                       }
                     ]
}
