{
       "J-coupling": [
                       {
                            "ID2": 14,
                            "ID1": 13,
                          "value": -14
                       },
                       {
                            "ID2": 15,
                            "ID1": 13,
                          "value": -14
                       },
                       {
                            "ID2": 15,
                            "ID1": 14,
                          "value": -14
                       },
                       {
                            "ID2": 17,
                            "ID1": 16,
                          "value": -14
                       },
                       {
                            "ID2": 18,
                            "ID1": 16,
                          "value": -14
                       },
                       {
                            "ID2": 18,
                            "ID1": 17,
                          "value": -14
                       },
                       {
                            "ID2": 20,
                            "ID1": 19,
                          "value": 1.5
                       },
                       {
                            "ID2": 21,
                            "ID1": 19,
                          "value": 9.193127
                       },
                       {
                            "ID2": 22,
                            "ID1": 20,
                          "value": 9.193127
                       },
                       {
                            "ID2": 22,
                            "ID1": 21,
                          "value": 1.5
                       }
                     ],
   "chemical shift": [
                       {
                          "value": 2.1425,
                             "ID": 13
                       },
                       {
                          "value": 2.1425,
                             "ID": 14
                       },
                       {
                          "value": 2.1425,
                             "ID": 15
                       },
                       {
                          "value": 3.8298,
                             "ID": 16
                       },
                       {
                          "value": 3.8298,
                             "ID": 17
                       },
                       {
                          "value": 3.8298,
                             "ID": 18
                       },
                       {
                          "value": 7.3251,
                             "ID": 19
                       },
                       {
                          "value": 7.3251,
                             "ID": 20
                       },
                       {
                          "value": 7.0089,
                             "ID": 21
                       },
                       {
                          "value": 7.0089,
                             "ID": 22
                       }
                     ]
}
