{
       "J-coupling": [
                       {
                            "ID2": 16,
                            "ID1": 15,
                          "value": 7.858559
                       },
                       {
                            "ID2": 17,
                            "ID1": 15,
                          "value": 7.858559
                       },
                       {
                            "ID2": 17,
                            "ID1": 16,
                          "value": 1.5
                       },
                       {
                            "ID2": 18,
                            "ID1": 16,
                          "value": 8.32492
                       },
                       {
                            "ID2": 19,
                            "ID1": 17,
                          "value": 8.32492
                       },
                       {
                            "ID2": 19,
                            "ID1": 18,
                          "value": 1.5
                       },
                       {
                            "ID2": 21,
                            "ID1": 20,
                          "value": 4.105837
                       }
                     ],
   "chemical shift": [
                       {
                          "value": 7.4147,
                             "ID": 15
                       },
                       {
                          "value": 7.48647,
                             "ID": 16
                       },
                       {
                          "value": 7.48647,
                             "ID": 17
                       },
                       {
                          "value": 7.76447,
                             "ID": 18
                       },
                       {
                          "value": 7.76447,
                             "ID": 19
                       },
                       {
                          "value": 7.44385,
                             "ID": 20
                       },
                       {
                          "value": 7.55465,
                             "ID": 21
                       }
                     ]
}
