{
       "J-coupling": [
                       {
                            "ID2": 16,
                            "ID1": 15,
                          "value": -14
                       },
                       {
                            "ID2": 17,
                            "ID1": 15,
                          "value": -14
                       },
                       {
                            "ID2": 17,
                            "ID1": 16,
                          "value": -14
                       },
                       {
                            "ID2": 19,
                            "ID1": 18,
                          "value": -14
                       },
                       {
                            "ID2": 20,
                            "ID1": 18,
                          "value": -14
                       },
                       {
                            "ID2": 20,
                            "ID1": 19,
                          "value": -14
                       },
                       {
                            "ID2": 22,
                            "ID1": 21,
                          "value": -14
                       },
                       {
                            "ID2": 23,
                            "ID1": 21,
                          "value": 6.644653
                       },
                       {
                            "ID2": 24,
                            "ID1": 21,
                          "value": 6.644653
                       },
                       {
                            "ID2": 23,
                            "ID1": 22,
                          "value": 6.644653
                       },
                       {
                            "ID2": 24,
                            "ID1": 22,
                          "value": 6.644653
                       },
                       {
                            "ID2": 24,
                            "ID1": 23,
                          "value": -14
                       },
                       {
                            "ID2": 26,
                            "ID1": 25,
                          "value": 0.5
                       },
                       {
                            "ID2": 28,
                            "ID1": 27,
                          "value": -14
                       }
                     ],
   "chemical shift": [
                       {
                          "value": 3.8461,
                             "ID": 15
                       },
                       {
                          "value": 3.8461,
                             "ID": 16
                       },
                       {
                          "value": 3.8461,
                             "ID": 17
                       },
                       {
                          "value": 3.8333,
                             "ID": 18
                       },
                       {
                          "value": 3.8333,
                             "ID": 19
                       },
                       {
                          "value": 3.8333,
                             "ID": 20
                       },
                       {
                          "value": 3.0504,
                             "ID": 21
                       },
                       {
                          "value": 3.0504,
                             "ID": 22
                       },
                       {
                          "value": 3.495,
                             "ID": 23
                       },
                       {
                          "value": 3.495,
                             "ID": 24
                       },
                       {
                          "value": 6.9174,
                             "ID": 25
                       },
                       {
                          "value": 6.8572,
                             "ID": 26
                       },
                       {
                          "value": 4.29903,
                             "ID": 27
                       },
                       {
                          "value": 4.29903,
                             "ID": 28
                       }
                     ]
}
