{
       "J-coupling": [
                       {
                            "ID2": 17,
                            "ID1": 16,
                          "value": -14
                       },
                       {
                            "ID2": 18,
                            "ID1": 16,
                          "value": -14
                       },
                       {
                            "ID2": 18,
                            "ID1": 17,
                          "value": -14
                       },
                       {
                            "ID2": 20,
                            "ID1": 19,
                          "value": 7.32341
                       },
                       {
                            "ID2": 21,
                            "ID1": 19,
                          "value": 7.32341
                       },
                       {
                            "ID2": 21,
                            "ID1": 20,
                          "value": 1.5
                       },
                       {
                            "ID2": 22,
                            "ID1": 20,
                          "value": 8.129426
                       },
                       {
                            "ID2": 23,
                            "ID1": 21,
                          "value": 8.129426
                       },
                       {
                            "ID2": 23,
                            "ID1": 22,
                          "value": 1.5
                       }
                     ],
   "chemical shift": [
                       {
                          "value": 2.5592,
                             "ID": 16
                       },
                       {
                          "value": 2.5592,
                             "ID": 17
                       },
                       {
                          "value": 2.5592,
                             "ID": 18
                       },
                       {
                          "value": 7.3414,
                             "ID": 19
                       },
                       {
                          "value": 7.46539,
                             "ID": 20
                       },
                       {
                          "value": 7.46539,
                             "ID": 21
                       },
                       {
                          "value": 7.739,
                             "ID": 22
                       },
                       {
                          "value": 7.739,
                             "ID": 23
                       },
                       {
                          "value": 6.9052,
                             "ID": 24
                       }
                     ]
}
