{
       "J-coupling": [
                       {
                            "ID2": 13,
                            "ID1": 12,
                          "value": 8.014813
                       },
                       {
                            "ID2": 14,
                            "ID1": 12,
                          "value": 8.014813
                       },
                       {
                            "ID2": 14,
                            "ID1": 13,
                          "value": 1.5
                       },
                       {
                            "ID2": 15,
                            "ID1": 13,
                          "value": 6.329583
                       },
                       {
                            "ID2": 16,
                            "ID1": 14,
                          "value": 6.329583
                       },
                       {
                            "ID2": 16,
                            "ID1": 15,
                          "value": 1.5
                       }
                     ],
   "chemical shift": [
                       {
                          "value": 7.37519,
                             "ID": 12
                       },
                       {
                          "value": 7.41503,
                             "ID": 13
                       },
                       {
                          "value": 7.41503,
                             "ID": 14
                       },
                       {
                          "value": 7.41816,
                             "ID": 15
                       },
                       {
                          "value": 7.41816,
                             "ID": 16
                       },
                       {
                          "value": 4.7349,
                             "ID": 17
                       }
                     ]
}
