{
       "J-coupling": [
                       {
                            "ID2": 10,
                            "ID1": 9,
                          "value": 1.5
                       },
                       {
                            "ID2": 11,
                            "ID1": 9,
                          "value": 6.995297
                       },
                       {
                            "ID2": 12,
                            "ID1": 10,
                          "value": 6.995297
                       },
                       {
                            "ID2": 12,
                            "ID1": 11,
                          "value": 1.5
                       }
                     ],
   "chemical shift": [
                       {
                          "value": 6.9679,
                             "ID": 9
                       },
                       {
                          "value": 6.9679,
                             "ID": 10
                       },
                       {
                          "value": 6.8132,
                             "ID": 11
                       },
                       {
                          "value": 6.8132,
                             "ID": 12
                       }
                     ]
}
