{
       "J-coupling": [
                       {
                            "ID2": 17,
                            "ID1": 16,
                          "value": -14
                       },
                       {
                            "ID2": 18,
                            "ID1": 16,
                          "value": -14
                       },
                       {
                            "ID2": 18,
                            "ID1": 17,
                          "value": -14
                       },
                       {
                            "ID2": 20,
                            "ID1": 19,
                          "value": -14
                       },
                       {
                            "ID2": 21,
                            "ID1": 19,
                          "value": -14
                       },
                       {
                            "ID2": 21,
                            "ID1": 20,
                          "value": -14
                       },
                       {
                            "ID2": 23,
                            "ID1": 22,
                          "value": -14
                       },
                       {
                            "ID2": 24,
                            "ID1": 22,
                          "value": -14
                       },
                       {
                            "ID2": 29,
                            "ID1": 22,
                          "value": 6.274304
                       },
                       {
                            "ID2": 24,
                            "ID1": 23,
                          "value": -14
                       },
                       {
                            "ID2": 29,
                            "ID1": 23,
                          "value": 6.274304
                       },
                       {
                            "ID2": 29,
                            "ID1": 24,
                          "value": 6.274304
                       },
                       {
                            "ID2": 28,
                            "ID1": 27,
                          "value": -14.701538
                       },
                       {
                            "ID2": 29,
                            "ID1": 27,
                          "value": 6.205648
                       },
                       {
                            "ID2": 29,
                            "ID1": 28,
                          "value": 6.205648
                       }
                     ],
   "chemical shift": [
                       {
                          "value": 2.19679,
                             "ID": 16
                       },
                       {
                          "value": 2.19679,
                             "ID": 17
                       },
                       {
                          "value": 2.19679,
                             "ID": 18
                       },
                       {
                          "value": 2.20532,
                             "ID": 19
                       },
                       {
                          "value": 2.20532,
                             "ID": 20
                       },
                       {
                          "value": 2.20532,
                             "ID": 21
                       },
                       {
                          "value": 1.2576,
                             "ID": 22
                       },
                       {
                          "value": 1.2576,
                             "ID": 23
                       },
                       {
                          "value": 1.2576,
                             "ID": 24
                       },
                       {
                          "value": 6.91405,
                             "ID": 25
                       },
                       {
                          "value": 6.88602,
                             "ID": 26
                       },
                       {
                          "value": 2.5902,
                             "ID": 27
                       },
                       {
                          "value": 2.2222,
                             "ID": 28
                       },
                       {
                          "value": 4.00209,
                             "ID": 29
                       }
                     ]
}
