{
       "J-coupling": [
                       {
                            "ID2": 14,
                            "ID1": 13,
                          "value": -14
                       },
                       {
                            "ID2": 15,
                            "ID1": 13,
                          "value": -14
                       },
                       {
                            "ID2": 15,
                            "ID1": 14,
                          "value": -14
                       },
                       {
                            "ID2": 17,
                            "ID1": 16,
                          "value": -14
                       },
                       {
                            "ID2": 18,
                            "ID1": 16,
                          "value": -14
                       },
                       {
                            "ID2": 18,
                            "ID1": 17,
                          "value": -14
                       },
                       {
                            "ID2": 20,
                            "ID1": 19,
                          "value": 8.756103
                       },
                       {
                            "ID2": 21,
                            "ID1": 20,
                          "value": 1.200138
                       }
                     ],
   "chemical shift": [
                       {
                          "value": 2.2243,
                             "ID": 13
                       },
                       {
                          "value": 2.2243,
                             "ID": 14
                       },
                       {
                          "value": 2.2243,
                             "ID": 15
                       },
                       {
                          "value": 3.8897,
                             "ID": 16
                       },
                       {
                          "value": 3.8897,
                             "ID": 17
                       },
                       {
                          "value": 3.8897,
                             "ID": 18
                       },
                       {
                          "value": 7.24641,
                             "ID": 19
                       },
                       {
                          "value": 7.42414,
                             "ID": 20
                       },
                       {
                          "value": 7.42774,
                             "ID": 21
                       }
                     ]
}
