{
       "J-coupling": [
                       {
                            "ID2": 10,
                            "ID1": 9,
                          "value": 8.798044
                       },
                       {
                            "ID2": 11,
                            "ID1": 9,
                          "value": 8.798044
                       },
                       {
                            "ID2": 12,
                            "ID1": 10,
                          "value": 1.570752
                       },
                       {
                            "ID2": 12,
                            "ID1": 11,
                          "value": 1.570752
                       }
                     ],
   "chemical shift": [
                       {
                          "value": 7.1693,
                             "ID": 9
                       },
                       {
                          "value": 6.8449,
                             "ID": 10
                       },
                       {
                          "value": 6.7414,
                             "ID": 11
                       },
                       {
                          "value": 6.8637,
                             "ID": 12
                       }
                     ]
}
