{
       "J-coupling": [
                       {
                            "ID2": 15,
                            "ID1": 14,
                          "value": 8.743674
                       },
                       {
                            "ID2": 16,
                            "ID1": 14,
                          "value": 8.743674
                       },
                       {
                            "ID2": 16,
                            "ID1": 15,
                          "value": 1.453824
                       },
                       {
                            "ID2": 25,
                            "ID1": 15,
                          "value": 1.487771
                       },
                       {
                            "ID2": 25,
                            "ID1": 16,
                          "value": 1.799813
                       },
                       {
                            "ID2": 18,
                            "ID1": 17,
                          "value": -14
                       },
                       {
                            "ID2": 21,
                            "ID1": 17,
                          "value": 4.960934
                       },
                       {
                            "ID2": 22,
                            "ID1": 17,
                          "value": 4.960934
                       },
                       {
                            "ID2": 21,
                            "ID1": 18,
                          "value": 4.960934
                       },
                       {
                            "ID2": 22,
                            "ID1": 18,
                          "value": 4.960934
                       },
                       {
                            "ID2": 20,
                            "ID1": 19,
                          "value": -14
                       },
                       {
                            "ID2": 23,
                            "ID1": 19,
                          "value": 4.960934
                       },
                       {
                            "ID2": 24,
                            "ID1": 19,
                          "value": 4.960934
                       },
                       {
                            "ID2": 23,
                            "ID1": 20,
                          "value": 4.960934
                       },
                       {
                            "ID2": 24,
                            "ID1": 20,
                          "value": 4.960934
                       },
                       {
                            "ID2": 22,
                            "ID1": 21,
                          "value": -14
                       },
                       {
                            "ID2": 24,
                            "ID1": 23,
                          "value": -14
                       }
                     ],
   "chemical shift": [
                       {
                          "value": 7.18756,
                             "ID": 14
                       },
                       {
                          "value": 6.57971,
                             "ID": 15
                       },
                       {
                          "value": 6.50041,
                             "ID": 16
                       },
                       {
                          "value": 3.8846,
                             "ID": 17
                       },
                       {
                          "value": 3.8846,
                             "ID": 18
                       },
                       {
                          "value": 3.8846,
                             "ID": 19
                       },
                       {
                          "value": 3.8846,
                             "ID": 20
                       },
                       {
                          "value": 3.1396,
                             "ID": 21
                       },
                       {
                          "value": 3.1396,
                             "ID": 22
                       },
                       {
                          "value": 3.1396,
                             "ID": 23
                       },
                       {
                          "value": 3.1396,
                             "ID": 24
                       },
                       {
                          "value": 6.54981,
                             "ID": 25
                       }
                     ]
}
