{
       "J-coupling": [
                       {
                            "ID2": 13,
                            "ID1": 12,
                          "value": -14
                       },
                       {
                            "ID2": 14,
                            "ID1": 12,
                          "value": -14
                       },
                       {
                            "ID2": 14,
                            "ID1": 13,
                          "value": -14
                       },
                       {
                            "ID2": 16,
                            "ID1": 15,
                          "value": 8.379983
                       },
                       {
                            "ID2": 17,
                            "ID1": 15,
                          "value": 8.379983
                       },
                       {
                            "ID2": 17,
                            "ID1": 16,
                          "value": 2.241974
                       },
                       {
                            "ID2": 18,
                            "ID1": 16,
                          "value": 1.231245
                       },
                       {
                            "ID2": 18,
                            "ID1": 17,
                          "value": 1.336546
                       }
                     ],
   "chemical shift": [
                       {
                          "value": 2.687,
                             "ID": 12
                       },
                       {
                          "value": 2.687,
                             "ID": 13
                       },
                       {
                          "value": 2.687,
                             "ID": 14
                       },
                       {
                          "value": 7.7145,
                             "ID": 15
                       },
                       {
                          "value": 8.2712,
                             "ID": 16
                       },
                       {
                          "value": 8.0204,
                             "ID": 17
                       },
                       {
                          "value": 8.3845,
                             "ID": 18
                       }
                     ]
}
