{
       "J-coupling": [
                       {
                            "ID2": 16,
                            "ID1": 15,
                          "value": 1.5
                       },
                       {
                            "ID2": 17,
                            "ID1": 15,
                          "value": 8.509479
                       },
                       {
                            "ID2": 18,
                            "ID1": 16,
                          "value": 8.509479
                       },
                       {
                            "ID2": 18,
                            "ID1": 17,
                          "value": 1.5
                       },
                       {
                            "ID2": 20,
                            "ID1": 19,
                          "value": -14
                       },
                       {
                            "ID2": 21,
                            "ID1": 19,
                          "value": 9.057953
                       },
                       {
                            "ID2": 22,
                            "ID1": 19,
                          "value": 9.057953
                       },
                       {
                            "ID2": 21,
                            "ID1": 20,
                          "value": 9.057953
                       },
                       {
                            "ID2": 22,
                            "ID1": 20,
                          "value": 9.057953
                       },
                       {
                            "ID2": 22,
                            "ID1": 21,
                          "value": -14
                       }
                     ],
   "chemical shift": [
                       {
                          "value": 7.5051,
                             "ID": 15
                       },
                       {
                          "value": 7.5051,
                             "ID": 16
                       },
                       {
                          "value": 7.7168,
                             "ID": 17
                       },
                       {
                          "value": 7.7168,
                             "ID": 18
                       },
                       {
                          "value": 2.6482,
                             "ID": 19
                       },
                       {
                          "value": 2.6482,
                             "ID": 20
                       },
                       {
                          "value": 3.075,
                             "ID": 21
                       },
                       {
                          "value": 3.075,
                             "ID": 22
                       }
                     ]
}
