{
       "J-coupling": [
                       {
                            "ID2": 11,
                            "ID1": 10,
                          "value": -14
                       },
                       {
                            "ID2": 12,
                            "ID1": 10,
                          "value": -14
                       },
                       {
                            "ID2": 12,
                            "ID1": 11,
                          "value": -14
                       },
                       {
                            "ID2": 14,
                            "ID1": 13,
                          "value": -14
                       },
                       {
                            "ID2": 17,
                            "ID1": 13,
                          "value": 5.800042
                       },
                       {
                            "ID2": 18,
                            "ID1": 13,
                          "value": 5.800042
                       },
                       {
                            "ID2": 17,
                            "ID1": 14,
                          "value": 5.800042
                       },
                       {
                            "ID2": 18,
                            "ID1": 14,
                          "value": 5.800042
                       },
                       {
                            "ID2": 16,
                            "ID1": 15,
                          "value": -14
                       },
                       {
                            "ID2": 19,
                            "ID1": 15,
                          "value": 5.800042
                       },
                       {
                            "ID2": 20,
                            "ID1": 15,
                          "value": 5.800042
                       },
                       {
                            "ID2": 19,
                            "ID1": 16,
                          "value": 5.800042
                       },
                       {
                            "ID2": 20,
                            "ID1": 16,
                          "value": 5.800042
                       },
                       {
                            "ID2": 18,
                            "ID1": 17,
                          "value": -14
                       },
                       {
                            "ID2": 20,
                            "ID1": 19,
                          "value": -14
                       }
                     ],
   "chemical shift": [
                       {
                          "value": 2.1568,
                             "ID": 10
                       },
                       {
                          "value": 2.1568,
                             "ID": 11
                       },
                       {
                          "value": 2.1568,
                             "ID": 12
                       },
                       {
                          "value": 3.2267,
                             "ID": 13
                       },
                       {
                          "value": 3.2267,
                             "ID": 14
                       },
                       {
                          "value": 3.2885,
                             "ID": 15
                       },
                       {
                          "value": 3.2885,
                             "ID": 16
                       },
                       {
                          "value": 3.7804,
                             "ID": 17
                       },
                       {
                          "value": 3.7804,
                             "ID": 18
                       },
                       {
                          "value": 3.81002,
                             "ID": 19
                       },
                       {
                          "value": 3.81002,
                             "ID": 20
                       }
                     ]
}
