{
       "J-coupling": [
                       {
                            "ID2": 12,
                            "ID1": 11,
                          "value": -14
                       },
                       {
                            "ID2": 13,
                            "ID1": 11,
                          "value": -14
                       },
                       {
                            "ID2": 21,
                            "ID1": 11,
                          "value": 7.021875
                       },
                       {
                            "ID2": 13,
                            "ID1": 12,
                          "value": -14
                       },
                       {
                            "ID2": 21,
                            "ID1": 12,
                          "value": 7.021875
                       },
                       {
                            "ID2": 21,
                            "ID1": 13,
                          "value": 7.021875
                       },
                       {
                            "ID2": 15,
                            "ID1": 14,
                          "value": -14
                       },
                       {
                            "ID2": 16,
                            "ID1": 14,
                          "value": -14
                       },
                       {
                            "ID2": 21,
                            "ID1": 14,
                          "value": 7.021875
                       },
                       {
                            "ID2": 16,
                            "ID1": 15,
                          "value": -14
                       },
                       {
                            "ID2": 21,
                            "ID1": 15,
                          "value": 7.021875
                       },
                       {
                            "ID2": 21,
                            "ID1": 16,
                          "value": 7.021875
                       },
                       {
                            "ID2": 18,
                            "ID1": 17,
                          "value": 6.81
                       },
                       {
                            "ID2": 19,
                            "ID1": 17,
                          "value": 8.299842
                       },
                       {
                            "ID2": 20,
                            "ID1": 18,
                          "value": 8.299842
                       }
                     ],
   "chemical shift": [
                       {
                          "value": 1.1963,
                             "ID": 11
                       },
                       {
                          "value": 1.1963,
                             "ID": 12
                       },
                       {
                          "value": 1.1963,
                             "ID": 13
                       },
                       {
                          "value": 1.1963,
                             "ID": 14
                       },
                       {
                          "value": 1.1963,
                             "ID": 15
                       },
                       {
                          "value": 1.1963,
                             "ID": 16
                       },
                       {
                          "value": 6.98678,
                             "ID": 17
                       },
                       {
                          "value": 7.13973,
                             "ID": 18
                       },
                       {
                          "value": 6.90223,
                             "ID": 19
                       },
                       {
                          "value": 7.33365,
                             "ID": 20
                       },
                       {
                          "value": 3.213,
                             "ID": 21
                       }
                     ]
}
