{
       "J-coupling": [
                       {
                            "ID2": 15,
                            "ID1": 14,
                          "value": -14
                       },
                       {
                            "ID2": 16,
                            "ID1": 14,
                          "value": -14
                       },
                       {
                            "ID2": 16,
                            "ID1": 15,
                          "value": -14
                       },
                       {
                            "ID2": 18,
                            "ID1": 17,
                          "value": 3.465891
                       },
                       {
                            "ID2": 21,
                            "ID1": 17,
                          "value": 1.927363
                       },
                       {
                            "ID2": 20,
                            "ID1": 19,
                          "value": 4.040884
                       },
                       {
                            "ID2": 23,
                            "ID1": 22,
                          "value": -14
                       }
                     ],
   "chemical shift": [
                       {
                          "value": 2.741,
                             "ID": 14
                       },
                       {
                          "value": 2.741,
                             "ID": 15
                       },
                       {
                          "value": 2.741,
                             "ID": 16
                       },
                       {
                          "value": 6.57633,
                             "ID": 17
                       },
                       {
                          "value": 6.7387,
                             "ID": 18
                       },
                       {
                          "value": 7.231,
                             "ID": 19
                       },
                       {
                          "value": 7.3035,
                             "ID": 20
                       },
                       {
                          "value": 7.55659,
                             "ID": 21
                       },
                       {
                          "value": 4.4351,
                             "ID": 22
                       },
                       {
                          "value": 4.4351,
                             "ID": 23
                       }
                     ]
}
