{
       "J-coupling": [
                       {
                            "ID2": 16,
                            "ID1": 15,
                          "value": 7.404719
                       },
                       {
                            "ID2": 19,
                            "ID1": 15,
                          "value": 1.496504
                       },
                       {
                            "ID2": 18,
                            "ID1": 17,
                          "value": -14
                       }
                     ],
   "chemical shift": [
                       {
                          "value": 7.85962,
                             "ID": 15
                       },
                       {
                          "value": 6.78499,
                             "ID": 16
                       },
                       {
                          "value": 5.0498,
                             "ID": 17
                       },
                       {
                          "value": 5.0498,
                             "ID": 18
                       },
                       {
                          "value": 8.25951,
                             "ID": 19
                       }
                     ]
}
