{
       "J-coupling": [
                       {
                            "ID2": 16,
                            "ID1": 15,
                          "value": -14
                       },
                       {
                            "ID2": 17,
                            "ID1": 15,
                          "value": -14
                       },
                       {
                            "ID2": 17,
                            "ID1": 16,
                          "value": -14
                       },
                       {
                            "ID2": 19,
                            "ID1": 18,
                          "value": -14
                       },
                       {
                            "ID2": 20,
                            "ID1": 18,
                          "value": -14
                       },
                       {
                            "ID2": 20,
                            "ID1": 19,
                          "value": -14
                       },
                       {
                            "ID2": 22,
                            "ID1": 21,
                          "value": 1.5
                       },
                       {
                            "ID2": 23,
                            "ID1": 21,
                          "value": 9.270857
                       },
                       {
                            "ID2": 24,
                            "ID1": 22,
                          "value": 9.270857
                       },
                       {
                            "ID2": 24,
                            "ID1": 23,
                          "value": 1.5
                       }
                     ],
   "chemical shift": [
                       {
                          "value": 1.5013,
                             "ID": 15
                       },
                       {
                          "value": 1.5013,
                             "ID": 16
                       },
                       {
                          "value": 1.5013,
                             "ID": 17
                       },
                       {
                          "value": 1.5013,
                             "ID": 18
                       },
                       {
                          "value": 1.5013,
                             "ID": 19
                       },
                       {
                          "value": 1.5013,
                             "ID": 20
                       },
                       {
                          "value": 7.2996,
                             "ID": 21
                       },
                       {
                          "value": 7.2996,
                             "ID": 22
                       },
                       {
                          "value": 6.8602,
                             "ID": 23
                       },
                       {
                          "value": 6.8602,
                             "ID": 24
                       }
                     ]
}
