{
       "J-coupling": [
                       {
                            "ID2": 8,
                            "ID1": 7,
                          "value": -14
                       },
                       {
                            "ID2": 9,
                            "ID1": 7,
                          "value": 8.450332
                       },
                       {
                            "ID2": 10,
                            "ID1": 7,
                          "value": 8.450332
                       },
                       {
                            "ID2": 11,
                            "ID1": 7,
                          "value": 7.629596
                       },
                       {
                            "ID2": 12,
                            "ID1": 7,
                          "value": 7.629596
                       },
                       {
                            "ID2": 9,
                            "ID1": 8,
                          "value": 8.450332
                       },
                       {
                            "ID2": 10,
                            "ID1": 8,
                          "value": 8.450332
                       },
                       {
                            "ID2": 11,
                            "ID1": 8,
                          "value": 7.629596
                       },
                       {
                            "ID2": 12,
                            "ID1": 8,
                          "value": 7.629596
                       },
                       {
                            "ID2": 10,
                            "ID1": 9,
                          "value": -14
                       },
                       {
                            "ID2": 12,
                            "ID1": 11,
                          "value": -14
                       }
                     ],
   "chemical shift": [
                       {
                          "value": 2.1736,
                             "ID": 7
                       },
                       {
                          "value": 2.1736,
                             "ID": 8
                       },
                       {
                          "value": 2.8801,
                             "ID": 9
                       },
                       {
                          "value": 2.8801,
                             "ID": 10
                       },
                       {
                          "value": 3.6812,
                             "ID": 11
                       },
                       {
                          "value": 3.6812,
                             "ID": 12
                       }
                     ]
}
