{
       "J-coupling": [
                       {
                            "ID2": 13,
                            "ID1": 12,
                          "value": 6.007766
                       }
                     ],
   "chemical shift": [
                       {
                          "value": 7.38636,
                             "ID": 12
                       },
                       {
                          "value": 7.68528,
                             "ID": 13
                       },
                       {
                          "value": 7.81649,
                             "ID": 14
                       }
                     ]
}
