{
       "J-coupling": [
                       {
                            "ID2": 13,
                            "ID1": 12,
                          "value": 9.43145
                       },
                       {
                            "ID2": 16,
                            "ID1": 12,
                          "value": 2.65736
                       },
                       {
                            "ID2": 15,
                            "ID1": 14,
                          "value": 2.055947
                       }
                     ],
   "chemical shift": [
                       {
                          "value": 7.4356,
                             "ID": 12
                       },
                       {
                          "value": 7.89806,
                             "ID": 13
                       },
                       {
                          "value": 8.69031,
                             "ID": 14
                       },
                       {
                          "value": 8.57542,
                             "ID": 15
                       },
                       {
                          "value": 7.20315,
                             "ID": 16
                       }
                     ]
}
