{
       "J-coupling": [
                       {
                            "ID2": 16,
                            "ID1": 15,
                          "value": -14
                       },
                       {
                            "ID2": 17,
                            "ID1": 15,
                          "value": -14
                       },
                       {
                            "ID2": 17,
                            "ID1": 16,
                          "value": -14
                       },
                       {
                            "ID2": 19,
                            "ID1": 18,
                          "value": 9.225415
                       },
                       {
                            "ID2": 20,
                            "ID1": 18,
                          "value": 1.760788
                       }
                     ],
   "chemical shift": [
                       {
                          "value": 3.9355,
                             "ID": 15
                       },
                       {
                          "value": 3.9355,
                             "ID": 16
                       },
                       {
                          "value": 3.9355,
                             "ID": 17
                       },
                       {
                          "value": 7.10818,
                             "ID": 18
                       },
                       {
                          "value": 7.79597,
                             "ID": 19
                       },
                       {
                          "value": 7.36419,
                             "ID": 20
                       },
                       {
                          "value": 8.02275,
                             "ID": 21
                       }
                     ]
}
