{
       "J-coupling": [
                       {
                            "ID2": 12,
                            "ID1": 11,
                          "value": 7.372835
                       },
                       {
                            "ID2": 13,
                            "ID1": 11,
                          "value": 8.190067
                       },
                       {
                            "ID2": 14,
                            "ID1": 12,
                          "value": 8.405391
                       }
                     ],
   "chemical shift": [
                       {
                          "value": 7.37491,
                             "ID": 11
                       },
                       {
                          "value": 7.19601,
                             "ID": 12
                       },
                       {
                          "value": 7.47276,
                             "ID": 13
                       },
                       {
                          "value": 7.71573,
                             "ID": 14
                       }
                     ]
}
