{
       "J-coupling": [
                       {
                            "ID2": 14,
                            "ID1": 13,
                          "value": -10.519343
                       },
                       {
                            "ID2": 15,
                            "ID1": 13,
                          "value": 6.512807
                       },
                       {
                            "ID2": 16,
                            "ID1": 13,
                          "value": 6.512807
                       },
                       {
                            "ID2": 17,
                            "ID1": 13,
                          "value": 6.512807
                       },
                       {
                            "ID2": 18,
                            "ID1": 13,
                          "value": 6.512807
                       },
                       {
                            "ID2": 15,
                            "ID1": 14,
                          "value": 6.512807
                       },
                       {
                            "ID2": 16,
                            "ID1": 14,
                          "value": 6.512807
                       },
                       {
                            "ID2": 17,
                            "ID1": 14,
                          "value": 6.512807
                       },
                       {
                            "ID2": 18,
                            "ID1": 14,
                          "value": 6.512807
                       },
                       {
                            "ID2": 16,
                            "ID1": 15,
                          "value": -15.057235
                       },
                       {
                            "ID2": 19,
                            "ID1": 15,
                          "value": 6.512807
                       },
                       {
                            "ID2": 20,
                            "ID1": 15,
                          "value": 6.512807
                       },
                       {
                            "ID2": 19,
                            "ID1": 16,
                          "value": 6.512807
                       },
                       {
                            "ID2": 20,
                            "ID1": 16,
                          "value": 6.512807
                       },
                       {
                            "ID2": 18,
                            "ID1": 17,
                          "value": -13.987012
                       },
                       {
                            "ID2": 20,
                            "ID1": 19,
                          "value": -13.987012
                       }
                     ],
   "chemical shift": [
                       {
                          "value": 1.67634,
                             "ID": 13
                       },
                       {
                          "value": 1.64489,
                             "ID": 14
                       },
                       {
                          "value": 1.67634,
                             "ID": 15
                       },
                       {
                          "value": 1.64489,
                             "ID": 16
                       },
                       {
                          "value": 1.94069,
                             "ID": 17
                       },
                       {
                          "value": 2.13098,
                             "ID": 18
                       },
                       {
                          "value": 1.94069,
                             "ID": 19
                       },
                       {
                          "value": 2.13098,
                             "ID": 20
                       }
                     ]
}
