{
       "J-coupling": [
                       {
                            "ID2": 17,
                            "ID1": 16,
                          "value": -14
                       },
                       {
                            "ID2": 18,
                            "ID1": 16,
                          "value": -14
                       },
                       {
                            "ID2": 18,
                            "ID1": 17,
                          "value": -14
                       },
                       {
                            "ID2": 20,
                            "ID1": 19,
                          "value": -14
                       },
                       {
                            "ID2": 21,
                            "ID1": 19,
                          "value": 6.735292
                       },
                       {
                            "ID2": 22,
                            "ID1": 19,
                          "value": 6.735292
                       },
                       {
                            "ID2": 23,
                            "ID1": 19,
                          "value": 6.735292
                       },
                       {
                            "ID2": 24,
                            "ID1": 19,
                          "value": 6.735292
                       },
                       {
                            "ID2": 21,
                            "ID1": 20,
                          "value": 6.735292
                       },
                       {
                            "ID2": 22,
                            "ID1": 20,
                          "value": 6.735292
                       },
                       {
                            "ID2": 23,
                            "ID1": 20,
                          "value": 6.735292
                       },
                       {
                            "ID2": 24,
                            "ID1": 20,
                          "value": 6.735292
                       },
                       {
                            "ID2": 22,
                            "ID1": 21,
                          "value": -14
                       },
                       {
                            "ID2": 24,
                            "ID1": 23,
                          "value": -14
                       },
                       {
                            "ID2": 26,
                            "ID1": 25,
                          "value": 8.447508
                       },
                       {
                            "ID2": 27,
                            "ID1": 25,
                          "value": 1.267561
                       }
                     ],
   "chemical shift": [
                       {
                          "value": 2.19,
                             "ID": 16
                       },
                       {
                          "value": 2.19,
                             "ID": 17
                       },
                       {
                          "value": 2.19,
                             "ID": 18
                       },
                       {
                          "value": 2.1049,
                             "ID": 19
                       },
                       {
                          "value": 2.1049,
                             "ID": 20
                       },
                       {
                          "value": 2.67826,
                             "ID": 21
                       },
                       {
                          "value": 2.67826,
                             "ID": 22
                       },
                       {
                          "value": 2.9711,
                             "ID": 23
                       },
                       {
                          "value": 2.9711,
                             "ID": 24
                       },
                       {
                          "value": 7.41711,
                             "ID": 25
                       },
                       {
                          "value": 7.93316,
                             "ID": 26
                       },
                       {
                          "value": 7.51025,
                             "ID": 27
                       }
                     ]
}
