{
       "J-coupling": [
                       {
                            "ID2": 13,
                            "ID1": 12,
                          "value": -14
                       },
                       {
                            "ID2": 14,
                            "ID1": 12,
                          "value": -14
                       },
                       {
                            "ID2": 14,
                            "ID1": 13,
                          "value": -14
                       },
                       {
                            "ID2": 16,
                            "ID1": 15,
                          "value": 6.587205
                       },
                       {
                            "ID2": 17,
                            "ID1": 15,
                          "value": 7.404142
                       },
                       {
                            "ID2": 20,
                            "ID1": 16,
                          "value": 2.072553
                       },
                       {
                            "ID2": 20,
                            "ID1": 17,
                          "value": 1.322616
                       },
                       {
                            "ID2": 19,
                            "ID1": 18,
                          "value": -14
                       }
                     ],
   "chemical shift": [
                       {
                          "value": 3.8457,
                             "ID": 12
                       },
                       {
                          "value": 3.8457,
                             "ID": 13
                       },
                       {
                          "value": 3.8457,
                             "ID": 14
                       },
                       {
                          "value": 7.3888,
                             "ID": 15
                       },
                       {
                          "value": 6.9936,
                             "ID": 16
                       },
                       {
                          "value": 7.03941,
                             "ID": 17
                       },
                       {
                          "value": 3.922,
                             "ID": 18
                       },
                       {
                          "value": 3.922,
                             "ID": 19
                       },
                       {
                          "value": 7.0149,
                             "ID": 20
                       }
                     ]
}
