{
       "J-coupling": [
                       {
                            "ID2": 13,
                            "ID1": 12,
                          "value": 1.5
                       },
                       {
                            "ID2": 14,
                            "ID1": 12,
                          "value": 8.824321
                       },
                       {
                            "ID2": 15,
                            "ID1": 13,
                          "value": 8.824321
                       },
                       {
                            "ID2": 15,
                            "ID1": 14,
                          "value": 1.5
                       },
                       {
                            "ID2": 17,
                            "ID1": 16,
                          "value": 12.37
                       }
                     ],
   "chemical shift": [
                       {
                          "value": 7.6539,
                             "ID": 12
                       },
                       {
                          "value": 7.6539,
                             "ID": 13
                       },
                       {
                          "value": 7.2085,
                             "ID": 14
                       },
                       {
                          "value": 7.2085,
                             "ID": 15
                       },
                       {
                          "value": 4.0211,
                             "ID": 16
                       },
                       {
                          "value": 4.0198,
                             "ID": 17
                       }
                     ]
}
