{
       "J-coupling": [
                       {
                            "ID2": 16,
                            "ID1": 15,
                          "value": 10.663062
                       },
                       {
                            "ID2": 17,
                            "ID1": 15,
                          "value": 1.762353
                       }
                     ],
   "chemical shift": [
                       {
                          "value": 7.62482,
                             "ID": 15
                       },
                       {
                          "value": 7.31003,
                             "ID": 16
                       },
                       {
                          "value": 7.52286,
                             "ID": 17
                       },
                       {
                          "value": 6.94701,
                             "ID": 18
                       }
                     ]
}
