{
       "J-coupling": [
                       {
                            "ID2": 15,
                            "ID1": 14,
                          "value": 7.990832
                       },
                       {
                            "ID2": 16,
                            "ID1": 14,
                          "value": 8.373959
                       },
                       {
                            "ID2": 17,
                            "ID1": 14,
                          "value": 1.225819
                       },
                       {
                            "ID2": 16,
                            "ID1": 15,
                          "value": 0.723169
                       },
                       {
                            "ID2": 17,
                            "ID1": 15,
                          "value": 8.357118
                       },
                       {
                            "ID2": 19,
                            "ID1": 18,
                          "value": -14
                       }
                     ],
   "chemical shift": [
                       {
                          "value": 7.4713,
                             "ID": 14
                       },
                       {
                          "value": 7.4278,
                             "ID": 15
                       },
                       {
                          "value": 7.7972,
                             "ID": 16
                       },
                       {
                          "value": 7.97905,
                             "ID": 17
                       },
                       {
                          "value": 3.7664,
                             "ID": 18
                       },
                       {
                          "value": 3.7664,
                             "ID": 19
                       },
                       {
                          "value": 7.3652,
                             "ID": 20
                       }
                     ]
}
