{
       "J-coupling": [
                       {
                            "ID2": 15,
                            "ID1": 14,
                          "value": 8.317613
                       },
                       {
                            "ID2": 20,
                            "ID1": 14,
                          "value": 4.6564
                       },
                       {
                            "ID2": 20,
                            "ID1": 15,
                          "value": 1.5
                       },
                       {
                            "ID2": 21,
                            "ID1": 15,
                          "value": 1.489448
                       },
                       {
                            "ID2": 17,
                            "ID1": 16,
                          "value": 1.5
                       },
                       {
                            "ID2": 18,
                            "ID1": 16,
                          "value": 7.915625
                       },
                       {
                            "ID2": 19,
                            "ID1": 17,
                          "value": 7.915625
                       },
                       {
                            "ID2": 19,
                            "ID1": 18,
                          "value": 1.5
                       },
                       {
                            "ID2": 21,
                            "ID1": 20,
                          "value": 0.4
                       }
                     ],
   "chemical shift": [
                       {
                          "value": 7.50478,
                             "ID": 14
                       },
                       {
                          "value": 8.0719,
                             "ID": 15
                       },
                       {
                          "value": 7.5681,
                             "ID": 16
                       },
                       {
                          "value": 7.5681,
                             "ID": 17
                       },
                       {
                          "value": 6.9733,
                             "ID": 18
                       },
                       {
                          "value": 6.9733,
                             "ID": 19
                       },
                       {
                          "value": 8.4367,
                             "ID": 20
                       },
                       {
                          "value": 8.75514,
                             "ID": 21
                       }
                     ]
}
