{
       "J-coupling": [
                       {
                            "ID2": 17,
                            "ID1": 16,
                          "value": 6.67
                       },
                       {
                            "ID2": 18,
                            "ID1": 16,
                          "value": 6.67
                       },
                       {
                            "ID2": 18,
                            "ID1": 17,
                          "value": -14
                       },
                       {
                            "ID2": 20,
                            "ID1": 19,
                          "value": 6.81
                       },
                       {
                            "ID2": 21,
                            "ID1": 19,
                          "value": 6.81
                       },
                       {
                            "ID2": 22,
                            "ID1": 19,
                          "value": 1.5
                       },
                       {
                            "ID2": 23,
                            "ID1": 19,
                          "value": 1.5
                       },
                       {
                            "ID2": 21,
                            "ID1": 20,
                          "value": 1.5
                       },
                       {
                            "ID2": 22,
                            "ID1": 20,
                          "value": 6.55
                       },
                       {
                            "ID2": 23,
                            "ID1": 20,
                          "value": 0.5
                       },
                       {
                            "ID2": 22,
                            "ID1": 21,
                          "value": 0.5
                       },
                       {
                            "ID2": 23,
                            "ID1": 21,
                          "value": 6.55
                       },
                       {
                            "ID2": 23,
                            "ID1": 22,
                          "value": 1.5
                       },
                       {
                            "ID2": 25,
                            "ID1": 24,
                          "value": 15.39
                       },
                       {
                            "ID2": 26,
                            "ID1": 24,
                          "value": 6.82
                       },
                       {
                            "ID2": 27,
                            "ID1": 24,
                          "value": 6.82
                       },
                       {
                            "ID2": 26,
                            "ID1": 25,
                          "value": 6.82
                       },
                       {
                            "ID2": 27,
                            "ID1": 25,
                          "value": 6.82
                       },
                       {
                            "ID2": 27,
                            "ID1": 26,
                          "value": 12.21
                       }
                     ],
   "chemical shift": [
                       {
                          "value": 2.3223,
                             "ID": 16
                       },
                       {
                          "value": 2.3235,
                             "ID": 17
                       },
                       {
                          "value": 2.3235,
                             "ID": 18
                       },
                       {
                          "value": 5.6572,
                             "ID": 19
                       },
                       {
                          "value": 6.6326,
                             "ID": 20
                       },
                       {
                          "value": 6.6326,
                             "ID": 21
                       },
                       {
                          "value": 7.4817,
                             "ID": 22
                       },
                       {
                          "value": 7.4817,
                             "ID": 23
                       },
                       {
                          "value": 2.908,
                             "ID": 24
                       },
                       {
                          "value": 2.912,
                             "ID": 25
                       },
                       {
                          "value": 3.9539,
                             "ID": 26
                       },
                       {
                          "value": 3.973,
                             "ID": 27
                       }
                     ]
}
