{
       "J-coupling": [
                       {
                            "ID2": 18,
                            "ID1": 17,
                          "value": 7.341922
                       },
                       {
                            "ID2": 21,
                            "ID1": 17,
                          "value": 7.341922
                       },
                       {
                            "ID2": 20,
                            "ID1": 19,
                          "value": -14
                       },
                       {
                            "ID2": 22,
                            "ID1": 19,
                          "value": 6.720216
                       },
                       {
                            "ID2": 23,
                            "ID1": 19,
                          "value": 6.720216
                       },
                       {
                            "ID2": 22,
                            "ID1": 20,
                          "value": 6.720216
                       },
                       {
                            "ID2": 23,
                            "ID1": 20,
                          "value": 6.720216
                       },
                       {
                            "ID2": 23,
                            "ID1": 22,
                          "value": -14
                       }
                     ],
   "chemical shift": [
                       {
                          "value": 6.5762,
                             "ID": 17
                       },
                       {
                          "value": 7.9549,
                             "ID": 18
                       },
                       {
                          "value": 3.11302,
                             "ID": 19
                       },
                       {
                          "value": 3.11302,
                             "ID": 20
                       },
                       {
                          "value": 8.0458,
                             "ID": 21
                       },
                       {
                          "value": 4.46422,
                             "ID": 22
                       },
                       {
                          "value": 4.46422,
                             "ID": 23
                       }
                     ]
}
