{
       "J-coupling": [
                       {
                            "ID2": 9,
                            "ID1": 8,
                          "value": -14
                       },
                       {
                            "ID2": 10,
                            "ID1": 8,
                          "value": 5.678541
                       },
                       {
                            "ID2": 11,
                            "ID1": 8,
                          "value": 5.678541
                       },
                       {
                            "ID2": 10,
                            "ID1": 9,
                          "value": 5.678541
                       },
                       {
                            "ID2": 11,
                            "ID1": 9,
                          "value": 5.678541
                       },
                       {
                            "ID2": 11,
                            "ID1": 10,
                          "value": -14
                       },
                       {
                            "ID2": 13,
                            "ID1": 12,
                          "value": -14
                       }
                     ],
   "chemical shift": [
                       {
                          "value": 3.0443,
                             "ID": 8
                       },
                       {
                          "value": 3.0443,
                             "ID": 9
                       },
                       {
                          "value": 3.3877,
                             "ID": 10
                       },
                       {
                          "value": 3.3877,
                             "ID": 11
                       },
                       {
                          "value": 3.4813,
                             "ID": 12
                       },
                       {
                          "value": 3.4813,
                             "ID": 13
                       }
                     ]
}
