{
       "J-coupling": [
                       {
                            "ID2": 14,
                            "ID1": 13,
                          "value": -14
                       },
                       {
                            "ID2": 15,
                            "ID1": 13,
                          "value": -14
                       },
                       {
                            "ID2": 15,
                            "ID1": 14,
                          "value": -14
                       },
                       {
                            "ID2": 17,
                            "ID1": 16,
                          "value": 9.361817
                       },
                       {
                            "ID2": 18,
                            "ID1": 16,
                          "value": 8.157569
                       },
                       {
                            "ID2": 19,
                            "ID1": 17,
                          "value": 8.241988
                       }
                     ],
   "chemical shift": [
                       {
                          "value": 3.9906,
                             "ID": 13
                       },
                       {
                          "value": 3.9906,
                             "ID": 14
                       },
                       {
                          "value": 3.9906,
                             "ID": 15
                       },
                       {
                          "value": 7.79983,
                             "ID": 16
                       },
                       {
                          "value": 7.82529,
                             "ID": 17
                       },
                       {
                          "value": 7.96047,
                             "ID": 18
                       },
                       {
                          "value": 8.18194,
                             "ID": 19
                       }
                     ]
}
