{
       "J-coupling": [
                       {
                            "ID2": 16,
                            "ID1": 15,
                          "value": 7.897807
                       },
                       {
                            "ID2": 17,
                            "ID1": 15,
                          "value": 7.897807
                       },
                       {
                            "ID2": 17,
                            "ID1": 16,
                          "value": 1.5
                       },
                       {
                            "ID2": 18,
                            "ID1": 16,
                          "value": 7.897807
                       },
                       {
                            "ID2": 19,
                            "ID1": 17,
                          "value": 7.897807
                       },
                       {
                            "ID2": 19,
                            "ID1": 18,
                          "value": 1.5
                       },
                       {
                            "ID2": 21,
                            "ID1": 20,
                          "value": 1.5
                       },
                       {
                            "ID2": 22,
                            "ID1": 20,
                          "value": 5.74684
                       },
                       {
                            "ID2": 23,
                            "ID1": 21,
                          "value": 5.74684
                       },
                       {
                            "ID2": 23,
                            "ID1": 22,
                          "value": 1.5
                       }
                     ],
   "chemical shift": [
                       {
                          "value": 7.7735,
                             "ID": 15
                       },
                       {
                          "value": 7.6062,
                             "ID": 16
                       },
                       {
                          "value": 7.6062,
                             "ID": 17
                       },
                       {
                          "value": 7.8669,
                             "ID": 18
                       },
                       {
                          "value": 7.8669,
                             "ID": 19
                       },
                       {
                          "value": 7.72246,
                             "ID": 20
                       },
                       {
                          "value": 7.72246,
                             "ID": 21
                       },
                       {
                          "value": 8.7538,
                             "ID": 22
                       },
                       {
                          "value": 8.7538,
                             "ID": 23
                       }
                     ]
}
