{
       "J-coupling": [
                       {
                            "ID2": 16,
                            "ID1": 15,
                          "value": 1.5
                       },
                       {
                            "ID2": 17,
                            "ID1": 15,
                          "value": 7.324681
                       },
                       {
                            "ID2": 18,
                            "ID1": 16,
                          "value": 7.324681
                       },
                       {
                            "ID2": 18,
                            "ID1": 17,
                          "value": 1.5
                       },
                       {
                            "ID2": 20,
                            "ID1": 19,
                          "value": -14
                       },
                       {
                            "ID2": 21,
                            "ID1": 19,
                          "value": 7.374794
                       },
                       {
                            "ID2": 22,
                            "ID1": 19,
                          "value": 7.374794
                       },
                       {
                            "ID2": 21,
                            "ID1": 20,
                          "value": 7.374794
                       },
                       {
                            "ID2": 22,
                            "ID1": 20,
                          "value": 7.374794
                       },
                       {
                            "ID2": 22,
                            "ID1": 21,
                          "value": -14
                       }
                     ],
   "chemical shift": [
                       {
                          "value": 7.27041,
                             "ID": 15
                       },
                       {
                          "value": 7.27041,
                             "ID": 16
                       },
                       {
                          "value": 7.36294,
                             "ID": 17
                       },
                       {
                          "value": 7.36294,
                             "ID": 18
                       },
                       {
                          "value": 2.90113,
                             "ID": 19
                       },
                       {
                          "value": 2.90113,
                             "ID": 20
                       },
                       {
                          "value": 3.77188,
                             "ID": 21
                       },
                       {
                          "value": 3.77188,
                             "ID": 22
                       }
                     ]
}
