{
       "J-coupling": [
                       {
                            "ID2": 12,
                            "ID1": 11,
                          "value": 4.42575
                       }
                     ],
   "chemical shift": [
                       {
                          "value": 7.09432,
                             "ID": 11
                       },
                       {
                          "value": 7.53012,
                             "ID": 12
                       }
                     ]
}
