{
       "J-coupling": [
                       {
                            "ID2": 17,
                            "ID1": 16,
                          "value": 8.635739
                       },
                       {
                            "ID2": 22,
                            "ID1": 16,
                          "value": 5.071843
                       },
                       {
                            "ID2": 23,
                            "ID1": 16,
                          "value": 1.183949
                       },
                       {
                            "ID2": 22,
                            "ID1": 17,
                          "value": 1.593827
                       },
                       {
                            "ID2": 23,
                            "ID1": 17,
                          "value": 1.643211
                       },
                       {
                            "ID2": 19,
                            "ID1": 18,
                          "value": 1.5
                       },
                       {
                            "ID2": 20,
                            "ID1": 18,
                          "value": 8.557396
                       },
                       {
                            "ID2": 21,
                            "ID1": 19,
                          "value": 8.557396
                       },
                       {
                            "ID2": 21,
                            "ID1": 20,
                          "value": 1.5
                       }
                     ],
   "chemical shift": [
                       {
                          "value": 7.56917,
                             "ID": 16
                       },
                       {
                          "value": 8.182,
                             "ID": 17
                       },
                       {
                          "value": 7.77795,
                             "ID": 18
                       },
                       {
                          "value": 7.77795,
                             "ID": 19
                       },
                       {
                          "value": 7.98439,
                             "ID": 20
                       },
                       {
                          "value": 7.98439,
                             "ID": 21
                       },
                       {
                          "value": 8.5387,
                             "ID": 22
                       },
                       {
                          "value": 8.855,
                             "ID": 23
                       }
                     ]
}
