{
       "J-coupling": [
                       {
                            "ID2": 14,
                            "ID1": 13,
                          "value": -14
                       },
                       {
                            "ID2": 15,
                            "ID1": 13,
                          "value": -14
                       },
                       {
                            "ID2": 15,
                            "ID1": 14,
                          "value": -14
                       },
                       {
                            "ID2": 17,
                            "ID1": 16,
                          "value": 7.941648
                       },
                       {
                            "ID2": 18,
                            "ID1": 16,
                          "value": 1.53398
                       }
                     ],
   "chemical shift": [
                       {
                          "value": 2.749,
                             "ID": 13
                       },
                       {
                          "value": 2.749,
                             "ID": 14
                       },
                       {
                          "value": 2.749,
                             "ID": 15
                       },
                       {
                          "value": 6.98527,
                             "ID": 16
                       },
                       {
                          "value": 7.64312,
                             "ID": 17
                       },
                       {
                          "value": 7.3002,
                             "ID": 18
                       }
                     ]
}
