{
       "J-coupling": [
                       {
                            "ID2": 13,
                            "ID1": 12,
                          "value": -14
                       },
                       {
                            "ID2": 14,
                            "ID1": 12,
                          "value": -14
                       },
                       {
                            "ID2": 14,
                            "ID1": 13,
                          "value": -14
                       },
                       {
                            "ID2": 16,
                            "ID1": 15,
                          "value": -14
                       },
                       {
                            "ID2": 17,
                            "ID1": 15,
                          "value": -14
                       },
                       {
                            "ID2": 17,
                            "ID1": 16,
                          "value": -14
                       },
                       {
                            "ID2": 19,
                            "ID1": 18,
                          "value": 8.803304
                       },
                       {
                            "ID2": 20,
                            "ID1": 19,
                          "value": 1.711463
                       }
                     ],
   "chemical shift": [
                       {
                          "value": 2.3206,
                             "ID": 12
                       },
                       {
                          "value": 2.3206,
                             "ID": 13
                       },
                       {
                          "value": 2.3206,
                             "ID": 14
                       },
                       {
                          "value": 2.3147,
                             "ID": 15
                       },
                       {
                          "value": 2.3147,
                             "ID": 16
                       },
                       {
                          "value": 2.3147,
                             "ID": 17
                       },
                       {
                          "value": 7.5661,
                             "ID": 18
                       },
                       {
                          "value": 7.3197,
                             "ID": 19
                       },
                       {
                          "value": 7.6252,
                             "ID": 20
                       }
                     ]
}
