{
       "J-coupling": [
                       {
                            "ID2": 10,
                            "ID1": 9,
                          "value": 3.65368
                       },
                       {
                            "ID2": 15,
                            "ID1": 9,
                          "value": 5.342661
                       },
                       {
                            "ID2": 15,
                            "ID1": 10,
                          "value": 1
                       },
                       {
                            "ID2": 12,
                            "ID1": 11,
                          "value": -14
                       },
                       {
                            "ID2": 13,
                            "ID1": 11,
                          "value": 6.675808
                       },
                       {
                            "ID2": 14,
                            "ID1": 11,
                          "value": 6.675808
                       },
                       {
                            "ID2": 13,
                            "ID1": 12,
                          "value": 6.675808
                       },
                       {
                            "ID2": 14,
                            "ID1": 12,
                          "value": 6.675808
                       },
                       {
                            "ID2": 14,
                            "ID1": 13,
                          "value": -14
                       }
                     ],
   "chemical shift": [
                       {
                          "value": 7.0191,
                             "ID": 9
                       },
                       {
                          "value": 6.95017,
                             "ID": 10
                       },
                       {
                          "value": 3.06856,
                             "ID": 11
                       },
                       {
                          "value": 3.06856,
                             "ID": 12
                       },
                       {
                          "value": 3.83162,
                             "ID": 13
                       },
                       {
                          "value": 3.83162,
                             "ID": 14
                       },
                       {
                          "value": 7.2964,
                             "ID": 15
                       }
                     ]
}
