{
       "J-coupling": [
                       {
                            "ID2": 16,
                            "ID1": 15,
                          "value": -14
                       },
                       {
                            "ID2": 17,
                            "ID1": 15,
                          "value": -14
                       },
                       {
                            "ID2": 17,
                            "ID1": 16,
                          "value": -14
                       },
                       {
                            "ID2": 19,
                            "ID1": 18,
                          "value": -14
                       },
                       {
                            "ID2": 20,
                            "ID1": 18,
                          "value": -14
                       },
                       {
                            "ID2": 20,
                            "ID1": 19,
                          "value": -14
                       },
                       {
                            "ID2": 22,
                            "ID1": 21,
                          "value": 1.5
                       },
                       {
                            "ID2": 23,
                            "ID1": 21,
                          "value": 8.771974
                       },
                       {
                            "ID2": 24,
                            "ID1": 22,
                          "value": 8.771974
                       },
                       {
                            "ID2": 24,
                            "ID1": 23,
                          "value": 1.5
                       },
                       {
                            "ID2": 26,
                            "ID1": 25,
                          "value": -14
                       },
                       {
                            "ID2": 27,
                            "ID1": 25,
                          "value": 4.704634
                       },
                       {
                            "ID2": 28,
                            "ID1": 25,
                          "value": 4.704634
                       },
                       {
                            "ID2": 27,
                            "ID1": 26,
                          "value": 4.704634
                       },
                       {
                            "ID2": 28,
                            "ID1": 26,
                          "value": 4.704634
                       },
                       {
                            "ID2": 28,
                            "ID1": 27,
                          "value": -14
                       },
                       {
                            "ID2": 30,
                            "ID1": 29,
                          "value": -14
                       }
                     ],
   "chemical shift": [
                       {
                          "value": 2.95851,
                             "ID": 15
                       },
                       {
                          "value": 2.95851,
                             "ID": 16
                       },
                       {
                          "value": 2.95851,
                             "ID": 17
                       },
                       {
                          "value": 2.95851,
                             "ID": 18
                       },
                       {
                          "value": 2.95851,
                             "ID": 19
                       },
                       {
                          "value": 2.95851,
                             "ID": 20
                       },
                       {
                          "value": 7.08465,
                             "ID": 21
                       },
                       {
                          "value": 7.08465,
                             "ID": 22
                       },
                       {
                          "value": 7.43041,
                             "ID": 23
                       },
                       {
                          "value": 7.43041,
                             "ID": 24
                       },
                       {
                          "value": 3.59371,
                             "ID": 25
                       },
                       {
                          "value": 3.59371,
                             "ID": 26
                       },
                       {
                          "value": 4.39516,
                             "ID": 27
                       },
                       {
                          "value": 4.39516,
                             "ID": 28
                       },
                       {
                          "value": 4.1363,
                             "ID": 29
                       },
                       {
                          "value": 4.1363,
                             "ID": 30
                       }
                     ]
}
