{
       "J-coupling": [
                       {
                            "ID2": 17,
                            "ID1": 16,
                          "value": 1.5
                       },
                       {
                            "ID2": 18,
                            "ID1": 16,
                          "value": 8.25775
                       },
                       {
                            "ID2": 19,
                            "ID1": 17,
                          "value": 8.25775
                       },
                       {
                            "ID2": 19,
                            "ID1": 18,
                          "value": 1.5
                       },
                       {
                            "ID2": 21,
                            "ID1": 20,
                          "value": -14
                       }
                     ],
   "chemical shift": [
                       {
                          "value": 7.3343,
                             "ID": 16
                       },
                       {
                          "value": 7.3343,
                             "ID": 17
                       },
                       {
                          "value": 7.2764,
                             "ID": 18
                       },
                       {
                          "value": 7.2764,
                             "ID": 19
                       },
                       {
                          "value": 3.5363,
                             "ID": 20
                       },
                       {
                          "value": 3.5363,
                             "ID": 21
                       }
                     ]
}
