{
       "J-coupling": [
                       {
                            "ID2": 15,
                            "ID1": 14,
                          "value": -14
                       },
                       {
                            "ID2": 16,
                            "ID1": 14,
                          "value": -14
                       },
                       {
                            "ID2": 16,
                            "ID1": 15,
                          "value": -14
                       },
                       {
                            "ID2": 18,
                            "ID1": 17,
                          "value": 8.290963
                       },
                       {
                            "ID2": 19,
                            "ID1": 17,
                          "value": 8.290963
                       },
                       {
                            "ID2": 19,
                            "ID1": 18,
                          "value": 1.5
                       },
                       {
                            "ID2": 22,
                            "ID1": 18,
                          "value": 1.50047
                       },
                       {
                            "ID2": 22,
                            "ID1": 19,
                          "value": 1.505298
                       },
                       {
                            "ID2": 21,
                            "ID1": 20,
                          "value": 0.08
                       }
                     ],
   "chemical shift": [
                       {
                          "value": 2.41905,
                             "ID": 14
                       },
                       {
                          "value": 2.41905,
                             "ID": 15
                       },
                       {
                          "value": 2.41905,
                             "ID": 16
                       },
                       {
                          "value": 7.3712,
                             "ID": 17
                       },
                       {
                          "value": 6.96249,
                             "ID": 18
                       },
                       {
                          "value": 6.85417,
                             "ID": 19
                       },
                       {
                          "value": 7.3206,
                             "ID": 20
                       },
                       {
                          "value": 7.1833,
                             "ID": 21
                       },
                       {
                          "value": 6.85163,
                             "ID": 22
                       }
                     ]
}
