{
       "J-coupling": [
                       {
                            "ID2": 13,
                            "ID1": 12,
                          "value": -14
                       },
                       {
                            "ID2": 14,
                            "ID1": 12,
                          "value": -14
                       },
                       {
                            "ID2": 14,
                            "ID1": 13,
                          "value": -14
                       },
                       {
                            "ID2": 16,
                            "ID1": 15,
                          "value": 8.249066
                       },
                       {
                            "ID2": 17,
                            "ID1": 15,
                          "value": 8.249066
                       },
                       {
                            "ID2": 22,
                            "ID1": 16,
                          "value": 1.626748
                       },
                       {
                            "ID2": 22,
                            "ID1": 17,
                          "value": 2.395376
                       },
                       {
                            "ID2": 19,
                            "ID1": 18,
                          "value": -14
                       },
                       {
                            "ID2": 20,
                            "ID1": 18,
                          "value": 7.03498
                       },
                       {
                            "ID2": 21,
                            "ID1": 18,
                          "value": 7.03498
                       },
                       {
                            "ID2": 20,
                            "ID1": 19,
                          "value": 7.03498
                       },
                       {
                            "ID2": 21,
                            "ID1": 19,
                          "value": 7.03498
                       },
                       {
                            "ID2": 21,
                            "ID1": 20,
                          "value": -14
                       }
                     ],
   "chemical shift": [
                       {
                          "value": 3.8299,
                             "ID": 12
                       },
                       {
                          "value": 3.8299,
                             "ID": 13
                       },
                       {
                          "value": 3.8299,
                             "ID": 14
                       },
                       {
                          "value": 7.3186,
                             "ID": 15
                       },
                       {
                          "value": 6.9425,
                             "ID": 16
                       },
                       {
                          "value": 6.89286,
                             "ID": 17
                       },
                       {
                          "value": 2.8428,
                             "ID": 18
                       },
                       {
                          "value": 2.8428,
                             "ID": 19
                       },
                       {
                          "value": 3.8299,
                             "ID": 20
                       },
                       {
                          "value": 3.8299,
                             "ID": 21
                       },
                       {
                          "value": 6.91898,
                             "ID": 22
                       }
                     ]
}
