{
       "J-coupling": [
                       {
                            "ID2": 14,
                            "ID1": 13,
                          "value": -14
                       },
                       {
                            "ID2": 15,
                            "ID1": 13,
                          "value": -14
                       },
                       {
                            "ID2": 15,
                            "ID1": 14,
                          "value": -14
                       },
                       {
                            "ID2": 17,
                            "ID1": 16,
                          "value": -14
                       },
                       {
                            "ID2": 18,
                            "ID1": 16,
                          "value": 5.837168
                       },
                       {
                            "ID2": 19,
                            "ID1": 16,
                          "value": 5.758095
                       },
                       {
                            "ID2": 18,
                            "ID1": 17,
                          "value": 6.618546
                       },
                       {
                            "ID2": 19,
                            "ID1": 17,
                          "value": 6.536975
                       },
                       {
                            "ID2": 19,
                            "ID1": 18,
                          "value": -14
                       },
                       {
                            "ID2": 21,
                            "ID1": 20,
                          "value": -14
                       }
                     ],
   "chemical shift": [
                       {
                          "value": 2.6973,
                             "ID": 13
                       },
                       {
                          "value": 2.6973,
                             "ID": 14
                       },
                       {
                          "value": 2.6973,
                             "ID": 15
                       },
                       {
                          "value": 4.3051,
                             "ID": 16
                       },
                       {
                          "value": 4.3051,
                             "ID": 17
                       },
                       {
                          "value": 4.2671,
                             "ID": 18
                       },
                       {
                          "value": 4.2671,
                             "ID": 19
                       },
                       {
                          "value": 4.2565,
                             "ID": 20
                       },
                       {
                          "value": 4.2565,
                             "ID": 21
                       },
                       {
                          "value": 6.61745,
                             "ID": 22
                       }
                     ]
}
