{
       "J-coupling": [
                       {
                            "ID2": 18,
                            "ID1": 17,
                          "value": 7.91995
                       },
                       {
                            "ID2": 19,
                            "ID1": 17,
                          "value": 7.91995
                       },
                       {
                            "ID2": 19,
                            "ID1": 18,
                          "value": 1.5
                       },
                       {
                            "ID2": 20,
                            "ID1": 18,
                          "value": 8.688185
                       },
                       {
                            "ID2": 21,
                            "ID1": 19,
                          "value": 8.688185
                       },
                       {
                            "ID2": 21,
                            "ID1": 20,
                          "value": 1.5
                       },
                       {
                            "ID2": 23,
                            "ID1": 22,
                          "value": 1.5
                       },
                       {
                            "ID2": 24,
                            "ID1": 22,
                          "value": 8.979709
                       },
                       {
                            "ID2": 25,
                            "ID1": 23,
                          "value": 8.979709
                       },
                       {
                            "ID2": 25,
                            "ID1": 24,
                          "value": 1.5
                       }
                     ],
   "chemical shift": [
                       {
                          "value": 7.2587,
                             "ID": 17
                       },
                       {
                          "value": 7.4641,
                             "ID": 18
                       },
                       {
                          "value": 7.4641,
                             "ID": 19
                       },
                       {
                          "value": 7.1418,
                             "ID": 20
                       },
                       {
                          "value": 7.1418,
                             "ID": 21
                       },
                       {
                          "value": 7.869,
                             "ID": 22
                       },
                       {
                          "value": 7.869,
                             "ID": 23
                       },
                       {
                          "value": 7.0635,
                             "ID": 24
                       },
                       {
                          "value": 7.0635,
                             "ID": 25
                       }
                     ]
}
