{
       "J-coupling": [
                       {
                            "ID2": 10,
                            "ID1": 9,
                          "value": -14
                       },
                       {
                            "ID2": 11,
                            "ID1": 9,
                          "value": -14
                       },
                       {
                            "ID2": 11,
                            "ID1": 10,
                          "value": -14
                       },
                       {
                            "ID2": 13,
                            "ID1": 12,
                          "value": 7.619286
                       },
                       {
                            "ID2": 14,
                            "ID1": 12,
                          "value": 7.619286
                       },
                       {
                            "ID2": 14,
                            "ID1": 13,
                          "value": 1.5
                       },
                       {
                            "ID2": 15,
                            "ID1": 13,
                          "value": 8.102906
                       },
                       {
                            "ID2": 16,
                            "ID1": 14,
                          "value": 8.102906
                       },
                       {
                            "ID2": 16,
                            "ID1": 15,
                          "value": 1.5
                       }
                     ],
   "chemical shift": [
                       {
                          "value": 2.7384,
                             "ID": 9
                       },
                       {
                          "value": 2.7384,
                             "ID": 10
                       },
                       {
                          "value": 2.7384,
                             "ID": 11
                       },
                       {
                          "value": 6.8725,
                             "ID": 12
                       },
                       {
                          "value": 7.2931,
                             "ID": 13
                       },
                       {
                          "value": 7.2931,
                             "ID": 14
                       },
                       {
                          "value": 6.8496,
                             "ID": 15
                       },
                       {
                          "value": 6.8496,
                             "ID": 16
                       }
                     ]
}
