{
       "J-coupling": [
                       {
                            "ID2": 14,
                            "ID1": 13,
                          "value": -14
                       },
                       {
                            "ID2": 15,
                            "ID1": 13,
                          "value": -14
                       },
                       {
                            "ID2": 15,
                            "ID1": 14,
                          "value": -14
                       },
                       {
                            "ID2": 17,
                            "ID1": 16,
                          "value": 9.272662
                       },
                       {
                            "ID2": 18,
                            "ID1": 16,
                          "value": 1.416857
                       }
                     ],
   "chemical shift": [
                       {
                          "value": 3.9524,
                             "ID": 13
                       },
                       {
                          "value": 3.9524,
                             "ID": 14
                       },
                       {
                          "value": 3.9524,
                             "ID": 15
                       },
                       {
                          "value": 7.53371,
                             "ID": 16
                       },
                       {
                          "value": 7.00036,
                             "ID": 17
                       },
                       {
                          "value": 7.92732,
                             "ID": 18
                       }
                     ]
}
