{
       "J-coupling": [
                       {
                            "ID2": 14,
                            "ID1": 13,
                          "value": -14
                       },
                       {
                            "ID2": 15,
                            "ID1": 13,
                          "value": 6.480138
                       },
                       {
                            "ID2": 16,
                            "ID1": 13,
                          "value": 6.480138
                       },
                       {
                            "ID2": 17,
                            "ID1": 13,
                          "value": 6.914375
                       },
                       {
                            "ID2": 18,
                            "ID1": 13,
                          "value": 6.914375
                       },
                       {
                            "ID2": 15,
                            "ID1": 14,
                          "value": 6.480138
                       },
                       {
                            "ID2": 16,
                            "ID1": 14,
                          "value": 6.480138
                       },
                       {
                            "ID2": 17,
                            "ID1": 14,
                          "value": 6.914375
                       },
                       {
                            "ID2": 18,
                            "ID1": 14,
                          "value": 6.914375
                       },
                       {
                            "ID2": 16,
                            "ID1": 15,
                          "value": -14
                       },
                       {
                            "ID2": 19,
                            "ID1": 15,
                          "value": 6.914375
                       },
                       {
                            "ID2": 20,
                            "ID1": 15,
                          "value": 6.914375
                       },
                       {
                            "ID2": 19,
                            "ID1": 16,
                          "value": 6.914375
                       },
                       {
                            "ID2": 20,
                            "ID1": 16,
                          "value": 6.914375
                       },
                       {
                            "ID2": 18,
                            "ID1": 17,
                          "value": -14
                       },
                       {
                            "ID2": 20,
                            "ID1": 19,
                          "value": -14
                       }
                     ],
   "chemical shift": [
                       {
                          "value": 1.68783,
                             "ID": 13
                       },
                       {
                          "value": 1.68783,
                             "ID": 14
                       },
                       {
                          "value": 1.71958,
                             "ID": 15
                       },
                       {
                          "value": 1.71958,
                             "ID": 16
                       },
                       {
                          "value": 2.6844,
                             "ID": 17
                       },
                       {
                          "value": 2.6844,
                             "ID": 18
                       },
                       {
                          "value": 2.9229,
                             "ID": 19
                       },
                       {
                          "value": 2.9229,
                             "ID": 20
                       },
                       {
                          "value": 7.10547,
                             "ID": 21
                       }
                     ]
}
