{
       "J-coupling": [
                       {
                            "ID2": 16,
                            "ID1": 15,
                          "value": -14
                       },
                       {
                            "ID2": 17,
                            "ID1": 15,
                          "value": -14
                       },
                       {
                            "ID2": 24,
                            "ID1": 15,
                          "value": 7.445039
                       },
                       {
                            "ID2": 25,
                            "ID1": 15,
                          "value": 7.445039
                       },
                       {
                            "ID2": 17,
                            "ID1": 16,
                          "value": -14
                       },
                       {
                            "ID2": 24,
                            "ID1": 16,
                          "value": 7.445039
                       },
                       {
                            "ID2": 25,
                            "ID1": 16,
                          "value": 7.445039
                       },
                       {
                            "ID2": 24,
                            "ID1": 17,
                          "value": 7.445039
                       },
                       {
                            "ID2": 25,
                            "ID1": 17,
                          "value": 7.445039
                       },
                       {
                            "ID2": 19,
                            "ID1": 18,
                          "value": -14
                       },
                       {
                            "ID2": 20,
                            "ID1": 18,
                          "value": -14
                       },
                       {
                            "ID2": 20,
                            "ID1": 19,
                          "value": -14
                       },
                       {
                            "ID2": 22,
                            "ID1": 21,
                          "value": -14
                       },
                       {
                            "ID2": 23,
                            "ID1": 21,
                          "value": -14
                       },
                       {
                            "ID2": 23,
                            "ID1": 22,
                          "value": -14
                       },
                       {
                            "ID2": 25,
                            "ID1": 24,
                          "value": -14
                       },
                       {
                            "ID2": 27,
                            "ID1": 26,
                          "value": 8.444607
                       },
                       {
                            "ID2": 28,
                            "ID1": 27,
                          "value": 1.437891
                       }
                     ],
   "chemical shift": [
                       {
                          "value": 1.2289,
                             "ID": 15
                       },
                       {
                          "value": 1.2289,
                             "ID": 16
                       },
                       {
                          "value": 1.2289,
                             "ID": 17
                       },
                       {
                          "value": 2.1287,
                             "ID": 18
                       },
                       {
                          "value": 2.1287,
                             "ID": 19
                       },
                       {
                          "value": 2.1287,
                             "ID": 20
                       },
                       {
                          "value": 2.1437,
                             "ID": 21
                       },
                       {
                          "value": 2.1437,
                             "ID": 22
                       },
                       {
                          "value": 2.1437,
                             "ID": 23
                       },
                       {
                          "value": 3.14097,
                             "ID": 24
                       },
                       {
                          "value": 3.14097,
                             "ID": 25
                       },
                       {
                          "value": 7.1232,
                             "ID": 26
                       },
                       {
                          "value": 6.7684,
                             "ID": 27
                       },
                       {
                          "value": 6.8721,
                             "ID": 28
                       }
                     ]
}
