{
       "J-coupling": [
                       {
                            "ID2": 19,
                            "ID1": 18,
                          "value": 7.97094
                       },
                       {
                            "ID2": 20,
                            "ID1": 18,
                          "value": 7.97094
                       },
                       {
                            "ID2": 20,
                            "ID1": 19,
                          "value": 1.5
                       },
                       {
                            "ID2": 21,
                            "ID1": 19,
                          "value": 7.843152
                       },
                       {
                            "ID2": 22,
                            "ID1": 20,
                          "value": 7.843152
                       },
                       {
                            "ID2": 22,
                            "ID1": 21,
                          "value": 1.5
                       },
                       {
                            "ID2": 24,
                            "ID1": 23,
                          "value": 1.5
                       },
                       {
                            "ID2": 25,
                            "ID1": 23,
                          "value": 9.323595
                       },
                       {
                            "ID2": 26,
                            "ID1": 24,
                          "value": 9.323595
                       },
                       {
                            "ID2": 26,
                            "ID1": 25,
                          "value": 1.5
                       },
                       {
                            "ID2": 28,
                            "ID1": 27,
                          "value": -14
                       }
                     ],
   "chemical shift": [
                       {
                          "value": 7.41688,
                             "ID": 18
                       },
                       {
                          "value": 7.4614,
                             "ID": 19
                       },
                       {
                          "value": 7.4614,
                             "ID": 20
                       },
                       {
                          "value": 7.5201,
                             "ID": 21
                       },
                       {
                          "value": 7.5201,
                             "ID": 22
                       },
                       {
                          "value": 7.08201,
                             "ID": 23
                       },
                       {
                          "value": 7.08201,
                             "ID": 24
                       },
                       {
                          "value": 7.84017,
                             "ID": 25
                       },
                       {
                          "value": 7.84017,
                             "ID": 26
                       },
                       {
                          "value": 5.2294,
                             "ID": 27
                       },
                       {
                          "value": 5.2294,
                             "ID": 28
                       }
                     ]
}
