{
       "J-coupling": [
                       {
                            "ID2": 12,
                            "ID1": 11,
                          "value": 8.246724
                       },
                       {
                            "ID2": 13,
                            "ID1": 11,
                          "value": 7.803847
                       },
                       {
                            "ID2": 14,
                            "ID1": 11,
                          "value": 1.386387
                       },
                       {
                            "ID2": 13,
                            "ID1": 12,
                          "value": 1.22169
                       },
                       {
                            "ID2": 14,
                            "ID1": 12,
                          "value": 8.077868
                       },
                       {
                            "ID2": 16,
                            "ID1": 15,
                          "value": -14
                       }
                     ],
   "chemical shift": [
                       {
                          "value": 7.81245,
                             "ID": 11
                       },
                       {
                          "value": 7.62481,
                             "ID": 12
                       },
                       {
                          "value": 7.65542,
                             "ID": 13
                       },
                       {
                          "value": 7.92092,
                             "ID": 14
                       },
                       {
                          "value": 5.4769,
                             "ID": 15
                       },
                       {
                          "value": 5.4769,
                             "ID": 16
                       }
                     ]
}
