{
       "J-coupling": [
                       {
                            "ID2": 16,
                            "ID1": 15,
                          "value": -14
                       },
                       {
                            "ID2": 17,
                            "ID1": 15,
                          "value": -14
                       },
                       {
                            "ID2": 17,
                            "ID1": 16,
                          "value": -14
                       },
                       {
                            "ID2": 19,
                            "ID1": 18,
                          "value": -14
                       },
                       {
                            "ID2": 22,
                            "ID1": 18,
                          "value": 5.8705
                       },
                       {
                            "ID2": 23,
                            "ID1": 18,
                          "value": 5.8705
                       },
                       {
                            "ID2": 22,
                            "ID1": 19,
                          "value": 5.8705
                       },
                       {
                            "ID2": 23,
                            "ID1": 19,
                          "value": 5.8705
                       },
                       {
                            "ID2": 21,
                            "ID1": 20,
                          "value": 8.872153
                       },
                       {
                            "ID2": 24,
                            "ID1": 20,
                          "value": 1.589938
                       },
                       {
                            "ID2": 23,
                            "ID1": 22,
                          "value": -14
                       }
                     ],
   "chemical shift": [
                       {
                          "value": 2.2073,
                             "ID": 15
                       },
                       {
                          "value": 2.2073,
                             "ID": 16
                       },
                       {
                          "value": 2.2073,
                             "ID": 17
                       },
                       {
                          "value": 3.1725,
                             "ID": 18
                       },
                       {
                          "value": 3.1725,
                             "ID": 19
                       },
                       {
                          "value": 7.45454,
                             "ID": 20
                       },
                       {
                          "value": 7.72619,
                             "ID": 21
                       },
                       {
                          "value": 2.7623,
                             "ID": 22
                       },
                       {
                          "value": 2.7623,
                             "ID": 23
                       },
                       {
                          "value": 7.77746,
                             "ID": 24
                       }
                     ]
}
