{
       "J-coupling": [
                       {
                            "ID2": 11,
                            "ID1": 10,
                          "value": 7.946366
                       },
                       {
                            "ID2": 12,
                            "ID1": 10,
                          "value": 7.946366
                       },
                       {
                            "ID2": 12,
                            "ID1": 11,
                          "value": 1.5
                       },
                       {
                            "ID2": 13,
                            "ID1": 11,
                          "value": 8.382316
                       },
                       {
                            "ID2": 14,
                            "ID1": 12,
                          "value": 8.382316
                       },
                       {
                            "ID2": 14,
                            "ID1": 13,
                          "value": 1.5
                       }
                     ],
   "chemical shift": [
                       {
                          "value": 7.6048,
                             "ID": 10
                       },
                       {
                          "value": 7.49077,
                             "ID": 11
                       },
                       {
                          "value": 7.49077,
                             "ID": 12
                       },
                       {
                          "value": 7.8442,
                             "ID": 13
                       },
                       {
                          "value": 7.8442,
                             "ID": 14
                       }
                     ]
}
