{
       "J-coupling": [
                       {
                            "ID2": 15,
                            "ID1": 14,
                          "value": 5.412116
                       }
                     ],
   "chemical shift": [
                       {
                          "value": 7.79176,
                             "ID": 14
                       },
                       {
                          "value": 8.77488,
                             "ID": 15
                       },
                       {
                          "value": 8.71405,
                             "ID": 16
                       }
                     ]
}
