{
       "J-coupling": [
                       {
                            "ID2": 14,
                            "ID1": 13,
                          "value": 4.545631
                       },
                       {
                            "ID2": 15,
                            "ID1": 13,
                          "value": 4.852753
                       },
                       {
                            "ID2": 15,
                            "ID1": 14,
                          "value": 1.527832
                       },
                       {
                            "ID2": 17,
                            "ID1": 16,
                          "value": 16.82
                       }
                     ],
   "chemical shift": [
                       {
                          "value": 7.30341,
                             "ID": 13
                       },
                       {
                          "value": 7.87924,
                             "ID": 14
                       },
                       {
                          "value": 8.05392,
                             "ID": 15
                       },
                       {
                          "value": 4.6263,
                             "ID": 16
                       },
                       {
                          "value": 4.6308,
                             "ID": 17
                       }
                     ]
}
