{
       "J-coupling": [
                       {
                            "ID2": 15,
                            "ID1": 14,
                          "value": 8.290028
                       },
                       {
                            "ID2": 16,
                            "ID1": 14,
                          "value": 8.290028
                       },
                       {
                            "ID2": 17,
                            "ID1": 15,
                          "value": 8.290028
                       },
                       {
                            "ID2": 20,
                            "ID1": 19,
                          "value": -14
                       }
                     ],
   "chemical shift": [
                       {
                          "value": 7.34593,
                             "ID": 14
                       },
                       {
                          "value": 7.0644,
                             "ID": 15
                       },
                       {
                          "value": 6.9526,
                             "ID": 16
                       },
                       {
                          "value": 7.33755,
                             "ID": 17
                       },
                       {
                          "value": 7.30753,
                             "ID": 18
                       },
                       {
                          "value": 5.11224,
                             "ID": 19
                       },
                       {
                          "value": 5.11224,
                             "ID": 20
                       }
                     ]
}
