{
       "J-coupling": [
                       {
                            "ID2": 15,
                            "ID1": 14,
                          "value": 1.917969
                       },
                       {
                            "ID2": 17,
                            "ID1": 16,
                          "value": -14
                       },
                       {
                            "ID2": 19,
                            "ID1": 18,
                          "value": -14
                       },
                       {
                            "ID2": 21,
                            "ID1": 20,
                          "value": -14
                       }
                     ],
   "chemical shift": [
                       {
                          "value": 7.0781,
                             "ID": 14
                       },
                       {
                          "value": 6.9721,
                             "ID": 15
                       },
                       {
                          "value": 3.6947,
                             "ID": 16
                       },
                       {
                          "value": 3.6947,
                             "ID": 17
                       },
                       {
                          "value": 5.3459,
                             "ID": 18
                       },
                       {
                          "value": 5.3459,
                             "ID": 19
                       },
                       {
                          "value": 4.9692,
                             "ID": 20
                       },
                       {
                          "value": 4.9692,
                             "ID": 21
                       }
                     ]
}
