{
       "J-coupling": [
                       {
                            "ID2": 15,
                            "ID1": 14,
                          "value": -14
                       },
                       {
                            "ID2": 16,
                            "ID1": 14,
                          "value": -14
                       },
                       {
                            "ID2": 24,
                            "ID1": 14,
                          "value": 7.435714
                       },
                       {
                            "ID2": 16,
                            "ID1": 15,
                          "value": -14
                       },
                       {
                            "ID2": 24,
                            "ID1": 15,
                          "value": 7.435714
                       },
                       {
                            "ID2": 24,
                            "ID1": 16,
                          "value": 7.435714
                       },
                       {
                            "ID2": 18,
                            "ID1": 17,
                          "value": 7.62704
                       },
                       {
                            "ID2": 19,
                            "ID1": 17,
                          "value": 7.62704
                       },
                       {
                            "ID2": 20,
                            "ID1": 17,
                          "value": 1.585107
                       },
                       {
                            "ID2": 21,
                            "ID1": 17,
                          "value": 1.585107
                       },
                       {
                            "ID2": 19,
                            "ID1": 18,
                          "value": 1.5
                       },
                       {
                            "ID2": 20,
                            "ID1": 18,
                          "value": 7.62704
                       },
                       {
                            "ID2": 21,
                            "ID1": 19,
                          "value": 7.62704
                       },
                       {
                            "ID2": 21,
                            "ID1": 20,
                          "value": 1.5
                       },
                       {
                            "ID2": 23,
                            "ID1": 22,
                          "value": -12.395183
                       },
                       {
                            "ID2": 24,
                            "ID1": 22,
                          "value": 5.441064
                       },
                       {
                            "ID2": 24,
                            "ID1": 23,
                          "value": 5.441064
                       }
                     ],
   "chemical shift": [
                       {
                          "value": 1.44684,
                             "ID": 14
                       },
                       {
                          "value": 1.44684,
                             "ID": 15
                       },
                       {
                          "value": 1.44684,
                             "ID": 16
                       },
                       {
                          "value": 7.29739,
                             "ID": 17
                       },
                       {
                          "value": 7.44576,
                             "ID": 18
                       },
                       {
                          "value": 7.44576,
                             "ID": 19
                       },
                       {
                          "value": 7.22994,
                             "ID": 20
                       },
                       {
                          "value": 7.22994,
                             "ID": 21
                       },
                       {
                          "value": 3.5786,
                             "ID": 22
                       },
                       {
                          "value": 3.96442,
                             "ID": 23
                       },
                       {
                          "value": 4.07611,
                             "ID": 24
                       }
                     ]
}
