{
       "J-coupling": [
                       {
                            "ID2": 15,
                            "ID1": 14,
                          "value": 8.275094
                       },
                       {
                            "ID2": 16,
                            "ID1": 14,
                          "value": 8.275094
                       },
                       {
                            "ID2": 17,
                            "ID1": 15,
                          "value": 8.275094
                       }
                     ],
   "chemical shift": [
                       {
                          "value": 7.39218,
                             "ID": 14
                       },
                       {
                          "value": 7.01293,
                             "ID": 15
                       },
                       {
                          "value": 7.33327,
                             "ID": 16
                       },
                       {
                          "value": 6.97501,
                             "ID": 17
                       },
                       {
                          "value": 8.9606,
                             "ID": 18
                       }
                     ]
}
