{
       "J-coupling": [
                       {
                            "ID2": 20,
                            "ID1": 17,
                          "value": 7.243282
                       },
                       {
                            "ID2": 21,
                            "ID1": 17,
                          "value": 7.243282
                       },
                       {
                            "ID2": 26,
                            "ID1": 17,
                          "value": 1.508169
                       },
                       {
                            "ID2": 27,
                            "ID1": 17,
                          "value": 1.508169
                       },
                       {
                            "ID2": 19,
                            "ID1": 18,
                          "value": -14
                       },
                       {
                            "ID2": 22,
                            "ID1": 18,
                          "value": 6.315464
                       },
                       {
                            "ID2": 23,
                            "ID1": 18,
                          "value": 6.315464
                       },
                       {
                            "ID2": 24,
                            "ID1": 18,
                          "value": 6.315464
                       },
                       {
                            "ID2": 25,
                            "ID1": 18,
                          "value": 6.315464
                       },
                       {
                            "ID2": 22,
                            "ID1": 19,
                          "value": 6.315464
                       },
                       {
                            "ID2": 23,
                            "ID1": 19,
                          "value": 6.315464
                       },
                       {
                            "ID2": 24,
                            "ID1": 19,
                          "value": 6.315464
                       },
                       {
                            "ID2": 25,
                            "ID1": 19,
                          "value": 6.315464
                       },
                       {
                            "ID2": 21,
                            "ID1": 20,
                          "value": 1.5
                       },
                       {
                            "ID2": 26,
                            "ID1": 20,
                          "value": 8.129932
                       },
                       {
                            "ID2": 27,
                            "ID1": 21,
                          "value": 8.129932
                       },
                       {
                            "ID2": 23,
                            "ID1": 22,
                          "value": -14
                       },
                       {
                            "ID2": 28,
                            "ID1": 22,
                          "value": 6.315464
                       },
                       {
                            "ID2": 29,
                            "ID1": 22,
                          "value": 6.315464
                       },
                       {
                            "ID2": 28,
                            "ID1": 23,
                          "value": 6.315464
                       },
                       {
                            "ID2": 29,
                            "ID1": 23,
                          "value": 6.315464
                       },
                       {
                            "ID2": 25,
                            "ID1": 24,
                          "value": -14
                       },
                       {
                            "ID2": 30,
                            "ID1": 24,
                          "value": 6.315464
                       },
                       {
                            "ID2": 31,
                            "ID1": 24,
                          "value": 6.315464
                       },
                       {
                            "ID2": 30,
                            "ID1": 25,
                          "value": 6.315464
                       },
                       {
                            "ID2": 31,
                            "ID1": 25,
                          "value": 6.315464
                       },
                       {
                            "ID2": 27,
                            "ID1": 26,
                          "value": 1.5
                       },
                       {
                            "ID2": 29,
                            "ID1": 28,
                          "value": -14
                       },
                       {
                            "ID2": 31,
                            "ID1": 30,
                          "value": -14
                       },
                       {
                            "ID2": 33,
                            "ID1": 32,
                          "value": -14
                       }
                     ],
   "chemical shift": [
                       {
                          "value": 7.3623,
                             "ID": 17
                       },
                       {
                          "value": 1.5916,
                             "ID": 18
                       },
                       {
                          "value": 1.5916,
                             "ID": 19
                       },
                       {
                          "value": 7.39685,
                             "ID": 20
                       },
                       {
                          "value": 7.39685,
                             "ID": 21
                       },
                       {
                          "value": 1.48023,
                             "ID": 22
                       },
                       {
                          "value": 1.48023,
                             "ID": 23
                       },
                       {
                          "value": 1.48023,
                             "ID": 24
                       },
                       {
                          "value": 1.48023,
                             "ID": 25
                       },
                       {
                          "value": 7.50519,
                             "ID": 26
                       },
                       {
                          "value": 7.50517,
                             "ID": 27
                       },
                       {
                          "value": 3.4297,
                             "ID": 28
                       },
                       {
                          "value": 3.4297,
                             "ID": 29
                       },
                       {
                          "value": 3.4069,
                             "ID": 30
                       },
                       {
                          "value": 3.4069,
                             "ID": 31
                       },
                       {
                          "value": 3.8563,
                             "ID": 32
                       },
                       {
                          "value": 3.8563,
                             "ID": 33
                       }
                     ]
}
