{
       "J-coupling": [
                       {
                            "ID2": 13,
                            "ID1": 12,
                          "value": -14
                       },
                       {
                            "ID2": 14,
                            "ID1": 12,
                          "value": -14
                       },
                       {
                            "ID2": 14,
                            "ID1": 13,
                          "value": -14
                       },
                       {
                            "ID2": 16,
                            "ID1": 15,
                          "value": -14
                       },
                       {
                            "ID2": 17,
                            "ID1": 15,
                          "value": 7.986337
                       },
                       {
                            "ID2": 18,
                            "ID1": 15,
                          "value": 7.796739
                       },
                       {
                            "ID2": 19,
                            "ID1": 15,
                          "value": 8.241552
                       },
                       {
                            "ID2": 20,
                            "ID1": 15,
                          "value": 7.984794
                       },
                       {
                            "ID2": 17,
                            "ID1": 16,
                          "value": 7.96271
                       },
                       {
                            "ID2": 18,
                            "ID1": 16,
                          "value": 7.999306
                       },
                       {
                            "ID2": 19,
                            "ID1": 16,
                          "value": 7.920633
                       },
                       {
                            "ID2": 20,
                            "ID1": 16,
                          "value": 8.033827
                       },
                       {
                            "ID2": 18,
                            "ID1": 17,
                          "value": -14
                       },
                       {
                            "ID2": 20,
                            "ID1": 19,
                          "value": -14
                       },
                       {
                            "ID2": 22,
                            "ID1": 21,
                          "value": 7.38756
                       }
                     ],
   "chemical shift": [
                       {
                          "value": 2.1686,
                             "ID": 12
                       },
                       {
                          "value": 2.1686,
                             "ID": 13
                       },
                       {
                          "value": 2.1686,
                             "ID": 14
                       },
                       {
                          "value": 2.0632,
                             "ID": 15
                       },
                       {
                          "value": 2.0632,
                             "ID": 16
                       },
                       {
                          "value": 2.8299,
                             "ID": 17
                       },
                       {
                          "value": 2.8299,
                             "ID": 18
                       },
                       {
                          "value": 2.8299,
                             "ID": 19
                       },
                       {
                          "value": 2.8299,
                             "ID": 20
                       },
                       {
                          "value": 6.64199,
                             "ID": 21
                       },
                       {
                          "value": 6.93571,
                             "ID": 22
                       }
                     ]
}
