{
       "J-coupling": [
                       {
                            "ID2": 15,
                            "ID1": 14,
                          "value": -14
                       },
                       {
                            "ID2": 16,
                            "ID1": 14,
                          "value": 7.430845
                       },
                       {
                            "ID2": 17,
                            "ID1": 14,
                          "value": 7.430845
                       },
                       {
                            "ID2": 21,
                            "ID1": 14,
                          "value": 9.901874
                       },
                       {
                            "ID2": 22,
                            "ID1": 14,
                          "value": 4.951399
                       },
                       {
                            "ID2": 16,
                            "ID1": 15,
                          "value": 7.430845
                       },
                       {
                            "ID2": 17,
                            "ID1": 15,
                          "value": 7.430845
                       },
                       {
                            "ID2": 21,
                            "ID1": 15,
                          "value": 4.951399
                       },
                       {
                            "ID2": 22,
                            "ID1": 15,
                          "value": 9.901874
                       },
                       {
                            "ID2": 17,
                            "ID1": 16,
                          "value": -14
                       },
                       {
                            "ID2": 23,
                            "ID1": 16,
                          "value": 9.901874
                       },
                       {
                            "ID2": 24,
                            "ID1": 16,
                          "value": 4.951399
                       },
                       {
                            "ID2": 23,
                            "ID1": 17,
                          "value": 4.951399
                       },
                       {
                            "ID2": 24,
                            "ID1": 17,
                          "value": 9.901874
                       },
                       {
                            "ID2": 19,
                            "ID1": 18,
                          "value": 8.038302
                       },
                       {
                            "ID2": 20,
                            "ID1": 18,
                          "value": 8.038302
                       },
                       {
                            "ID2": 20,
                            "ID1": 19,
                          "value": 1.5
                       },
                       {
                            "ID2": 25,
                            "ID1": 19,
                          "value": 1.492969
                       },
                       {
                            "ID2": 25,
                            "ID1": 20,
                          "value": 1.492969
                       },
                       {
                            "ID2": 22,
                            "ID1": 21,
                          "value": -14
                       },
                       {
                            "ID2": 24,
                            "ID1": 23,
                          "value": -14
                       },
                       {
                            "ID2": 27,
                            "ID1": 26,
                          "value": -14
                       }
                     ],
   "chemical shift": [
                       {
                          "value": 1.9943,
                             "ID": 14
                       },
                       {
                          "value": 1.9943,
                             "ID": 15
                       },
                       {
                          "value": 1.9943,
                             "ID": 16
                       },
                       {
                          "value": 1.9943,
                             "ID": 17
                       },
                       {
                          "value": 7.3484,
                             "ID": 18
                       },
                       {
                          "value": 6.8107,
                             "ID": 19
                       },
                       {
                          "value": 6.8107,
                             "ID": 20
                       },
                       {
                          "value": 3.2575,
                             "ID": 21
                       },
                       {
                          "value": 3.2575,
                             "ID": 22
                       },
                       {
                          "value": 3.2575,
                             "ID": 23
                       },
                       {
                          "value": 3.2575,
                             "ID": 24
                       },
                       {
                          "value": 6.785,
                             "ID": 25
                       },
                       {
                          "value": 4.12175,
                             "ID": 26
                       },
                       {
                          "value": 4.12175,
                             "ID": 27
                       }
                     ]
}
