{
       "J-coupling": [
                       {
                            "ID2": 16,
                            "ID1": 15,
                          "value": 5.751142
                       },
                       {
                            "ID2": 25,
                            "ID1": 15,
                          "value": 1.550244
                       },
                       {
                            "ID2": 18,
                            "ID1": 17,
                          "value": -14
                       },
                       {
                            "ID2": 21,
                            "ID1": 17,
                          "value": 2.494693
                       },
                       {
                            "ID2": 22,
                            "ID1": 17,
                          "value": 7.957555
                       },
                       {
                            "ID2": 21,
                            "ID1": 18,
                          "value": 7.957555
                       },
                       {
                            "ID2": 22,
                            "ID1": 18,
                          "value": 2.494693
                       },
                       {
                            "ID2": 20,
                            "ID1": 19,
                          "value": -14
                       },
                       {
                            "ID2": 23,
                            "ID1": 19,
                          "value": 2.494693
                       },
                       {
                            "ID2": 24,
                            "ID1": 19,
                          "value": 7.957555
                       },
                       {
                            "ID2": 23,
                            "ID1": 20,
                          "value": 7.957555
                       },
                       {
                            "ID2": 24,
                            "ID1": 20,
                          "value": 2.494693
                       },
                       {
                            "ID2": 22,
                            "ID1": 21,
                          "value": -14
                       },
                       {
                            "ID2": 24,
                            "ID1": 23,
                          "value": -14
                       },
                       {
                            "ID2": 27,
                            "ID1": 26,
                          "value": 11.11
                       }
                     ],
   "chemical shift": [
                       {
                          "value": 6.78318,
                             "ID": 15
                       },
                       {
                          "value": 8.06117,
                             "ID": 16
                       },
                       {
                          "value": 3.885,
                             "ID": 17
                       },
                       {
                          "value": 3.885,
                             "ID": 18
                       },
                       {
                          "value": 3.885,
                             "ID": 19
                       },
                       {
                          "value": 3.885,
                             "ID": 20
                       },
                       {
                          "value": 2.7044,
                             "ID": 21
                       },
                       {
                          "value": 2.7044,
                             "ID": 22
                       },
                       {
                          "value": 2.7044,
                             "ID": 23
                       },
                       {
                          "value": 2.7044,
                             "ID": 24
                       },
                       {
                          "value": 6.89177,
                             "ID": 25
                       },
                       {
                          "value": 4.4149,
                             "ID": 26
                       },
                       {
                          "value": 4.4162,
                             "ID": 27
                       }
                     ]
}
