{
       "J-coupling": [
                       {
                            "ID2": 14,
                            "ID1": 13,
                          "value": -14
                       },
                       {
                            "ID2": 15,
                            "ID1": 13,
                          "value": -14
                       },
                       {
                            "ID2": 15,
                            "ID1": 14,
                          "value": -14
                       },
                       {
                            "ID2": 17,
                            "ID1": 16,
                          "value": 7
                       },
                       {
                            "ID2": 18,
                            "ID1": 16,
                          "value": 2.39804
                       },
                       {
                            "ID2": 19,
                            "ID1": 16,
                          "value": 2.39804
                       },
                       {
                            "ID2": 18,
                            "ID1": 17,
                          "value": 2.39804
                       },
                       {
                            "ID2": 19,
                            "ID1": 17,
                          "value": 2.39804
                       },
                       {
                            "ID2": 19,
                            "ID1": 18,
                          "value": 1.5
                       }
                     ],
   "chemical shift": [
                       {
                          "value": 2.7634,
                             "ID": 13
                       },
                       {
                          "value": 2.7634,
                             "ID": 14
                       },
                       {
                          "value": 2.7634,
                             "ID": 15
                       },
                       {
                          "value": 6.46958,
                             "ID": 16
                       },
                       {
                          "value": 6.46958,
                             "ID": 17
                       },
                       {
                          "value": 7.34712,
                             "ID": 18
                       },
                       {
                          "value": 7.34712,
                             "ID": 19
                       }
                     ]
}
