{
       "J-coupling": [
                       {
                            "ID2": 19,
                            "ID1": 18,
                          "value": -14
                       },
                       {
                            "ID2": 20,
                            "ID1": 18,
                          "value": -14
                       },
                       {
                            "ID2": 27,
                            "ID1": 18,
                          "value": 7.068811
                       },
                       {
                            "ID2": 28,
                            "ID1": 18,
                          "value": 7.068811
                       },
                       {
                            "ID2": 20,
                            "ID1": 19,
                          "value": -14
                       },
                       {
                            "ID2": 27,
                            "ID1": 19,
                          "value": 7.068811
                       },
                       {
                            "ID2": 28,
                            "ID1": 19,
                          "value": 7.068811
                       },
                       {
                            "ID2": 27,
                            "ID1": 20,
                          "value": 7.068811
                       },
                       {
                            "ID2": 28,
                            "ID1": 20,
                          "value": 7.068811
                       },
                       {
                            "ID2": 22,
                            "ID1": 21,
                          "value": -14
                       },
                       {
                            "ID2": 23,
                            "ID1": 21,
                          "value": -14
                       },
                       {
                            "ID2": 29,
                            "ID1": 21,
                          "value": 7.068811
                       },
                       {
                            "ID2": 30,
                            "ID1": 21,
                          "value": 7.068811
                       },
                       {
                            "ID2": 23,
                            "ID1": 22,
                          "value": -14
                       },
                       {
                            "ID2": 29,
                            "ID1": 22,
                          "value": 7.068811
                       },
                       {
                            "ID2": 30,
                            "ID1": 22,
                          "value": 7.068811
                       },
                       {
                            "ID2": 29,
                            "ID1": 23,
                          "value": 7.068811
                       },
                       {
                            "ID2": 30,
                            "ID1": 23,
                          "value": 7.068811
                       },
                       {
                            "ID2": 25,
                            "ID1": 24,
                          "value": -14
                       },
                       {
                            "ID2": 26,
                            "ID1": 24,
                          "value": -14
                       },
                       {
                            "ID2": 26,
                            "ID1": 25,
                          "value": -14
                       },
                       {
                            "ID2": 28,
                            "ID1": 27,
                          "value": -14
                       },
                       {
                            "ID2": 30,
                            "ID1": 29,
                          "value": -14
                       },
                       {
                            "ID2": 32,
                            "ID1": 31,
                          "value": -14
                       },
                       {
                            "ID2": 33,
                            "ID1": 31,
                          "value": 8.495297
                       },
                       {
                            "ID2": 34,
                            "ID1": 31,
                          "value": 8.495297
                       },
                       {
                            "ID2": 33,
                            "ID1": 32,
                          "value": 8.495297
                       },
                       {
                            "ID2": 34,
                            "ID1": 32,
                          "value": 8.495297
                       },
                       {
                            "ID2": 34,
                            "ID1": 33,
                          "value": -14
                       },
                       {
                            "ID2": 36,
                            "ID1": 35,
                          "value": 0.5
                       }
                     ],
   "chemical shift": [
                       {
                          "value": 1.4393,
                             "ID": 18
                       },
                       {
                          "value": 1.4393,
                             "ID": 19
                       },
                       {
                          "value": 1.4393,
                             "ID": 20
                       },
                       {
                          "value": 1.4128,
                             "ID": 21
                       },
                       {
                          "value": 1.4128,
                             "ID": 22
                       },
                       {
                          "value": 1.4128,
                             "ID": 23
                       },
                       {
                          "value": 2.70674,
                             "ID": 24
                       },
                       {
                          "value": 2.70674,
                             "ID": 25
                       },
                       {
                          "value": 2.70674,
                             "ID": 26
                       },
                       {
                          "value": 4.2021,
                             "ID": 27
                       },
                       {
                          "value": 4.2021,
                             "ID": 28
                       },
                       {
                          "value": 4.2824,
                             "ID": 29
                       },
                       {
                          "value": 4.2824,
                             "ID": 30
                       },
                       {
                          "value": 3.0733,
                             "ID": 31
                       },
                       {
                          "value": 3.0733,
                             "ID": 32
                       },
                       {
                          "value": 3.79895,
                             "ID": 33
                       },
                       {
                          "value": 3.79895,
                             "ID": 34
                       },
                       {
                          "value": 7.4198,
                             "ID": 35
                       },
                       {
                          "value": 7.0901,
                             "ID": 36
                       }
                     ]
}
