{
       "J-coupling": [
                       {
                            "ID2": 13,
                            "ID1": 12,
                          "value": 1.051583
                       },
                       {
                            "ID2": 16,
                            "ID1": 13,
                          "value": 1.684198
                       },
                       {
                            "ID2": 15,
                            "ID1": 14,
                          "value": -14
                       }
                     ],
   "chemical shift": [
                       {
                          "value": 7.29518,
                             "ID": 12
                       },
                       {
                          "value": 7.29475,
                             "ID": 13
                       },
                       {
                          "value": 3.93307,
                             "ID": 14
                       },
                       {
                          "value": 3.93307,
                             "ID": 15
                       },
                       {
                          "value": 7.4423,
                             "ID": 16
                       }
                     ]
}
