{
       "J-coupling": [
                       {
                            "ID2": 15,
                            "ID1": 14,
                          "value": 1.5
                       },
                       {
                            "ID2": 16,
                            "ID1": 14,
                          "value": 8.77885
                       },
                       {
                            "ID2": 17,
                            "ID1": 15,
                          "value": 8.77885
                       },
                       {
                            "ID2": 17,
                            "ID1": 16,
                          "value": 1.5
                       },
                       {
                            "ID2": 19,
                            "ID1": 18,
                          "value": -14
                       }
                     ],
   "chemical shift": [
                       {
                          "value": 7.64011,
                             "ID": 14
                       },
                       {
                          "value": 7.64011,
                             "ID": 15
                       },
                       {
                          "value": 8.1086,
                             "ID": 16
                       },
                       {
                          "value": 8.1086,
                             "ID": 17
                       },
                       {
                          "value": 4.274,
                             "ID": 18
                       },
                       {
                          "value": 4.274,
                             "ID": 19
                       },
                       {
                          "value": 8.4405,
                             "ID": 20
                       }
                     ]
}
