{
       "J-coupling": [
                       {
                            "ID2": 16,
                            "ID1": 15,
                          "value": -14
                       },
                       {
                            "ID2": 17,
                            "ID1": 15,
                          "value": -14
                       },
                       {
                            "ID2": 17,
                            "ID1": 16,
                          "value": -14
                       },
                       {
                            "ID2": 19,
                            "ID1": 18,
                          "value": 1.074916
                       },
                       {
                            "ID2": 22,
                            "ID1": 18,
                          "value": 1.6827
                       },
                       {
                            "ID2": 21,
                            "ID1": 20,
                          "value": 7.45
                       },
                       {
                            "ID2": 25,
                            "ID1": 20,
                          "value": 3.263525
                       },
                       {
                            "ID2": 24,
                            "ID1": 23,
                          "value": -14
                       }
                     ],
   "chemical shift": [
                       {
                          "value": 2.7616,
                             "ID": 15
                       },
                       {
                          "value": 2.7616,
                             "ID": 16
                       },
                       {
                          "value": 2.7616,
                             "ID": 17
                       },
                       {
                          "value": 6.67788,
                             "ID": 18
                       },
                       {
                          "value": 7.72427,
                             "ID": 19
                       },
                       {
                          "value": 7.99933,
                             "ID": 20
                       },
                       {
                          "value": 7.89968,
                             "ID": 21
                       },
                       {
                          "value": 8.56974,
                             "ID": 22
                       },
                       {
                          "value": 4.2931,
                             "ID": 23
                       },
                       {
                          "value": 4.2931,
                             "ID": 24
                       },
                       {
                          "value": 7.17994,
                             "ID": 25
                       }
                     ]
}
