{
       "J-coupling": [
                       {
                            "ID2": 15,
                            "ID1": 14,
                          "value": 5.869009
                       },
                       {
                            "ID2": 16,
                            "ID1": 14,
                          "value": 4.307418
                       }
                     ],
   "chemical shift": [
                       {
                          "value": 7.191,
                             "ID": 14
                       },
                       {
                          "value": 7.6144,
                             "ID": 15
                       },
                       {
                          "value": 7.69222,
                             "ID": 16
                       },
                       {
                          "value": 7.9431,
                             "ID": 17
                       }
                     ]
}
