{
       "J-coupling": [
                       {
                            "ID2": 14,
                            "ID1": 13,
                          "value": 8.9
                       },
                       {
                            "ID2": 15,
                            "ID1": 13,
                          "value": 8.9
                       },
                       {
                            "ID2": 15,
                            "ID1": 14,
                          "value": 8.9
                       },
                       {
                            "ID2": 17,
                            "ID1": 16,
                          "value": 8.9
                       },
                       {
                            "ID2": 18,
                            "ID1": 16,
                          "value": 8.9
                       },
                       {
                            "ID2": 18,
                            "ID1": 17,
                          "value": 8.9
                       },
                       {
                            "ID2": 20,
                            "ID1": 19,
                          "value": 8.9
                       },
                       {
                            "ID2": 21,
                            "ID1": 19,
                          "value": 8.9
                       },
                       {
                            "ID2": 21,
                            "ID1": 20,
                          "value": 8.9
                       },
                       {
                            "ID2": 23,
                            "ID1": 22,
                          "value": 7
                       },
                       {
                            "ID2": 24,
                            "ID1": 22,
                          "value": 3.98
                       },
                       {
                            "ID2": 25,
                            "ID1": 22,
                          "value": 3.98
                       },
                       {
                            "ID2": 26,
                            "ID1": 22,
                          "value": -1
                       },
                       {
                            "ID2": 27,
                            "ID1": 22,
                          "value": -1
                       },
                       {
                            "ID2": 24,
                            "ID1": 23,
                          "value": -1
                       },
                       {
                            "ID2": 25,
                            "ID1": 23,
                          "value": -1
                       },
                       {
                            "ID2": 26,
                            "ID1": 23,
                          "value": 3.98
                       },
                       {
                            "ID2": 27,
                            "ID1": 23,
                          "value": 3.98
                       },
                       {
                            "ID2": 25,
                            "ID1": 24,
                          "value": 13.66
                       },
                       {
                            "ID2": 26,
                            "ID1": 24,
                          "value": 1
                       },
                       {
                            "ID2": 27,
                            "ID1": 24,
                          "value": 1
                       },
                       {
                            "ID2": 26,
                            "ID1": 25,
                          "value": 1
                       },
                       {
                            "ID2": 27,
                            "ID1": 25,
                          "value": 1
                       },
                       {
                            "ID2": 27,
                            "ID1": 26,
                          "value": 13.66
                       }
                     ],
   "chemical shift": [
                       {
                          "value": 1.4505,
                             "ID": 13
                       },
                       {
                          "value": 1.4504,
                             "ID": 14
                       },
                       {
                          "value": 1.4516,
                             "ID": 15
                       },
                       {
                          "value": 1.4504,
                             "ID": 16
                       },
                       {
                          "value": 1.4505,
                             "ID": 17
                       },
                       {
                          "value": 1.4516,
                             "ID": 18
                       },
                       {
                          "value": 1.4504,
                             "ID": 19
                       },
                       {
                          "value": 1.4516,
                             "ID": 20
                       },
                       {
                          "value": 1.4505,
                             "ID": 21
                       },
                       {
                          "value": 5.9816,
                             "ID": 22
                       },
                       {
                          "value": 5.9816,
                             "ID": 23
                       },
                       {
                          "value": 3.9604,
                             "ID": 24
                       },
                       {
                          "value": 3.9518,
                             "ID": 25
                       },
                       {
                          "value": 3.8958,
                             "ID": 26
                       },
                       {
                          "value": 3.9024,
                             "ID": 27
                       }
                     ]
}
