{
       "J-coupling": [
                       {
                            "ID2": 15,
                            "ID1": 14,
                          "value": -14
                       },
                       {
                            "ID2": 16,
                            "ID1": 14,
                          "value": -14
                       },
                       {
                            "ID2": 16,
                            "ID1": 15,
                          "value": -14
                       },
                       {
                            "ID2": 18,
                            "ID1": 17,
                          "value": 1.5
                       },
                       {
                            "ID2": 19,
                            "ID1": 17,
                          "value": 8.170768
                       },
                       {
                            "ID2": 20,
                            "ID1": 18,
                          "value": 8.170768
                       },
                       {
                            "ID2": 20,
                            "ID1": 19,
                          "value": 1.5
                       },
                       {
                            "ID2": 22,
                            "ID1": 21,
                          "value": -14
                       }
                     ],
   "chemical shift": [
                       {
                          "value": 3.0025,
                             "ID": 14
                       },
                       {
                          "value": 3.0025,
                             "ID": 15
                       },
                       {
                          "value": 3.0025,
                             "ID": 16
                       },
                       {
                          "value": 7.38657,
                             "ID": 17
                       },
                       {
                          "value": 7.38657,
                             "ID": 18
                       },
                       {
                          "value": 7.43219,
                             "ID": 19
                       },
                       {
                          "value": 7.43219,
                             "ID": 20
                       },
                       {
                          "value": 4.2849,
                             "ID": 21
                       },
                       {
                          "value": 4.2849,
                             "ID": 22
                       }
                     ]
}
