{
       "J-coupling": [
                       {
                            "ID2": 11,
                            "ID1": 10,
                          "value": 5.768737
                       },
                       {
                            "ID2": 12,
                            "ID1": 10,
                          "value": 1.5
                       },
                       {
                            "ID2": 12,
                            "ID1": 11,
                          "value": 0.5
                       },
                       {
                            "ID2": 14,
                            "ID1": 13,
                          "value": 11.11
                       }
                     ],
   "chemical shift": [
                       {
                          "value": 7.36609,
                             "ID": 10
                       },
                       {
                          "value": 8.30461,
                             "ID": 11
                       },
                       {
                          "value": 7.48475,
                             "ID": 12
                       },
                       {
                          "value": 4.4819,
                             "ID": 13
                       },
                       {
                          "value": 4.4812,
                             "ID": 14
                       }
                     ]
}
