{
       "J-coupling": [
                       {
                            "ID2": 12,
                            "ID1": 11,
                          "value": 2.512495
                       },
                       {
                            "ID2": 13,
                            "ID1": 11,
                          "value": 0.350697
                       },
                       {
                            "ID2": 13,
                            "ID1": 12,
                          "value": 1.5
                       },
                       {
                            "ID2": 15,
                            "ID1": 14,
                          "value": 11.11
                       }
                     ],
   "chemical shift": [
                       {
                          "value": 7.4363,
                             "ID": 11
                       },
                       {
                          "value": 7.3488,
                             "ID": 12
                       },
                       {
                          "value": 7.3488,
                             "ID": 13
                       },
                       {
                          "value": 4.2918,
                             "ID": 14
                       },
                       {
                          "value": 4.2938,
                             "ID": 15
                       }
                     ]
}
