{
       "J-coupling": [
                       {
                            "ID2": 11,
                            "ID1": 10,
                          "value": 1.5
                       },
                       {
                            "ID2": 12,
                            "ID1": 10,
                          "value": 5.598682
                       },
                       {
                            "ID2": 13,
                            "ID1": 11,
                          "value": 5.598682
                       },
                       {
                            "ID2": 13,
                            "ID1": 12,
                          "value": 1.5
                       }
                     ],
   "chemical shift": [
                       {
                          "value": 8.60499,
                             "ID": 10
                       },
                       {
                          "value": 8.60499,
                             "ID": 11
                       },
                       {
                          "value": 7.73066,
                             "ID": 12
                       },
                       {
                          "value": 7.73066,
                             "ID": 13
                       }
                     ]
}
