{
       "J-coupling": [
                       {
                            "ID2": 15,
                            "ID1": 14,
                          "value": 3.520877
                       },
                       {
                            "ID2": 18,
                            "ID1": 14,
                          "value": 1.861523
                       },
                       {
                            "ID2": 17,
                            "ID1": 16,
                          "value": 4.016331
                       }
                     ],
   "chemical shift": [
                       {
                          "value": 6.5804,
                             "ID": 14
                       },
                       {
                          "value": 6.7845,
                             "ID": 15
                       },
                       {
                          "value": 7.501,
                             "ID": 16
                       },
                       {
                          "value": 7.3052,
                             "ID": 17
                       },
                       {
                          "value": 7.5658,
                             "ID": 18
                       }
                     ]
}
