{
       "J-coupling": [
                       {
                            "ID2": 13,
                            "ID1": 12,
                          "value": -14
                       },
                       {
                            "ID2": 14,
                            "ID1": 12,
                          "value": -14
                       },
                       {
                            "ID2": 14,
                            "ID1": 13,
                          "value": -14
                       },
                       {
                            "ID2": 16,
                            "ID1": 15,
                          "value": 8.831401
                       },
                       {
                            "ID2": 19,
                            "ID1": 15,
                          "value": 1.389404
                       },
                       {
                            "ID2": 18,
                            "ID1": 17,
                          "value": 1.731009
                       }
                     ],
   "chemical shift": [
                       {
                          "value": 2.6112,
                             "ID": 12
                       },
                       {
                          "value": 2.6112,
                             "ID": 13
                       },
                       {
                          "value": 2.6112,
                             "ID": 14
                       },
                       {
                          "value": 7.8003,
                             "ID": 15
                       },
                       {
                          "value": 8.0244,
                             "ID": 16
                       },
                       {
                          "value": 8.8579,
                             "ID": 17
                       },
                       {
                          "value": 8.8349,
                             "ID": 18
                       },
                       {
                          "value": 7.9281,
                             "ID": 19
                       }
                     ]
}
