{
       "J-coupling": [
                       {
                            "ID2": 12,
                            "ID1": 11,
                          "value": 7.471371
                       },
                       {
                            "ID2": 13,
                            "ID1": 11,
                          "value": 7.471371
                       },
                       {
                            "ID2": 13,
                            "ID1": 12,
                          "value": 1.5
                       },
                       {
                            "ID2": 14,
                            "ID1": 12,
                          "value": 8.407293
                       },
                       {
                            "ID2": 15,
                            "ID1": 13,
                          "value": 8.407293
                       },
                       {
                            "ID2": 15,
                            "ID1": 14,
                          "value": 1.5
                       },
                       {
                            "ID2": 17,
                            "ID1": 16,
                          "value": -14
                       },
                       {
                            "ID2": 18,
                            "ID1": 16,
                          "value": 5.938959
                       },
                       {
                            "ID2": 19,
                            "ID1": 16,
                          "value": 5.938959
                       },
                       {
                            "ID2": 18,
                            "ID1": 17,
                          "value": 5.938959
                       },
                       {
                            "ID2": 19,
                            "ID1": 17,
                          "value": 5.938959
                       },
                       {
                            "ID2": 19,
                            "ID1": 18,
                          "value": -14
                       }
                     ],
   "chemical shift": [
                       {
                          "value": 6.8642,
                             "ID": 11
                       },
                       {
                          "value": 7.2815,
                             "ID": 12
                       },
                       {
                          "value": 7.2815,
                             "ID": 13
                       },
                       {
                          "value": 6.85749,
                             "ID": 14
                       },
                       {
                          "value": 6.85749,
                             "ID": 15
                       },
                       {
                          "value": 3.26261,
                             "ID": 16
                       },
                       {
                          "value": 3.26261,
                             "ID": 17
                       },
                       {
                          "value": 3.75774,
                             "ID": 18
                       },
                       {
                          "value": 3.75774,
                             "ID": 19
                       }
                     ]
}
