{
       "J-coupling": [
                       {
                            "ID2": 15,
                            "ID1": 14,
                          "value": 7
                       },
                       {
                            "ID2": 17,
                            "ID1": 14,
                          "value": 3.792377
                       },
                       {
                            "ID2": 18,
                            "ID1": 14,
                          "value": 0.610836
                       },
                       {
                            "ID2": 17,
                            "ID1": 15,
                          "value": 0.610836
                       },
                       {
                            "ID2": 18,
                            "ID1": 15,
                          "value": 3.792377
                       },
                       {
                            "ID2": 19,
                            "ID1": 16,
                          "value": 6.712503
                       },
                       {
                            "ID2": 18,
                            "ID1": 17,
                          "value": 1.5
                       }
                     ],
   "chemical shift": [
                       {
                          "value": 6.3055,
                             "ID": 14
                       },
                       {
                          "value": 6.3055,
                             "ID": 15
                       },
                       {
                          "value": 7.10518,
                             "ID": 16
                       },
                       {
                          "value": 7.03581,
                             "ID": 17
                       },
                       {
                          "value": 7.03581,
                             "ID": 18
                       },
                       {
                          "value": 7.51139,
                             "ID": 19
                       }
                     ]
}
