{
       "J-coupling": [
                       {
                            "ID2": 13,
                            "ID1": 12,
                          "value": -14
                       },
                       {
                            "ID2": 14,
                            "ID1": 12,
                          "value": -14
                       },
                       {
                            "ID2": 14,
                            "ID1": 13,
                          "value": -14
                       },
                       {
                            "ID2": 16,
                            "ID1": 15,
                          "value": 9.683901
                       },
                       {
                            "ID2": 17,
                            "ID1": 15,
                          "value": 2.839945
                       }
                     ],
   "chemical shift": [
                       {
                          "value": 3.9851,
                             "ID": 12
                       },
                       {
                          "value": 3.9851,
                             "ID": 13
                       },
                       {
                          "value": 3.9851,
                             "ID": 14
                       },
                       {
                          "value": 8.22725,
                             "ID": 15
                       },
                       {
                          "value": 6.94517,
                             "ID": 16
                       },
                       {
                          "value": 8.65935,
                             "ID": 17
                       }
                     ]
}
