{
       "J-coupling": [
                       {
                            "ID2": 12,
                            "ID1": 11,
                          "value": -14
                       },
                       {
                            "ID2": 13,
                            "ID1": 11,
                          "value": -14
                       },
                       {
                            "ID2": 14,
                            "ID1": 11,
                          "value": 7.868305
                       },
                       {
                            "ID2": 15,
                            "ID1": 11,
                          "value": 7.868305
                       },
                       {
                            "ID2": 13,
                            "ID1": 12,
                          "value": -14
                       },
                       {
                            "ID2": 14,
                            "ID1": 12,
                          "value": 7.868305
                       },
                       {
                            "ID2": 15,
                            "ID1": 12,
                          "value": 7.868305
                       },
                       {
                            "ID2": 14,
                            "ID1": 13,
                          "value": 7.868305
                       },
                       {
                            "ID2": 15,
                            "ID1": 13,
                          "value": 7.868305
                       },
                       {
                            "ID2": 15,
                            "ID1": 14,
                          "value": -14
                       },
                       {
                            "ID2": 18,
                            "ID1": 14,
                          "value": 8.27569
                       },
                       {
                            "ID2": 19,
                            "ID1": 14,
                          "value": 8.27569
                       },
                       {
                            "ID2": 18,
                            "ID1": 15,
                          "value": 8.27569
                       },
                       {
                            "ID2": 19,
                            "ID1": 15,
                          "value": 8.27569
                       },
                       {
                            "ID2": 17,
                            "ID1": 16,
                          "value": 8.492616
                       },
                       {
                            "ID2": 20,
                            "ID1": 16,
                          "value": 7.229151
                       },
                       {
                            "ID2": 21,
                            "ID1": 17,
                          "value": 7.713088
                       },
                       {
                            "ID2": 19,
                            "ID1": 18,
                          "value": -14
                       }
                     ],
   "chemical shift": [
                       {
                          "value": 0.9092,
                             "ID": 11
                       },
                       {
                          "value": 0.9092,
                             "ID": 12
                       },
                       {
                          "value": 0.9092,
                             "ID": 13
                       },
                       {
                          "value": 1.5777,
                             "ID": 14
                       },
                       {
                          "value": 1.5777,
                             "ID": 15
                       },
                       {
                          "value": 6.9359,
                             "ID": 16
                       },
                       {
                          "value": 7.1478,
                             "ID": 17
                       },
                       {
                          "value": 2.566,
                             "ID": 18
                       },
                       {
                          "value": 2.566,
                             "ID": 19
                       },
                       {
                          "value": 6.89656,
                             "ID": 20
                       },
                       {
                          "value": 7.2318,
                             "ID": 21
                       }
                     ]
}
