{
       "J-coupling": [
                       {
                            "ID2": 17,
                            "ID1": 16,
                          "value": 9.218603
                       },
                       {
                            "ID2": 18,
                            "ID1": 16,
                          "value": 2.078902
                       },
                       {
                            "ID2": 20,
                            "ID1": 19,
                          "value": 13.44
                       }
                     ],
   "chemical shift": [
                       {
                          "value": 8.25352,
                             "ID": 16
                       },
                       {
                          "value": 7.02146,
                             "ID": 17
                       },
                       {
                          "value": 8.64906,
                             "ID": 18
                       },
                       {
                          "value": 4.9169,
                             "ID": 19
                       },
                       {
                          "value": 4.9192,
                             "ID": 20
                       }
                     ]
}
