{
       "J-coupling": [
                       {
                            "ID2": 9,
                            "ID1": 8,
                          "value": -14
                       },
                       {
                            "ID2": 10,
                            "ID1": 8,
                          "value": 7.097375
                       },
                       {
                            "ID2": 11,
                            "ID1": 8,
                          "value": 7.097375
                       },
                       {
                            "ID2": 12,
                            "ID1": 8,
                          "value": 7.885101
                       },
                       {
                            "ID2": 13,
                            "ID1": 8,
                          "value": 7.885101
                       },
                       {
                            "ID2": 10,
                            "ID1": 9,
                          "value": 7.097375
                       },
                       {
                            "ID2": 11,
                            "ID1": 9,
                          "value": 7.097375
                       },
                       {
                            "ID2": 12,
                            "ID1": 9,
                          "value": 7.885101
                       },
                       {
                            "ID2": 13,
                            "ID1": 9,
                          "value": 7.885101
                       },
                       {
                            "ID2": 11,
                            "ID1": 10,
                          "value": -14
                       },
                       {
                            "ID2": 14,
                            "ID1": 10,
                          "value": 7.885101
                       },
                       {
                            "ID2": 15,
                            "ID1": 10,
                          "value": 7.885101
                       },
                       {
                            "ID2": 14,
                            "ID1": 11,
                          "value": 7.885101
                       },
                       {
                            "ID2": 15,
                            "ID1": 11,
                          "value": 7.885101
                       },
                       {
                            "ID2": 13,
                            "ID1": 12,
                          "value": -14
                       },
                       {
                            "ID2": 15,
                            "ID1": 14,
                          "value": -14
                       }
                     ],
   "chemical shift": [
                       {
                          "value": 1.77087,
                             "ID": 8
                       },
                       {
                          "value": 1.77087,
                             "ID": 9
                       },
                       {
                          "value": 1.74369,
                             "ID": 10
                       },
                       {
                          "value": 1.74369,
                             "ID": 11
                       },
                       {
                          "value": 2.408,
                             "ID": 12
                       },
                       {
                          "value": 2.408,
                             "ID": 13
                       },
                       {
                          "value": 2.3389,
                             "ID": 14
                       },
                       {
                          "value": 2.3389,
                             "ID": 15
                       }
                     ]
}
