{
       "J-coupling": [
                       {
                            "ID2": 13,
                            "ID1": 11,
                          "value": 6.357064
                       },
                       {
                            "ID2": 14,
                            "ID1": 12,
                          "value": 2.403125
                       }
                     ],
   "chemical shift": [
                       {
                          "value": 7.62805,
                             "ID": 11
                       },
                       {
                          "value": 7.06398,
                             "ID": 12
                       },
                       {
                          "value": 8.23241,
                             "ID": 13
                       },
                       {
                          "value": 7.92337,
                             "ID": 14
                       }
                     ]
}
