{
       "J-coupling": [
                       {
                            "ID2": 15,
                            "ID1": 14,
                          "value": -14
                       },
                       {
                            "ID2": 16,
                            "ID1": 14,
                          "value": -14
                       },
                       {
                            "ID2": 16,
                            "ID1": 15,
                          "value": -14
                       },
                       {
                            "ID2": 18,
                            "ID1": 17,
                          "value": 7.577544
                       },
                       {
                            "ID2": 19,
                            "ID1": 17,
                          "value": 8.31756
                       },
                       {
                            "ID2": 19,
                            "ID1": 18,
                          "value": 1.376773
                       },
                       {
                            "ID2": 20,
                            "ID1": 18,
                          "value": 1.392685
                       },
                       {
                            "ID2": 20,
                            "ID1": 19,
                          "value": 1.602181
                       }
                     ],
   "chemical shift": [
                       {
                          "value": 2.74123,
                             "ID": 14
                       },
                       {
                          "value": 2.74123,
                             "ID": 15
                       },
                       {
                          "value": 2.74123,
                             "ID": 16
                       },
                       {
                          "value": 7.31469,
                             "ID": 17
                       },
                       {
                          "value": 7.28823,
                             "ID": 18
                       },
                       {
                          "value": 6.86142,
                             "ID": 19
                       },
                       {
                          "value": 7.27352,
                             "ID": 20
                       },
                       {
                          "value": 7.59951,
                             "ID": 21
                       }
                     ]
}
