{
       "J-coupling": [
                       {
                            "ID2": 11,
                            "ID1": 10,
                          "value": -14
                       },
                       {
                            "ID2": 12,
                            "ID1": 10,
                          "value": -14
                       },
                       {
                            "ID2": 12,
                            "ID1": 11,
                          "value": -14
                       },
                       {
                            "ID2": 14,
                            "ID1": 13,
                          "value": 3.541668
                       }
                     ],
   "chemical shift": [
                       {
                          "value": 2.4742,
                             "ID": 10
                       },
                       {
                          "value": 2.4742,
                             "ID": 11
                       },
                       {
                          "value": 2.4742,
                             "ID": 12
                       },
                       {
                          "value": 6.81903,
                             "ID": 13
                       },
                       {
                          "value": 7.37913,
                             "ID": 14
                       }
                     ]
}
