{
       "J-coupling": [
                       {
                            "ID2": 16,
                            "ID1": 15,
                          "value": -14
                       },
                       {
                            "ID2": 17,
                            "ID1": 15,
                          "value": -14
                       },
                       {
                            "ID2": 17,
                            "ID1": 16,
                          "value": -14
                       },
                       {
                            "ID2": 19,
                            "ID1": 18,
                          "value": 3.816962
                       },
                       {
                            "ID2": 21,
                            "ID1": 20,
                          "value": 1.5
                       },
                       {
                            "ID2": 22,
                            "ID1": 20,
                          "value": 5.893415
                       },
                       {
                            "ID2": 23,
                            "ID1": 21,
                          "value": 5.893415
                       },
                       {
                            "ID2": 23,
                            "ID1": 22,
                          "value": 1.5
                       },
                       {
                            "ID2": 25,
                            "ID1": 24,
                          "value": -14
                       }
                     ],
   "chemical shift": [
                       {
                          "value": 2.7598,
                             "ID": 15
                       },
                       {
                          "value": 2.7598,
                             "ID": 16
                       },
                       {
                          "value": 2.7598,
                             "ID": 17
                       },
                       {
                          "value": 7.33744,
                             "ID": 18
                       },
                       {
                          "value": 7.67577,
                             "ID": 19
                       },
                       {
                          "value": 7.7073,
                             "ID": 20
                       },
                       {
                          "value": 7.7073,
                             "ID": 21
                       },
                       {
                          "value": 8.5312,
                             "ID": 22
                       },
                       {
                          "value": 8.5312,
                             "ID": 23
                       },
                       {
                          "value": 4.4808,
                             "ID": 24
                       },
                       {
                          "value": 4.4808,
                             "ID": 25
                       }
                     ]
}
