{
       "J-coupling": [
                       {
                            "ID2": 14,
                            "ID1": 13,
                          "value": -14
                       },
                       {
                            "ID2": 15,
                            "ID1": 13,
                          "value": -14
                       },
                       {
                            "ID2": 15,
                            "ID1": 14,
                          "value": -14
                       },
                       {
                            "ID2": 17,
                            "ID1": 16,
                          "value": 1.5
                       },
                       {
                            "ID2": 18,
                            "ID1": 16,
                          "value": 7.426901
                       },
                       {
                            "ID2": 19,
                            "ID1": 17,
                          "value": 7.426901
                       },
                       {
                            "ID2": 19,
                            "ID1": 18,
                          "value": 1.5
                       },
                       {
                            "ID2": 21,
                            "ID1": 20,
                          "value": 0.400202
                       }
                     ],
   "chemical shift": [
                       {
                          "value": 2.3722,
                             "ID": 13
                       },
                       {
                          "value": 2.3722,
                             "ID": 14
                       },
                       {
                          "value": 2.3722,
                             "ID": 15
                       },
                       {
                          "value": 7.3627,
                             "ID": 16
                       },
                       {
                          "value": 7.3627,
                             "ID": 17
                       },
                       {
                          "value": 7.6642,
                             "ID": 18
                       },
                       {
                          "value": 7.6642,
                             "ID": 19
                       },
                       {
                          "value": 7.44171,
                             "ID": 20
                       },
                       {
                          "value": 8.18857,
                             "ID": 21
                       }
                     ]
}
