{
       "J-coupling": [
                       {
                            "ID2": 12,
                            "ID1": 11,
                          "value": -14
                       },
                       {
                            "ID2": 13,
                            "ID1": 11,
                          "value": -14
                       },
                       {
                            "ID2": 18,
                            "ID1": 11,
                          "value": 6.919745
                       },
                       {
                            "ID2": 13,
                            "ID1": 12,
                          "value": -14
                       },
                       {
                            "ID2": 18,
                            "ID1": 12,
                          "value": 6.919745
                       },
                       {
                            "ID2": 18,
                            "ID1": 13,
                          "value": 6.919745
                       },
                       {
                            "ID2": 15,
                            "ID1": 14,
                          "value": 1.5
                       },
                       {
                            "ID2": 16,
                            "ID1": 14,
                          "value": 8.391413
                       },
                       {
                            "ID2": 17,
                            "ID1": 15,
                          "value": 8.391413
                       },
                       {
                            "ID2": 17,
                            "ID1": 16,
                          "value": 1.5
                       }
                     ],
   "chemical shift": [
                       {
                          "value": 1.6303,
                             "ID": 11
                       },
                       {
                          "value": 1.6303,
                             "ID": 12
                       },
                       {
                          "value": 1.6303,
                             "ID": 13
                       },
                       {
                          "value": 7.44313,
                             "ID": 14
                       },
                       {
                          "value": 7.44313,
                             "ID": 15
                       },
                       {
                          "value": 7.4992,
                             "ID": 16
                       },
                       {
                          "value": 7.4992,
                             "ID": 17
                       },
                       {
                          "value": 3.2784,
                             "ID": 18
                       }
                     ]
}
