{
       "J-coupling": [
                       {
                            "ID2": 19,
                            "ID1": 18,
                          "value": -14
                       },
                       {
                            "ID2": 20,
                            "ID1": 18,
                          "value": -14
                       },
                       {
                            "ID2": 20,
                            "ID1": 19,
                          "value": -14
                       },
                       {
                            "ID2": 22,
                            "ID1": 21,
                          "value": 8.08275
                       },
                       {
                            "ID2": 27,
                            "ID1": 21,
                          "value": 5.111844
                       },
                       {
                            "ID2": 27,
                            "ID1": 22,
                          "value": 1.720654
                       },
                       {
                            "ID2": 24,
                            "ID1": 23,
                          "value": 1.5
                       },
                       {
                            "ID2": 25,
                            "ID1": 23,
                          "value": 8.015298
                       },
                       {
                            "ID2": 25,
                            "ID1": 24,
                          "value": 0.5
                       },
                       {
                            "ID2": 26,
                            "ID1": 24,
                          "value": 8.015298
                       },
                       {
                            "ID2": 26,
                            "ID1": 25,
                          "value": 1.5
                       }
                     ],
   "chemical shift": [
                       {
                          "value": 2.3613,
                             "ID": 18
                       },
                       {
                          "value": 2.3613,
                             "ID": 19
                       },
                       {
                          "value": 2.3613,
                             "ID": 20
                       },
                       {
                          "value": 7.2373,
                             "ID": 21
                       },
                       {
                          "value": 7.8831,
                             "ID": 22
                       },
                       {
                          "value": 7.28652,
                             "ID": 23
                       },
                       {
                          "value": 7.28652,
                             "ID": 24
                       },
                       {
                          "value": 7.39876,
                             "ID": 25
                       },
                       {
                          "value": 7.39876,
                             "ID": 26
                       },
                       {
                          "value": 8.209,
                             "ID": 27
                       }
                     ]
}
