{
       "J-coupling": [
                       {
                            "ID2": 16,
                            "ID1": 15,
                          "value": -14
                       },
                       {
                            "ID2": 17,
                            "ID1": 15,
                          "value": -14
                       },
                       {
                            "ID2": 17,
                            "ID1": 16,
                          "value": -14
                       },
                       {
                            "ID2": 19,
                            "ID1": 18,
                          "value": -14
                       },
                       {
                            "ID2": 20,
                            "ID1": 18,
                          "value": -14
                       },
                       {
                            "ID2": 20,
                            "ID1": 19,
                          "value": -14
                       },
                       {
                            "ID2": 22,
                            "ID1": 21,
                          "value": -14
                       },
                       {
                            "ID2": 23,
                            "ID1": 21,
                          "value": -14
                       },
                       {
                            "ID2": 23,
                            "ID1": 22,
                          "value": -14
                       },
                       {
                            "ID2": 25,
                            "ID1": 24,
                          "value": 5.289185
                       },
                       {
                            "ID2": 28,
                            "ID1": 27,
                          "value": -14
                       }
                     ],
   "chemical shift": [
                       {
                          "value": 2.5048,
                             "ID": 15
                       },
                       {
                          "value": 2.5048,
                             "ID": 16
                       },
                       {
                          "value": 2.5048,
                             "ID": 17
                       },
                       {
                          "value": 1.3921,
                             "ID": 18
                       },
                       {
                          "value": 1.3921,
                             "ID": 19
                       },
                       {
                          "value": 1.3921,
                             "ID": 20
                       },
                       {
                          "value": 1.3921,
                             "ID": 21
                       },
                       {
                          "value": 1.3921,
                             "ID": 22
                       },
                       {
                          "value": 1.3921,
                             "ID": 23
                       },
                       {
                          "value": 8.46655,
                             "ID": 24
                       },
                       {
                          "value": 7.40244,
                             "ID": 25
                       },
                       {
                          "value": 8.44001,
                             "ID": 26
                       },
                       {
                          "value": 4.2826,
                             "ID": 27
                       },
                       {
                          "value": 4.2826,
                             "ID": 28
                       }
                     ]
}
