{
       "J-coupling": [
                       {
                            "ID2": 15,
                            "ID1": 14,
                          "value": -14
                       },
                       {
                            "ID2": 16,
                            "ID1": 14,
                          "value": -14
                       },
                       {
                            "ID2": 23,
                            "ID1": 14,
                          "value": 6.422859
                       },
                       {
                            "ID2": 16,
                            "ID1": 15,
                          "value": -14
                       },
                       {
                            "ID2": 23,
                            "ID1": 15,
                          "value": 6.422859
                       },
                       {
                            "ID2": 23,
                            "ID1": 16,
                          "value": 6.422859
                       },
                       {
                            "ID2": 18,
                            "ID1": 17,
                          "value": 7.872021
                       },
                       {
                            "ID2": 19,
                            "ID1": 17,
                          "value": 7.909666
                       },
                       {
                            "ID2": 20,
                            "ID1": 17,
                          "value": 0.898308
                       },
                       {
                            "ID2": 19,
                            "ID1": 18,
                          "value": 0.898308
                       },
                       {
                            "ID2": 20,
                            "ID1": 18,
                          "value": 8.272906
                       },
                       {
                            "ID2": 22,
                            "ID1": 21,
                          "value": -14.423801
                       },
                       {
                            "ID2": 23,
                            "ID1": 21,
                          "value": 6.519494
                       },
                       {
                            "ID2": 23,
                            "ID1": 22,
                          "value": 6.519494
                       }
                     ],
   "chemical shift": [
                       {
                          "value": 1.2865,
                             "ID": 14
                       },
                       {
                          "value": 1.2865,
                             "ID": 15
                       },
                       {
                          "value": 1.2865,
                             "ID": 16
                       },
                       {
                          "value": 7.19042,
                             "ID": 17
                       },
                       {
                          "value": 7.08806,
                             "ID": 18
                       },
                       {
                          "value": 7.10161,
                             "ID": 19
                       },
                       {
                          "value": 7.11727,
                             "ID": 20
                       },
                       {
                          "value": 2.6491,
                             "ID": 21
                       },
                       {
                          "value": 2.26489,
                             "ID": 22
                       },
                       {
                          "value": 4.0524,
                             "ID": 23
                       }
                     ]
}
