{
       "J-coupling": [
                       {
                            "ID2": 13,
                            "ID1": 12,
                          "value": -14
                       },
                       {
                            "ID2": 14,
                            "ID1": 12,
                          "value": -14
                       },
                       {
                            "ID2": 14,
                            "ID1": 13,
                          "value": -14
                       },
                       {
                            "ID2": 16,
                            "ID1": 15,
                          "value": 1.053848
                       }
                     ],
   "chemical shift": [
                       {
                          "value": 2.52122,
                             "ID": 12
                       },
                       {
                          "value": 2.52122,
                             "ID": 13
                       },
                       {
                          "value": 2.52122,
                             "ID": 14
                       },
                       {
                          "value": 7.5237,
                             "ID": 15
                       },
                       {
                          "value": 7.55309,
                             "ID": 16
                       }
                     ]
}
