{
       "J-coupling": [
                       {
                            "ID2": 15,
                            "ID1": 14,
                          "value": -14
                       },
                       {
                            "ID2": 16,
                            "ID1": 14,
                          "value": -14
                       },
                       {
                            "ID2": 16,
                            "ID1": 15,
                          "value": -14
                       },
                       {
                            "ID2": 18,
                            "ID1": 17,
                          "value": 8.040235
                       },
                       {
                            "ID2": 19,
                            "ID1": 17,
                          "value": 8.040235
                       },
                       {
                            "ID2": 19,
                            "ID1": 18,
                          "value": 1.5
                       },
                       {
                            "ID2": 21,
                            "ID1": 20,
                          "value": 12.24
                       }
                     ],
   "chemical shift": [
                       {
                          "value": 1.9774,
                             "ID": 14
                       },
                       {
                          "value": 1.9774,
                             "ID": 15
                       },
                       {
                          "value": 1.9774,
                             "ID": 16
                       },
                       {
                          "value": 7.3095,
                             "ID": 17
                       },
                       {
                          "value": 7.4484,
                             "ID": 18
                       },
                       {
                          "value": 7.4484,
                             "ID": 19
                       },
                       {
                          "value": 4.2734,
                             "ID": 20
                       },
                       {
                          "value": 4.2765,
                             "ID": 21
                       }
                     ]
}
