{
       "J-coupling": [
                       {
                            "ID2": 16,
                            "ID1": 15,
                          "value": 6.766972
                       },
                       {
                            "ID2": 17,
                            "ID1": 15,
                          "value": 8.176593
                       },
                       {
                            "ID2": 18,
                            "ID1": 15,
                          "value": 1.370502
                       },
                       {
                            "ID2": 17,
                            "ID1": 16,
                          "value": 1.376704
                       },
                       {
                            "ID2": 18,
                            "ID1": 16,
                          "value": 7.991964
                       },
                       {
                            "ID2": 20,
                            "ID1": 19,
                          "value": -14.522266
                       },
                       {
                            "ID2": 23,
                            "ID1": 19,
                          "value": 1.264765
                       },
                       {
                            "ID2": 23,
                            "ID1": 20,
                          "value": 6.864806
                       },
                       {
                            "ID2": 22,
                            "ID1": 21,
                          "value": -13.878862
                       },
                       {
                            "ID2": 23,
                            "ID1": 21,
                          "value": 3.021034
                       },
                       {
                            "ID2": 23,
                            "ID1": 22,
                          "value": 3.021034
                       }
                     ],
   "chemical shift": [
                       {
                          "value": 7.31622,
                             "ID": 15
                       },
                       {
                          "value": 7.32337,
                             "ID": 16
                       },
                       {
                          "value": 7.56408,
                             "ID": 17
                       },
                       {
                          "value": 7.47675,
                             "ID": 18
                       },
                       {
                          "value": 3.5826,
                             "ID": 19
                       },
                       {
                          "value": 3.3188,
                             "ID": 20
                       },
                       {
                          "value": 4.2827,
                             "ID": 21
                       },
                       {
                          "value": 4.3519,
                             "ID": 22
                       },
                       {
                          "value": 4.5701,
                             "ID": 23
                       }
                     ]
}
