{
       "J-coupling": [
                       {
                            "ID2": 13,
                            "ID1": 12,
                          "value": -14
                       },
                       {
                            "ID2": 14,
                            "ID1": 12,
                          "value": 8.658497
                       },
                       {
                            "ID2": 15,
                            "ID1": 12,
                          "value": 8.658497
                       },
                       {
                            "ID2": 20,
                            "ID1": 12,
                          "value": 7.066828
                       },
                       {
                            "ID2": 21,
                            "ID1": 12,
                          "value": 7.066828
                       },
                       {
                            "ID2": 14,
                            "ID1": 13,
                          "value": 8.658497
                       },
                       {
                            "ID2": 15,
                            "ID1": 13,
                          "value": 8.658497
                       },
                       {
                            "ID2": 20,
                            "ID1": 13,
                          "value": 7.066828
                       },
                       {
                            "ID2": 21,
                            "ID1": 13,
                          "value": 7.066828
                       },
                       {
                            "ID2": 15,
                            "ID1": 14,
                          "value": -14
                       },
                       {
                            "ID2": 17,
                            "ID1": 16,
                          "value": 1.5
                       },
                       {
                            "ID2": 18,
                            "ID1": 16,
                          "value": 8.256477
                       },
                       {
                            "ID2": 19,
                            "ID1": 16,
                          "value": 0.5
                       },
                       {
                            "ID2": 18,
                            "ID1": 17,
                          "value": 0.5
                       },
                       {
                            "ID2": 19,
                            "ID1": 17,
                          "value": 8.256477
                       },
                       {
                            "ID2": 19,
                            "ID1": 18,
                          "value": 1.5
                       },
                       {
                            "ID2": 21,
                            "ID1": 20,
                          "value": -14
                       }
                     ],
   "chemical shift": [
                       {
                          "value": 1.8355,
                             "ID": 12
                       },
                       {
                          "value": 1.8355,
                             "ID": 13
                       },
                       {
                          "value": 2.66277,
                             "ID": 14
                       },
                       {
                          "value": 2.66277,
                             "ID": 15
                       },
                       {
                          "value": 7.25985,
                             "ID": 16
                       },
                       {
                          "value": 7.25985,
                             "ID": 17
                       },
                       {
                          "value": 7.34878,
                             "ID": 18
                       },
                       {
                          "value": 7.34878,
                             "ID": 19
                       },
                       {
                          "value": 3.5913,
                             "ID": 20
                       },
                       {
                          "value": 3.5913,
                             "ID": 21
                       }
                     ]
}
