{
       "J-coupling": [
                       {
                            "ID2": 12,
                            "ID1": 11,
                          "value": 6.263116
                       }
                     ],
   "chemical shift": [
                       {
                          "value": 7.61279,
                             "ID": 11
                       },
                       {
                          "value": 7.91895,
                             "ID": 12
                       },
                       {
                          "value": 8.83721,
                             "ID": 13
                       }
                     ]
}
