{
       "J-coupling": [
                       {
                            "ID2": 18,
                            "ID1": 16,
                          "value": 7.336
                       },
                       {
                            "ID2": 19,
                            "ID1": 16,
                          "value": 7.336
                       },
                       {
                            "ID2": 20,
                            "ID1": 17,
                          "value": 7.336
                       },
                       {
                            "ID2": 21,
                            "ID1": 17,
                          "value": 7.336
                       },
                       {
                            "ID2": 19,
                            "ID1": 18,
                          "value": 1.5
                       },
                       {
                            "ID2": 22,
                            "ID1": 18,
                          "value": 8.51
                       },
                       {
                            "ID2": 23,
                            "ID1": 19,
                          "value": 8.51
                       },
                       {
                            "ID2": 21,
                            "ID1": 20,
                          "value": 1.5
                       },
                       {
                            "ID2": 24,
                            "ID1": 20,
                          "value": 8.51
                       },
                       {
                            "ID2": 25,
                            "ID1": 21,
                          "value": 8.51
                       },
                       {
                            "ID2": 23,
                            "ID1": 22,
                          "value": 1.5
                       },
                       {
                            "ID2": 25,
                            "ID1": 24,
                          "value": 1.5
                       }
                     ],
   "chemical shift": [
                       {
                          "value": 7.7207,
                             "ID": 16
                       },
                       {
                          "value": 7.7207,
                             "ID": 17
                       },
                       {
                          "value": 7.6311,
                             "ID": 18
                       },
                       {
                          "value": 7.6311,
                             "ID": 19
                       },
                       {
                          "value": 7.6311,
                             "ID": 20
                       },
                       {
                          "value": 7.6311,
                             "ID": 21
                       },
                       {
                          "value": 7.9905,
                             "ID": 22
                       },
                       {
                          "value": 7.9905,
                             "ID": 23
                       },
                       {
                          "value": 7.9905,
                             "ID": 24
                       },
                       {
                          "value": 7.9905,
                             "ID": 25
                       }
                     ]
}
