{
       "J-coupling": [
                       {
                            "ID2": 10,
                            "ID1": 9,
                          "value": -14
                       },
                       {
                            "ID2": 11,
                            "ID1": 9,
                          "value": 7.87
                       },
                       {
                            "ID2": 11,
                            "ID1": 10,
                          "value": 7.87
                       },
                       {
                            "ID2": 13,
                            "ID1": 12,
                          "value": 6.096875
                       }
                     ],
   "chemical shift": [
                       {
                          "value": 2.61082,
                             "ID": 9
                       },
                       {
                          "value": 2.61082,
                             "ID": 10
                       },
                       {
                          "value": 2.6098,
                             "ID": 11
                       },
                       {
                          "value": 6.92662,
                             "ID": 12
                       },
                       {
                          "value": 7.80024,
                             "ID": 13
                       }
                     ]
}
