{
       "J-coupling": [
                       {
                            "ID2": 10,
                            "ID1": 9,
                          "value": -14
                       },
                       {
                            "ID2": 11,
                            "ID1": 9,
                          "value": -14
                       },
                       {
                            "ID2": 12,
                            "ID1": 9,
                          "value": 7.702154
                       },
                       {
                            "ID2": 13,
                            "ID1": 9,
                          "value": 7.702154
                       },
                       {
                            "ID2": 11,
                            "ID1": 10,
                          "value": -14
                       },
                       {
                            "ID2": 12,
                            "ID1": 10,
                          "value": 7.702154
                       },
                       {
                            "ID2": 13,
                            "ID1": 10,
                          "value": 7.702154
                       },
                       {
                            "ID2": 12,
                            "ID1": 11,
                          "value": 7.702154
                       },
                       {
                            "ID2": 13,
                            "ID1": 11,
                          "value": 7.702154
                       },
                       {
                            "ID2": 13,
                            "ID1": 12,
                          "value": -14
                       },
                       {
                            "ID2": 15,
                            "ID1": 14,
                          "value": -14
                       },
                       {
                            "ID2": 16,
                            "ID1": 14,
                          "value": 8.658848
                       },
                       {
                            "ID2": 17,
                            "ID1": 14,
                          "value": 8.658848
                       },
                       {
                            "ID2": 18,
                            "ID1": 14,
                          "value": 7.659343
                       },
                       {
                            "ID2": 19,
                            "ID1": 14,
                          "value": 7.659343
                       },
                       {
                            "ID2": 16,
                            "ID1": 15,
                          "value": 8.658848
                       },
                       {
                            "ID2": 17,
                            "ID1": 15,
                          "value": 8.658848
                       },
                       {
                            "ID2": 18,
                            "ID1": 15,
                          "value": 7.659343
                       },
                       {
                            "ID2": 19,
                            "ID1": 15,
                          "value": 7.659343
                       },
                       {
                            "ID2": 17,
                            "ID1": 16,
                          "value": -14
                       },
                       {
                            "ID2": 19,
                            "ID1": 18,
                          "value": -14
                       }
                     ],
   "chemical shift": [
                       {
                          "value": 1.0923,
                             "ID": 9
                       },
                       {
                          "value": 1.0923,
                             "ID": 10
                       },
                       {
                          "value": 1.0923,
                             "ID": 11
                       },
                       {
                          "value": 3.27424,
                             "ID": 12
                       },
                       {
                          "value": 3.27424,
                             "ID": 13
                       },
                       {
                          "value": 2.0236,
                             "ID": 14
                       },
                       {
                          "value": 2.0236,
                             "ID": 15
                       },
                       {
                          "value": 2.4152,
                             "ID": 16
                       },
                       {
                          "value": 2.4152,
                             "ID": 17
                       },
                       {
                          "value": 3.5068,
                             "ID": 18
                       },
                       {
                          "value": 3.5068,
                             "ID": 19
                       }
                     ]
}
