{
       "J-coupling": [
                       {
                            "ID2": 14,
                            "ID1": 13,
                          "value": -14
                       },
                       {
                            "ID2": 15,
                            "ID1": 13,
                          "value": -14
                       },
                       {
                            "ID2": 15,
                            "ID1": 14,
                          "value": -14
                       },
                       {
                            "ID2": 17,
                            "ID1": 16,
                          "value": -14
                       },
                       {
                            "ID2": 18,
                            "ID1": 16,
                          "value": -14
                       },
                       {
                            "ID2": 18,
                            "ID1": 17,
                          "value": -14
                       },
                       {
                            "ID2": 20,
                            "ID1": 19,
                          "value": -14
                       },
                       {
                            "ID2": 23,
                            "ID1": 19,
                          "value": 8.05
                       },
                       {
                            "ID2": 24,
                            "ID1": 19,
                          "value": 8.05
                       },
                       {
                            "ID2": 23,
                            "ID1": 20,
                          "value": 8.05
                       },
                       {
                            "ID2": 24,
                            "ID1": 20,
                          "value": 8.05
                       },
                       {
                            "ID2": 22,
                            "ID1": 21,
                          "value": 14.91
                       },
                       {
                            "ID2": 25,
                            "ID1": 21,
                          "value": 8.05
                       },
                       {
                            "ID2": 26,
                            "ID1": 21,
                          "value": 8.05
                       },
                       {
                            "ID2": 25,
                            "ID1": 22,
                          "value": 8.05
                       },
                       {
                            "ID2": 26,
                            "ID1": 22,
                          "value": 8.05
                       },
                       {
                            "ID2": 24,
                            "ID1": 23,
                          "value": 13
                       },
                       {
                            "ID2": 26,
                            "ID1": 25,
                          "value": -14
                       }
                     ],
   "chemical shift": [
                       {
                          "value": 1.0669,
                             "ID": 13
                       },
                       {
                          "value": 1.0669,
                             "ID": 14
                       },
                       {
                          "value": 1.0669,
                             "ID": 15
                       },
                       {
                          "value": 1.0669,
                             "ID": 16
                       },
                       {
                          "value": 1.0669,
                             "ID": 17
                       },
                       {
                          "value": 1.0669,
                             "ID": 18
                       },
                       {
                          "value": 1.795,
                             "ID": 19
                       },
                       {
                          "value": 1.795,
                             "ID": 20
                       },
                       {
                          "value": 2.3083,
                             "ID": 21
                       },
                       {
                          "value": 2.4112,
                             "ID": 22
                       },
                       {
                          "value": 1.7681,
                             "ID": 23
                       },
                       {
                          "value": 1.9312,
                             "ID": 24
                       },
                       {
                          "value": 1.795,
                             "ID": 25
                       },
                       {
                          "value": 1.795,
                             "ID": 26
                       }
                     ]
}
