{
       "J-coupling": [
                       {
                            "ID2": 17,
                            "ID1": 16,
                          "value": -14
                       },
                       {
                            "ID2": 18,
                            "ID1": 16,
                          "value": -14
                       },
                       {
                            "ID2": 18,
                            "ID1": 17,
                          "value": -14
                       },
                       {
                            "ID2": 20,
                            "ID1": 19,
                          "value": 7.984577
                       },
                       {
                            "ID2": 21,
                            "ID1": 19,
                          "value": 7.984577
                       },
                       {
                            "ID2": 21,
                            "ID1": 20,
                          "value": 1.5
                       },
                       {
                            "ID2": 26,
                            "ID1": 20,
                          "value": 1.568578
                       },
                       {
                            "ID2": 26,
                            "ID1": 21,
                          "value": 1.568578
                       },
                       {
                            "ID2": 23,
                            "ID1": 22,
                          "value": 1.5
                       },
                       {
                            "ID2": 24,
                            "ID1": 22,
                          "value": 5.728938
                       },
                       {
                            "ID2": 25,
                            "ID1": 23,
                          "value": 5.728938
                       },
                       {
                            "ID2": 25,
                            "ID1": 24,
                          "value": 1.5
                       },
                       {
                            "ID2": 28,
                            "ID1": 27,
                          "value": -14
                       }
                     ],
   "chemical shift": [
                       {
                          "value": 2.7529,
                             "ID": 16
                       },
                       {
                          "value": 2.7529,
                             "ID": 17
                       },
                       {
                          "value": 2.7529,
                             "ID": 18
                       },
                       {
                          "value": 7.65285,
                             "ID": 19
                       },
                       {
                          "value": 7.59157,
                             "ID": 20
                       },
                       {
                          "value": 7.88373,
                             "ID": 21
                       },
                       {
                          "value": 7.76148,
                             "ID": 22
                       },
                       {
                          "value": 7.76148,
                             "ID": 23
                       },
                       {
                          "value": 8.60685,
                             "ID": 24
                       },
                       {
                          "value": 8.60685,
                             "ID": 25
                       },
                       {
                          "value": 7.86055,
                             "ID": 26
                       },
                       {
                          "value": 4.3178,
                             "ID": 27
                       },
                       {
                          "value": 4.3178,
                             "ID": 28
                       }
                     ]
}
