{
       "J-coupling": [
                       {
                            "ID2": 12,
                            "ID1": 11,
                          "value": -14
                       },
                       {
                            "ID2": 13,
                            "ID1": 11,
                          "value": -14
                       },
                       {
                            "ID2": 13,
                            "ID1": 12,
                          "value": -14
                       },
                       {
                            "ID2": 15,
                            "ID1": 14,
                          "value": -14
                       },
                       {
                            "ID2": 16,
                            "ID1": 14,
                          "value": -14
                       },
                       {
                            "ID2": 16,
                            "ID1": 15,
                          "value": -14
                       },
                       {
                            "ID2": 18,
                            "ID1": 17,
                          "value": 8.273392
                       },
                       {
                            "ID2": 19,
                            "ID1": 17,
                          "value": 1.558008
                       }
                     ],
   "chemical shift": [
                       {
                          "value": 2.2257,
                             "ID": 11
                       },
                       {
                          "value": 2.2257,
                             "ID": 12
                       },
                       {
                          "value": 2.2257,
                             "ID": 13
                       },
                       {
                          "value": 3.8279,
                             "ID": 14
                       },
                       {
                          "value": 3.8279,
                             "ID": 15
                       },
                       {
                          "value": 3.8279,
                             "ID": 16
                       },
                       {
                          "value": 6.7743,
                             "ID": 17
                       },
                       {
                          "value": 6.95677,
                             "ID": 18
                       },
                       {
                          "value": 6.7925,
                             "ID": 19
                       }
                     ]
}
