{
       "J-coupling": [
                       {
                            "ID2": 14,
                            "ID1": 13,
                          "value": -14
                       },
                       {
                            "ID2": 15,
                            "ID1": 13,
                          "value": -14
                       },
                       {
                            "ID2": 15,
                            "ID1": 14,
                          "value": -14
                       },
                       {
                            "ID2": 17,
                            "ID1": 16,
                          "value": 8.323585
                       },
                       {
                            "ID2": 18,
                            "ID1": 16,
                          "value": 8.323585
                       },
                       {
                            "ID2": 21,
                            "ID1": 20,
                          "value": -14
                       }
                     ],
   "chemical shift": [
                       {
                          "value": 3.8291,
                             "ID": 13
                       },
                       {
                          "value": 3.8291,
                             "ID": 14
                       },
                       {
                          "value": 3.8291,
                             "ID": 15
                       },
                       {
                          "value": 7.3064,
                             "ID": 16
                       },
                       {
                          "value": 6.91445,
                             "ID": 17
                       },
                       {
                          "value": 6.89243,
                             "ID": 18
                       },
                       {
                          "value": 6.89735,
                             "ID": 19
                       },
                       {
                          "value": 3.5002,
                             "ID": 20
                       },
                       {
                          "value": 3.5002,
                             "ID": 21
                       }
                     ]
}
