{
       "J-coupling": [
                       {
                            "ID2": 18,
                            "ID1": 17,
                          "value": -14
                       },
                       {
                            "ID2": 19,
                            "ID1": 17,
                          "value": -14
                       },
                       {
                            "ID2": 19,
                            "ID1": 18,
                          "value": -14
                       },
                       {
                            "ID2": 21,
                            "ID1": 20,
                          "value": 7.765166
                       },
                       {
                            "ID2": 22,
                            "ID1": 20,
                          "value": 7.765166
                       },
                       {
                            "ID2": 22,
                            "ID1": 21,
                          "value": 1.5
                       },
                       {
                            "ID2": 23,
                            "ID1": 21,
                          "value": 8.226517
                       },
                       {
                            "ID2": 24,
                            "ID1": 22,
                          "value": 8.226517
                       },
                       {
                            "ID2": 24,
                            "ID1": 23,
                          "value": 1.5
                       },
                       {
                            "ID2": 27,
                            "ID1": 26,
                          "value": -14
                       },
                       {
                            "ID2": 29,
                            "ID1": 28,
                          "value": -14
                       }
                     ],
   "chemical shift": [
                       {
                          "value": 2.4431,
                             "ID": 17
                       },
                       {
                          "value": 2.4431,
                             "ID": 18
                       },
                       {
                          "value": 2.4431,
                             "ID": 19
                       },
                       {
                          "value": 7.34695,
                             "ID": 20
                       },
                       {
                          "value": 7.39176,
                             "ID": 21
                       },
                       {
                          "value": 7.39176,
                             "ID": 22
                       },
                       {
                          "value": 7.09173,
                             "ID": 23
                       },
                       {
                          "value": 7.09173,
                             "ID": 24
                       },
                       {
                          "value": 7.1381,
                             "ID": 25
                       },
                       {
                          "value": 5.3448,
                             "ID": 26
                       },
                       {
                          "value": 5.3448,
                             "ID": 27
                       },
                       {
                          "value": 4.5211,
                             "ID": 28
                       },
                       {
                          "value": 4.5211,
                             "ID": 29
                       }
                     ]
}
