{
       "J-coupling": [
                       {
                            "ID2": 16,
                            "ID1": 15,
                          "value": 7.747732
                       },
                       {
                            "ID2": 17,
                            "ID1": 15,
                          "value": 7.361227
                       },
                       {
                            "ID2": 18,
                            "ID1": 16,
                          "value": 7.361227
                       }
                     ],
   "chemical shift": [
                       {
                          "value": 7.48233,
                             "ID": 15
                       },
                       {
                          "value": 7.398,
                             "ID": 16
                       },
                       {
                          "value": 7.37248,
                             "ID": 17
                       },
                       {
                          "value": 7.5304,
                             "ID": 18
                       }
                     ]
}
