{
       "J-coupling": [
                       {
                            "ID2": 17,
                            "ID1": 16,
                          "value": -14
                       },
                       {
                            "ID2": 18,
                            "ID1": 16,
                          "value": 6.139678
                       },
                       {
                            "ID2": 19,
                            "ID1": 16,
                          "value": 6.200088
                       },
                       {
                            "ID2": 20,
                            "ID1": 16,
                          "value": 6.139678
                       },
                       {
                            "ID2": 21,
                            "ID1": 16,
                          "value": 6.200088
                       },
                       {
                            "ID2": 18,
                            "ID1": 17,
                          "value": 6.200088
                       },
                       {
                            "ID2": 19,
                            "ID1": 17,
                          "value": 6.139678
                       },
                       {
                            "ID2": 20,
                            "ID1": 17,
                          "value": 6.200088
                       },
                       {
                            "ID2": 21,
                            "ID1": 17,
                          "value": 6.139678
                       },
                       {
                            "ID2": 19,
                            "ID1": 18,
                          "value": -14
                       },
                       {
                            "ID2": 25,
                            "ID1": 18,
                          "value": 5.968314
                       },
                       {
                            "ID2": 26,
                            "ID1": 18,
                          "value": 5.968314
                       },
                       {
                            "ID2": 25,
                            "ID1": 19,
                          "value": 5.968314
                       },
                       {
                            "ID2": 26,
                            "ID1": 19,
                          "value": 5.968314
                       },
                       {
                            "ID2": 21,
                            "ID1": 20,
                          "value": -14
                       },
                       {
                            "ID2": 27,
                            "ID1": 20,
                          "value": 5.968314
                       },
                       {
                            "ID2": 28,
                            "ID1": 20,
                          "value": 5.968314
                       },
                       {
                            "ID2": 27,
                            "ID1": 21,
                          "value": 5.968314
                       },
                       {
                            "ID2": 28,
                            "ID1": 21,
                          "value": 5.968314
                       },
                       {
                            "ID2": 23,
                            "ID1": 22,
                          "value": 7.731271
                       },
                       {
                            "ID2": 24,
                            "ID1": 22,
                          "value": 7.731271
                       },
                       {
                            "ID2": 24,
                            "ID1": 23,
                          "value": 2.095632
                       },
                       {
                            "ID2": 29,
                            "ID1": 23,
                          "value": 1.103412
                       },
                       {
                            "ID2": 29,
                            "ID1": 24,
                          "value": 2.033227
                       },
                       {
                            "ID2": 26,
                            "ID1": 25,
                          "value": -14
                       },
                       {
                            "ID2": 28,
                            "ID1": 27,
                          "value": -14
                       }
                     ],
   "chemical shift": [
                       {
                          "value": 1.58344,
                             "ID": 16
                       },
                       {
                          "value": 1.58344,
                             "ID": 17
                       },
                       {
                          "value": 1.7408,
                             "ID": 18
                       },
                       {
                          "value": 1.7408,
                             "ID": 19
                       },
                       {
                          "value": 1.7408,
                             "ID": 20
                       },
                       {
                          "value": 1.7408,
                             "ID": 21
                       },
                       {
                          "value": 7.41543,
                             "ID": 22
                       },
                       {
                          "value": 7.49401,
                             "ID": 23
                       },
                       {
                          "value": 7.28758,
                             "ID": 24
                       },
                       {
                          "value": 3.15371,
                             "ID": 25
                       },
                       {
                          "value": 3.15371,
                             "ID": 26
                       },
                       {
                          "value": 3.15371,
                             "ID": 27
                       },
                       {
                          "value": 3.15371,
                             "ID": 28
                       },
                       {
                          "value": 7.60361,
                             "ID": 29
                       }
                     ]
}
