{
       "J-coupling": [
                       {
                            "ID2": 12,
                            "ID1": 11,
                          "value": 8.175415
                       },
                       {
                            "ID2": 13,
                            "ID1": 11,
                          "value": 5.870214
                       },
                       {
                            "ID2": 15,
                            "ID1": 14,
                          "value": -14
                       },
                       {
                            "ID2": 16,
                            "ID1": 14,
                          "value": 4.700284
                       },
                       {
                            "ID2": 17,
                            "ID1": 14,
                          "value": 4.700284
                       },
                       {
                            "ID2": 16,
                            "ID1": 15,
                          "value": 4.700284
                       },
                       {
                            "ID2": 17,
                            "ID1": 15,
                          "value": 4.700284
                       },
                       {
                            "ID2": 17,
                            "ID1": 16,
                          "value": -14
                       }
                     ],
   "chemical shift": [
                       {
                          "value": 6.7079,
                             "ID": 11
                       },
                       {
                          "value": 7.13781,
                             "ID": 12
                       },
                       {
                          "value": 7.59222,
                             "ID": 13
                       },
                       {
                          "value": 3.50948,
                             "ID": 14
                       },
                       {
                          "value": 3.50948,
                             "ID": 15
                       },
                       {
                          "value": 4.23602,
                             "ID": 16
                       },
                       {
                          "value": 4.23602,
                             "ID": 17
                       }
                     ]
}
