{
       "J-coupling": [
                       {
                            "ID2": 15,
                            "ID1": 14,
                          "value": 5.263911
                       },
                       {
                            "ID2": 16,
                            "ID1": 14,
                          "value": 4.271697
                       },
                       {
                            "ID2": 18,
                            "ID1": 17,
                          "value": 1.5
                       },
                       {
                            "ID2": 20,
                            "ID1": 19,
                          "value": 11.11
                       }
                     ],
   "chemical shift": [
                       {
                          "value": 7.2663,
                             "ID": 14
                       },
                       {
                          "value": 7.7084,
                             "ID": 15
                       },
                       {
                          "value": 7.9799,
                             "ID": 16
                       },
                       {
                          "value": 8.749,
                             "ID": 17
                       },
                       {
                          "value": 8.749,
                             "ID": 18
                       },
                       {
                          "value": 4.0892,
                             "ID": 19
                       },
                       {
                          "value": 4.0814,
                             "ID": 20
                       }
                     ]
}
