{
       "J-coupling": [
                       {
                            "ID2": 14,
                            "ID1": 13,
                          "value": -14
                       },
                       {
                            "ID2": 15,
                            "ID1": 13,
                          "value": -14
                       },
                       {
                            "ID2": 16,
                            "ID1": 13,
                          "value": 7.702755
                       },
                       {
                            "ID2": 17,
                            "ID1": 13,
                          "value": 7.702755
                       },
                       {
                            "ID2": 15,
                            "ID1": 14,
                          "value": -14
                       },
                       {
                            "ID2": 16,
                            "ID1": 14,
                          "value": 7.702755
                       },
                       {
                            "ID2": 17,
                            "ID1": 14,
                          "value": 7.702755
                       },
                       {
                            "ID2": 16,
                            "ID1": 15,
                          "value": 7.702755
                       },
                       {
                            "ID2": 17,
                            "ID1": 15,
                          "value": 7.702755
                       },
                       {
                            "ID2": 17,
                            "ID1": 16,
                          "value": -14
                       }
                     ],
   "chemical shift": [
                       {
                          "value": 1.25018,
                             "ID": 13
                       },
                       {
                          "value": 1.25018,
                             "ID": 14
                       },
                       {
                          "value": 1.25018,
                             "ID": 15
                       },
                       {
                          "value": 3.02729,
                             "ID": 16
                       },
                       {
                          "value": 3.02729,
                             "ID": 17
                       }
                     ]
}
