{
       "J-coupling": [
                       {
                            "ID2": 10,
                            "ID1": 9,
                          "value": -14
                       },
                       {
                            "ID2": 11,
                            "ID1": 9,
                          "value": -14
                       },
                       {
                            "ID2": 11,
                            "ID1": 10,
                          "value": -14
                       },
                       {
                            "ID2": 13,
                            "ID1": 12,
                          "value": 0.4
                       }
                     ],
   "chemical shift": [
                       {
                          "value": 3.759,
                             "ID": 9
                       },
                       {
                          "value": 3.759,
                             "ID": 10
                       },
                       {
                          "value": 3.759,
                             "ID": 11
                       },
                       {
                          "value": 7.7275,
                             "ID": 12
                       },
                       {
                          "value": 7.8373,
                             "ID": 13
                       }
                     ]
}
