{
       "J-coupling": [
                       {
                            "ID2": 15,
                            "ID1": 14,
                          "value": 1.5
                       },
                       {
                            "ID2": 16,
                            "ID1": 14,
                          "value": 8.789817
                       },
                       {
                            "ID2": 17,
                            "ID1": 15,
                          "value": 8.789817
                       },
                       {
                            "ID2": 17,
                            "ID1": 16,
                          "value": 1.5
                       }
                     ],
   "chemical shift": [
                       {
                          "value": 7.5031,
                             "ID": 14
                       },
                       {
                          "value": 7.5031,
                             "ID": 15
                       },
                       {
                          "value": 7.65499,
                             "ID": 16
                       },
                       {
                          "value": 7.65499,
                             "ID": 17
                       },
                       {
                          "value": 6.0818,
                             "ID": 18
                       }
                     ]
}
