{
       "J-coupling": [
                       {
                            "ID2": 13,
                            "ID1": 12,
                          "value": 7.348505
                       },
                       {
                            "ID2": 14,
                            "ID1": 12,
                          "value": 7.945376
                       },
                       {
                            "ID2": 15,
                            "ID1": 13,
                          "value": 7.945376
                       },
                       {
                            "ID2": 17,
                            "ID1": 16,
                          "value": -14
                       },
                       {
                            "ID2": 18,
                            "ID1": 16,
                          "value": 8.088707
                       },
                       {
                            "ID2": 19,
                            "ID1": 16,
                          "value": 8.088707
                       },
                       {
                            "ID2": 18,
                            "ID1": 17,
                          "value": 8.088707
                       },
                       {
                            "ID2": 19,
                            "ID1": 17,
                          "value": 8.088707
                       },
                       {
                            "ID2": 19,
                            "ID1": 18,
                          "value": -14
                       }
                     ],
   "chemical shift": [
                       {
                          "value": 7.09743,
                             "ID": 12
                       },
                       {
                          "value": 7.25387,
                             "ID": 13
                       },
                       {
                          "value": 7.28033,
                             "ID": 14
                       },
                       {
                          "value": 6.93906,
                             "ID": 15
                       },
                       {
                          "value": 2.621,
                             "ID": 16
                       },
                       {
                          "value": 2.621,
                             "ID": 17
                       },
                       {
                          "value": 2.9798,
                             "ID": 18
                       },
                       {
                          "value": 2.9798,
                             "ID": 19
                       }
                     ]
}
