{
       "J-coupling": [
                       {
                            "ID2": 10,
                            "ID1": 9,
                          "value": -14
                       },
                       {
                            "ID2": 11,
                            "ID1": 9,
                          "value": -14
                       },
                       {
                            "ID2": 11,
                            "ID1": 10,
                          "value": -14
                       },
                       {
                            "ID2": 13,
                            "ID1": 12,
                          "value": 7.678922
                       },
                       {
                            "ID2": 14,
                            "ID1": 12,
                          "value": 8.985342
                       },
                       {
                            "ID2": 14,
                            "ID1": 13,
                          "value": 1.749875
                       },
                       {
                            "ID2": 15,
                            "ID1": 13,
                          "value": 4.795068
                       }
                     ],
   "chemical shift": [
                       {
                          "value": 3.5901,
                             "ID": 9
                       },
                       {
                          "value": 3.5901,
                             "ID": 10
                       },
                       {
                          "value": 3.5901,
                             "ID": 11
                       },
                       {
                          "value": 6.55596,
                             "ID": 12
                       },
                       {
                          "value": 7.66822,
                             "ID": 13
                       },
                       {
                          "value": 6.64,
                             "ID": 14
                       },
                       {
                          "value": 7.78694,
                             "ID": 15
                       }
                     ]
}
