{
       "J-coupling": [
                       {
                            "ID2": 16,
                            "ID1": 15,
                          "value": 1.443288
                       }
                     ],
   "chemical shift": [
                       {
                          "value": 8.411,
                             "ID": 15
                       },
                       {
                          "value": 8.80767,
                             "ID": 16
                       }
                     ]
}
