{
       "J-coupling": [
                       {
                            "ID2": 10,
                            "ID1": 9,
                          "value": 7.706649
                       },
                       {
                            "ID2": 11,
                            "ID1": 9,
                          "value": 5.294237
                       },
                       {
                            "ID2": 12,
                            "ID1": 9,
                          "value": 0.69225
                       },
                       {
                            "ID2": 12,
                            "ID1": 10,
                          "value": 2.347647
                       }
                     ],
   "chemical shift": [
                       {
                          "value": 7.63138,
                             "ID": 9
                       },
                       {
                          "value": 8.24502,
                             "ID": 10
                       },
                       {
                          "value": 8.78249,
                             "ID": 11
                       },
                       {
                          "value": 8.90469,
                             "ID": 12
                       }
                     ]
}
