{
       "J-coupling": [
                       {
                            "ID2": 19,
                            "ID1": 18,
                          "value": -14
                       },
                       {
                            "ID2": 20,
                            "ID1": 18,
                          "value": -14
                       },
                       {
                            "ID2": 20,
                            "ID1": 19,
                          "value": -14
                       },
                       {
                            "ID2": 22,
                            "ID1": 21,
                          "value": 1.5
                       },
                       {
                            "ID2": 23,
                            "ID1": 21,
                          "value": 8.73723
                       },
                       {
                            "ID2": 24,
                            "ID1": 22,
                          "value": 8.73723
                       },
                       {
                            "ID2": 24,
                            "ID1": 23,
                          "value": 1.5
                       },
                       {
                            "ID2": 26,
                            "ID1": 25,
                          "value": 0.08
                       },
                       {
                            "ID2": 28,
                            "ID1": 27,
                          "value": -14
                       }
                     ],
   "chemical shift": [
                       {
                          "value": 3.5209,
                             "ID": 18
                       },
                       {
                          "value": 3.5209,
                             "ID": 19
                       },
                       {
                          "value": 3.5209,
                             "ID": 20
                       },
                       {
                          "value": 7.8157,
                             "ID": 21
                       },
                       {
                          "value": 7.8157,
                             "ID": 22
                       },
                       {
                          "value": 7.5332,
                             "ID": 23
                       },
                       {
                          "value": 7.5332,
                             "ID": 24
                       },
                       {
                          "value": 7.0097,
                             "ID": 25
                       },
                       {
                          "value": 7.1236,
                             "ID": 26
                       },
                       {
                          "value": 4.7787,
                             "ID": 27
                       },
                       {
                          "value": 4.7787,
                             "ID": 28
                       }
                     ]
}
