{
       "J-coupling": [
                       {
                            "ID2": 16,
                            "ID1": 15,
                          "value": -14
                       },
                       {
                            "ID2": 17,
                            "ID1": 15,
                          "value": -14
                       },
                       {
                            "ID2": 17,
                            "ID1": 16,
                          "value": -14
                       },
                       {
                            "ID2": 19,
                            "ID1": 18,
                          "value": 2.125
                       }
                     ],
   "chemical shift": [
                       {
                          "value": 2.26825,
                             "ID": 15
                       },
                       {
                          "value": 2.26825,
                             "ID": 16
                       },
                       {
                          "value": 2.26825,
                             "ID": 17
                       },
                       {
                          "value": 7.51303,
                             "ID": 18
                       },
                       {
                          "value": 7.4698,
                             "ID": 19
                       }
                     ]
}
