{
       "J-coupling": [
                       {
                            "ID2": 12,
                            "ID1": 11,
                          "value": -14
                       },
                       {
                            "ID2": 13,
                            "ID1": 11,
                          "value": -14
                       },
                       {
                            "ID2": 13,
                            "ID1": 12,
                          "value": -14
                       },
                       {
                            "ID2": 15,
                            "ID1": 14,
                          "value": 8.064589
                       },
                       {
                            "ID2": 17,
                            "ID1": 16,
                          "value": 11.89
                       }
                     ],
   "chemical shift": [
                       {
                          "value": 2.4818,
                             "ID": 11
                       },
                       {
                          "value": 2.4818,
                             "ID": 12
                       },
                       {
                          "value": 2.4818,
                             "ID": 13
                       },
                       {
                          "value": 7.2482,
                             "ID": 14
                       },
                       {
                          "value": 7.3234,
                             "ID": 15
                       },
                       {
                          "value": 4.3602,
                             "ID": 16
                       },
                       {
                          "value": 4.3542,
                             "ID": 17
                       }
                     ]
}
