{
       "J-coupling": [
                       {
                            "ID2": 21,
                            "ID1": 20,
                          "value": 7.947404
                       },
                       {
                            "ID2": 22,
                            "ID1": 20,
                          "value": 7.947404
                       },
                       {
                            "ID2": 23,
                            "ID1": 21,
                          "value": 7.947404
                       },
                       {
                            "ID2": 24,
                            "ID1": 22,
                          "value": 7.947404
                       },
                       {
                            "ID2": 24,
                            "ID1": 23,
                          "value": 1.5
                       },
                       {
                            "ID2": 26,
                            "ID1": 25,
                          "value": 3.933965
                       },
                       {
                            "ID2": 28,
                            "ID1": 27,
                          "value": -14
                       },
                       {
                            "ID2": 30,
                            "ID1": 29,
                          "value": 16.12
                       }
                     ],
   "chemical shift": [
                       {
                          "value": 7.31202,
                             "ID": 20
                       },
                       {
                          "value": 7.33782,
                             "ID": 21
                       },
                       {
                          "value": 7.33825,
                             "ID": 22
                       },
                       {
                          "value": 7.42843,
                             "ID": 23
                       },
                       {
                          "value": 7.42843,
                             "ID": 24
                       },
                       {
                          "value": 6.99199,
                             "ID": 25
                       },
                       {
                          "value": 7.75857,
                             "ID": 26
                       },
                       {
                          "value": 3.7633,
                             "ID": 27
                       },
                       {
                          "value": 3.7633,
                             "ID": 28
                       },
                       {
                          "value": 4.4054,
                             "ID": 29
                       },
                       {
                          "value": 4.4049,
                             "ID": 30
                       }
                     ]
}
