{
       "J-coupling": [
                       {
                            "ID2": 15,
                            "ID1": 14,
                          "value": 8.526427
                       },
                       {
                            "ID2": 16,
                            "ID1": 14,
                          "value": 8.76002
                       },
                       {
                            "ID2": 19,
                            "ID1": 14,
                          "value": 0.5
                       },
                       {
                            "ID2": 16,
                            "ID1": 15,
                          "value": 1.583935
                       },
                       {
                            "ID2": 19,
                            "ID1": 15,
                          "value": 1.5
                       },
                       {
                            "ID2": 19,
                            "ID1": 16,
                          "value": 1.5
                       },
                       {
                            "ID2": 18,
                            "ID1": 17,
                          "value": 0.08
                       },
                       {
                            "ID2": 22,
                            "ID1": 17,
                          "value": 0.4
                       },
                       {
                            "ID2": 22,
                            "ID1": 18,
                          "value": 0.4
                       },
                       {
                            "ID2": 21,
                            "ID1": 20,
                          "value": 12.04
                       }
                     ],
   "chemical shift": [
                       {
                          "value": 7.22735,
                             "ID": 14
                       },
                       {
                          "value": 6.7595,
                             "ID": 15
                       },
                       {
                          "value": 6.80696,
                             "ID": 16
                       },
                       {
                          "value": 6.72968,
                             "ID": 17
                       },
                       {
                          "value": 7.23241,
                             "ID": 18
                       },
                       {
                          "value": 7.1297,
                             "ID": 19
                       },
                       {
                          "value": 4.9614,
                             "ID": 20
                       },
                       {
                          "value": 4.9629,
                             "ID": 21
                       },
                       {
                          "value": 8.0127,
                             "ID": 22
                       }
                     ]
}
