{
       "J-coupling": [
                       {
                            "ID2": 10,
                            "ID1": 9,
                          "value": -14
                       },
                       {
                            "ID2": 11,
                            "ID1": 9,
                          "value": -14
                       },
                       {
                            "ID2": 11,
                            "ID1": 10,
                          "value": -14
                       },
                       {
                            "ID2": 13,
                            "ID1": 12,
                          "value": 7.375517
                       },
                       {
                            "ID2": 14,
                            "ID1": 12,
                          "value": 1.646792
                       }
                     ],
   "chemical shift": [
                       {
                          "value": 2.2734,
                             "ID": 9
                       },
                       {
                          "value": 2.2734,
                             "ID": 10
                       },
                       {
                          "value": 2.2734,
                             "ID": 11
                       },
                       {
                          "value": 6.48797,
                             "ID": 12
                       },
                       {
                          "value": 7.42603,
                             "ID": 13
                       },
                       {
                          "value": 6.46689,
                             "ID": 14
                       }
                     ]
}
