{
       "J-coupling": [
                       {
                            "ID2": 10,
                            "ID1": 9,
                          "value": -14
                       },
                       {
                            "ID2": 11,
                            "ID1": 9,
                          "value": -14
                       },
                       {
                            "ID2": 11,
                            "ID1": 10,
                          "value": -14
                       },
                       {
                            "ID2": 13,
                            "ID1": 12,
                          "value": 11.9
                       }
                     ],
   "chemical shift": [
                       {
                          "value": 2.69235,
                             "ID": 9
                       },
                       {
                          "value": 2.69235,
                             "ID": 10
                       },
                       {
                          "value": 2.69235,
                             "ID": 11
                       },
                       {
                          "value": 4.23681,
                             "ID": 12
                       },
                       {
                          "value": 4.23045,
                             "ID": 13
                       },
                       {
                          "value": 7.4421,
                             "ID": 14
                       }
                     ]
}
