{
       "J-coupling": [
                       {
                            "ID2": 15,
                            "ID1": 14,
                          "value": -14
                       },
                       {
                            "ID2": 16,
                            "ID1": 14,
                          "value": -14
                       },
                       {
                            "ID2": 16,
                            "ID1": 15,
                          "value": -14
                       },
                       {
                            "ID2": 18,
                            "ID1": 17,
                          "value": 3.556211
                       },
                       {
                            "ID2": 21,
                            "ID1": 17,
                          "value": 1.347949
                       },
                       {
                            "ID2": 20,
                            "ID1": 19,
                          "value": 8.775389
                       }
                     ],
   "chemical shift": [
                       {
                          "value": 3.9386,
                             "ID": 14
                       },
                       {
                          "value": 3.9386,
                             "ID": 15
                       },
                       {
                          "value": 3.9386,
                             "ID": 16
                       },
                       {
                          "value": 6.715,
                             "ID": 17
                       },
                       {
                          "value": 7.4797,
                             "ID": 18
                       },
                       {
                          "value": 7.5837,
                             "ID": 19
                       },
                       {
                          "value": 7.8585,
                             "ID": 20
                       },
                       {
                          "value": 8.4277,
                             "ID": 21
                       }
                     ]
}
