{
       "J-coupling": [
                       {
                            "ID2": 19,
                            "ID1": 18,
                          "value": -14
                       },
                       {
                            "ID2": 20,
                            "ID1": 18,
                          "value": 8.205135
                       },
                       {
                            "ID2": 21,
                            "ID1": 18,
                          "value": 8.205135
                       },
                       {
                            "ID2": 24,
                            "ID1": 18,
                          "value": 6.976846
                       },
                       {
                            "ID2": 25,
                            "ID1": 18,
                          "value": 6.976846
                       },
                       {
                            "ID2": 20,
                            "ID1": 19,
                          "value": 8.205135
                       },
                       {
                            "ID2": 21,
                            "ID1": 19,
                          "value": 8.205135
                       },
                       {
                            "ID2": 24,
                            "ID1": 19,
                          "value": 6.976846
                       },
                       {
                            "ID2": 25,
                            "ID1": 19,
                          "value": 6.976846
                       },
                       {
                            "ID2": 21,
                            "ID1": 20,
                          "value": -14
                       },
                       {
                            "ID2": 23,
                            "ID1": 22,
                          "value": 8.54848
                       },
                       {
                            "ID2": 26,
                            "ID1": 22,
                          "value": 1.724268
                       },
                       {
                            "ID2": 25,
                            "ID1": 24,
                          "value": -14
                       }
                     ],
   "chemical shift": [
                       {
                          "value": 2.0702,
                             "ID": 18
                       },
                       {
                          "value": 2.0702,
                             "ID": 19
                       },
                       {
                          "value": 3.0233,
                             "ID": 20
                       },
                       {
                          "value": 3.0233,
                             "ID": 21
                       },
                       {
                          "value": 7.71,
                             "ID": 22
                       },
                       {
                          "value": 7.6019,
                             "ID": 23
                       },
                       {
                          "value": 3.6677,
                             "ID": 24
                       },
                       {
                          "value": 3.6677,
                             "ID": 25
                       },
                       {
                          "value": 7.9534,
                             "ID": 26
                       }
                     ]
}
