{
       "J-coupling": [
                       {
                            "ID2": 12,
                            "ID1": 11,
                          "value": -14
                       },
                       {
                            "ID2": 13,
                            "ID1": 11,
                          "value": -14
                       },
                       {
                            "ID2": 13,
                            "ID1": 12,
                          "value": -14
                       },
                       {
                            "ID2": 15,
                            "ID1": 14,
                          "value": 1.5
                       },
                       {
                            "ID2": 16,
                            "ID1": 14,
                          "value": 7.461641
                       },
                       {
                            "ID2": 17,
                            "ID1": 15,
                          "value": 7.461641
                       },
                       {
                            "ID2": 17,
                            "ID1": 16,
                          "value": 1.5
                       },
                       {
                            "ID2": 19,
                            "ID1": 18,
                          "value": -14
                       }
                     ],
   "chemical shift": [
                       {
                          "value": 2.7149,
                             "ID": 11
                       },
                       {
                          "value": 2.7149,
                             "ID": 12
                       },
                       {
                          "value": 2.7149,
                             "ID": 13
                       },
                       {
                          "value": 7.50491,
                             "ID": 14
                       },
                       {
                          "value": 7.50491,
                             "ID": 15
                       },
                       {
                          "value": 7.44456,
                             "ID": 16
                       },
                       {
                          "value": 7.44456,
                             "ID": 17
                       },
                       {
                          "value": 4.2023,
                             "ID": 18
                       },
                       {
                          "value": 4.2023,
                             "ID": 19
                       }
                     ]
}
