{
       "J-coupling": [
                       {
                            "ID2": 14,
                            "ID1": 13,
                          "value": 7.148982
                       },
                       {
                            "ID2": 15,
                            "ID1": 13,
                          "value": 8.263017
                       },
                       {
                            "ID2": 16,
                            "ID1": 13,
                          "value": 1.367899
                       },
                       {
                            "ID2": 15,
                            "ID1": 14,
                          "value": 1.615379
                       },
                       {
                            "ID2": 16,
                            "ID1": 14,
                          "value": 8.57104
                       },
                       {
                            "ID2": 18,
                            "ID1": 17,
                          "value": -14
                       },
                       {
                            "ID2": 19,
                            "ID1": 17,
                          "value": 7.276685
                       },
                       {
                            "ID2": 20,
                            "ID1": 17,
                          "value": 7.276685
                       },
                       {
                            "ID2": 19,
                            "ID1": 18,
                          "value": 7.276685
                       },
                       {
                            "ID2": 20,
                            "ID1": 18,
                          "value": 7.276685
                       },
                       {
                            "ID2": 20,
                            "ID1": 19,
                          "value": -14
                       }
                     ],
   "chemical shift": [
                       {
                          "value": 7.1579,
                             "ID": 13
                       },
                       {
                          "value": 7.24405,
                             "ID": 14
                       },
                       {
                          "value": 7.6974,
                             "ID": 15
                       },
                       {
                          "value": 7.5064,
                             "ID": 16
                       },
                       {
                          "value": 3.0203,
                             "ID": 17
                       },
                       {
                          "value": 3.0203,
                             "ID": 18
                       },
                       {
                          "value": 3.8781,
                             "ID": 19
                       },
                       {
                          "value": 3.8781,
                             "ID": 20
                       },
                       {
                          "value": 7.25066,
                             "ID": 21
                       }
                     ]
}
