{
       "J-coupling": [
                       {
                            "ID2": 16,
                            "ID1": 15,
                          "value": -14
                       },
                       {
                            "ID2": 17,
                            "ID1": 15,
                          "value": -14
                       },
                       {
                            "ID2": 17,
                            "ID1": 16,
                          "value": -14
                       },
                       {
                            "ID2": 19,
                            "ID1": 18,
                          "value": 6.836393
                       },
                       {
                            "ID2": 20,
                            "ID1": 18,
                          "value": 8.461246
                       },
                       {
                            "ID2": 21,
                            "ID1": 19,
                          "value": 8.461246
                       }
                     ],
   "chemical shift": [
                       {
                          "value": 4.0389,
                             "ID": 15
                       },
                       {
                          "value": 4.0389,
                             "ID": 16
                       },
                       {
                          "value": 4.0389,
                             "ID": 17
                       },
                       {
                          "value": 7.89539,
                             "ID": 18
                       },
                       {
                          "value": 7.94542,
                             "ID": 19
                       },
                       {
                          "value": 8.14435,
                             "ID": 20
                       },
                       {
                          "value": 8.23567,
                             "ID": 21
                       },
                       {
                          "value": 8.4406,
                             "ID": 22
                       },
                       {
                          "value": 8.71494,
                             "ID": 23
                       }
                     ]
}
