{
       "J-coupling": [
                       {
                            "ID2": 12,
                            "ID1": 11,
                          "value": -14
                       },
                       {
                            "ID2": 13,
                            "ID1": 11,
                          "value": -14
                       },
                       {
                            "ID2": 21,
                            "ID1": 11,
                          "value": 7.065872
                       },
                       {
                            "ID2": 13,
                            "ID1": 12,
                          "value": -14
                       },
                       {
                            "ID2": 21,
                            "ID1": 12,
                          "value": 7.065872
                       },
                       {
                            "ID2": 21,
                            "ID1": 13,
                          "value": 7.065872
                       },
                       {
                            "ID2": 15,
                            "ID1": 14,
                          "value": -14
                       },
                       {
                            "ID2": 16,
                            "ID1": 14,
                          "value": -14
                       },
                       {
                            "ID2": 21,
                            "ID1": 14,
                          "value": 7.065872
                       },
                       {
                            "ID2": 16,
                            "ID1": 15,
                          "value": -14
                       },
                       {
                            "ID2": 21,
                            "ID1": 15,
                          "value": 7.065872
                       },
                       {
                            "ID2": 21,
                            "ID1": 16,
                          "value": 7.065872
                       },
                       {
                            "ID2": 18,
                            "ID1": 17,
                          "value": 1.5
                       },
                       {
                            "ID2": 19,
                            "ID1": 17,
                          "value": 8.195
                       },
                       {
                            "ID2": 20,
                            "ID1": 18,
                          "value": 8.195
                       },
                       {
                            "ID2": 20,
                            "ID1": 19,
                          "value": 1.5
                       }
                     ],
   "chemical shift": [
                       {
                          "value": 1.1731,
                             "ID": 11
                       },
                       {
                          "value": 1.1731,
                             "ID": 12
                       },
                       {
                          "value": 1.1731,
                             "ID": 13
                       },
                       {
                          "value": 1.1731,
                             "ID": 14
                       },
                       {
                          "value": 1.1731,
                             "ID": 15
                       },
                       {
                          "value": 1.1731,
                             "ID": 16
                       },
                       {
                          "value": 6.815,
                             "ID": 17
                       },
                       {
                          "value": 6.815,
                             "ID": 18
                       },
                       {
                          "value": 7.1651,
                             "ID": 19
                       },
                       {
                          "value": 7.1651,
                             "ID": 20
                       },
                       {
                          "value": 2.8275,
                             "ID": 21
                       }
                     ]
}
