{
       "J-coupling": [
                       {
                            "ID2": 17,
                            "ID1": 16,
                          "value": -14
                       },
                       {
                            "ID2": 18,
                            "ID1": 16,
                          "value": -14
                       },
                       {
                            "ID2": 18,
                            "ID1": 17,
                          "value": -14
                       },
                       {
                            "ID2": 20,
                            "ID1": 19,
                          "value": -14
                       },
                       {
                            "ID2": 21,
                            "ID1": 19,
                          "value": -14
                       },
                       {
                            "ID2": 21,
                            "ID1": 20,
                          "value": -14
                       },
                       {
                            "ID2": 23,
                            "ID1": 22,
                          "value": 8.967772
                       },
                       {
                            "ID2": 26,
                            "ID1": 22,
                          "value": 8.388531
                       },
                       {
                            "ID2": 27,
                            "ID1": 22,
                          "value": 1.542434
                       },
                       {
                            "ID2": 26,
                            "ID1": 23,
                          "value": 1.402382
                       },
                       {
                            "ID2": 27,
                            "ID1": 23,
                          "value": 8.371673
                       },
                       {
                            "ID2": 25,
                            "ID1": 24,
                          "value": 13.63
                       },
                       {
                            "ID2": 28,
                            "ID1": 24,
                          "value": 6.39
                       },
                       {
                            "ID2": 29,
                            "ID1": 24,
                          "value": 6.39
                       },
                       {
                            "ID2": 30,
                            "ID1": 24,
                          "value": 6.11
                       },
                       {
                            "ID2": 31,
                            "ID1": 24,
                          "value": 6.11
                       },
                       {
                            "ID2": 28,
                            "ID1": 25,
                          "value": 6.39
                       },
                       {
                            "ID2": 29,
                            "ID1": 25,
                          "value": 6.39
                       },
                       {
                            "ID2": 30,
                            "ID1": 25,
                          "value": 6.11
                       },
                       {
                            "ID2": 31,
                            "ID1": 25,
                          "value": 6.11
                       },
                       {
                            "ID2": 29,
                            "ID1": 28,
                          "value": 12.22
                       },
                       {
                            "ID2": 31,
                            "ID1": 30,
                          "value": 11.68
                       },
                       {
                            "ID2": 33,
                            "ID1": 32,
                          "value": 11.2
                       }
                     ],
   "chemical shift": [
                       {
                          "value": 2.9376,
                             "ID": 16
                       },
                       {
                          "value": 2.9376,
                             "ID": 17
                       },
                       {
                          "value": 2.9376,
                             "ID": 18
                       },
                       {
                          "value": 2.9376,
                             "ID": 19
                       },
                       {
                          "value": 2.9376,
                             "ID": 20
                       },
                       {
                          "value": 2.9376,
                             "ID": 21
                       },
                       {
                          "value": 7.38847,
                             "ID": 22
                       },
                       {
                          "value": 7.05345,
                             "ID": 23
                       },
                       {
                          "value": 1.9648,
                             "ID": 24
                       },
                       {
                          "value": 1.9627,
                             "ID": 25
                       },
                       {
                          "value": 7.06765,
                             "ID": 26
                       },
                       {
                          "value": 7.36293,
                             "ID": 27
                       },
                       {
                          "value": 2.4992,
                             "ID": 28
                       },
                       {
                          "value": 2.5026,
                             "ID": 29
                       },
                       {
                          "value": 3.8679,
                             "ID": 30
                       },
                       {
                          "value": 3.8782,
                             "ID": 31
                       },
                       {
                          "value": 4.3227,
                             "ID": 32
                       },
                       {
                          "value": 4.3303,
                             "ID": 33
                       }
                     ]
}
