{
       "J-coupling": [
                       {
                            "ID2": 17,
                            "ID1": 16,
                          "value": 7.254364
                       },
                       {
                            "ID2": 18,
                            "ID1": 16,
                          "value": 7.254364
                       },
                       {
                            "ID2": 23,
                            "ID1": 16,
                          "value": 2.019755
                       },
                       {
                            "ID2": 23,
                            "ID1": 17,
                          "value": 6.631539
                       },
                       {
                            "ID2": 20,
                            "ID1": 19,
                          "value": 1.5
                       },
                       {
                            "ID2": 21,
                            "ID1": 19,
                          "value": 7.45
                       },
                       {
                            "ID2": 22,
                            "ID1": 20,
                          "value": 9.280852
                       },
                       {
                            "ID2": 22,
                            "ID1": 21,
                          "value": 1.5
                       }
                     ],
   "chemical shift": [
                       {
                          "value": 7.27864,
                             "ID": 16
                       },
                       {
                          "value": 7.9563,
                             "ID": 17
                       },
                       {
                          "value": 7.1487,
                             "ID": 18
                       },
                       {
                          "value": 6.6696,
                             "ID": 19
                       },
                       {
                          "value": 7.8363,
                             "ID": 20
                       },
                       {
                          "value": 7.26905,
                             "ID": 21
                       },
                       {
                          "value": 7.26905,
                             "ID": 22
                       },
                       {
                          "value": 8.1627,
                             "ID": 23
                       }
                     ]
}
