{
       "J-coupling": [
                       {
                            "ID2": 14,
                            "ID1": 13,
                          "value": 8.294814
                       },
                       {
                            "ID2": 15,
                            "ID1": 13,
                          "value": 4.930556
                       }
                     ],
   "chemical shift": [
                       {
                          "value": 7.49355,
                             "ID": 13
                       },
                       {
                          "value": 8.3471,
                             "ID": 14
                       },
                       {
                          "value": 8.58751,
                             "ID": 15
                       },
                       {
                          "value": 7.8172,
                             "ID": 16
                       }
                     ]
}
