{
       "J-coupling": [
                       {
                            "ID2": 19,
                            "ID1": 16,
                          "value": 7.559634
                       },
                       {
                            "ID2": 20,
                            "ID1": 16,
                          "value": 7.957178
                       },
                       {
                            "ID2": 18,
                            "ID1": 17,
                          "value": -14
                       },
                       {
                            "ID2": 21,
                            "ID1": 17,
                          "value": 6.604003
                       },
                       {
                            "ID2": 22,
                            "ID1": 17,
                          "value": 6.604003
                       },
                       {
                            "ID2": 21,
                            "ID1": 18,
                          "value": 6.604003
                       },
                       {
                            "ID2": 22,
                            "ID1": 18,
                          "value": 6.604003
                       },
                       {
                            "ID2": 22,
                            "ID1": 21,
                          "value": -14
                       }
                     ],
   "chemical shift": [
                       {
                          "value": 6.6446,
                             "ID": 16
                       },
                       {
                          "value": 4.3685,
                             "ID": 17
                       },
                       {
                          "value": 4.3685,
                             "ID": 18
                       },
                       {
                          "value": 7.9774,
                             "ID": 19
                       },
                       {
                          "value": 8.0882,
                             "ID": 20
                       },
                       {
                          "value": 3.0416,
                             "ID": 21
                       },
                       {
                          "value": 3.0416,
                             "ID": 22
                       }
                     ]
}
