{
       "J-coupling": [
                       {
                            "ID2": 13,
                            "ID1": 12,
                          "value": 7.605304
                       },
                       {
                            "ID2": 14,
                            "ID1": 12,
                          "value": 8.327971
                       },
                       {
                            "ID2": 16,
                            "ID1": 15,
                          "value": 5.5544
                       },
                       {
                            "ID2": 18,
                            "ID1": 17,
                          "value": -14
                       }
                     ],
   "chemical shift": [
                       {
                          "value": 7.46956,
                             "ID": 12
                       },
                       {
                          "value": 7.40938,
                             "ID": 13
                       },
                       {
                          "value": 7.9074,
                             "ID": 14
                       },
                       {
                          "value": 7.51655,
                             "ID": 15
                       },
                       {
                          "value": 7.65728,
                             "ID": 16
                       },
                       {
                          "value": 4.9319,
                             "ID": 17
                       },
                       {
                          "value": 4.9319,
                             "ID": 18
                       }
                     ]
}
