{
       "J-coupling": [
                       {
                            "ID2": 11,
                            "ID1": 10,
                          "value": -14
                       },
                       {
                            "ID2": 12,
                            "ID1": 10,
                          "value": -14
                       },
                       {
                            "ID2": 12,
                            "ID1": 11,
                          "value": -14
                       },
                       {
                            "ID2": 14,
                            "ID1": 13,
                          "value": 5.763759
                       }
                     ],
   "chemical shift": [
                       {
                          "value": 2.37938,
                             "ID": 10
                       },
                       {
                          "value": 2.37938,
                             "ID": 11
                       },
                       {
                          "value": 2.37938,
                             "ID": 12
                       },
                       {
                          "value": 6.5047,
                             "ID": 13
                       },
                       {
                          "value": 7.9957,
                             "ID": 14
                       }
                     ]
}
