{
       "J-coupling": [
                       {
                            "ID2": 16,
                            "ID1": 15,
                          "value": -14
                       },
                       {
                            "ID2": 17,
                            "ID1": 15,
                          "value": 5.983347
                       },
                       {
                            "ID2": 18,
                            "ID1": 15,
                          "value": 5.983347
                       },
                       {
                            "ID2": 19,
                            "ID1": 15,
                          "value": 5.983347
                       },
                       {
                            "ID2": 20,
                            "ID1": 15,
                          "value": 5.983347
                       },
                       {
                            "ID2": 17,
                            "ID1": 16,
                          "value": 5.983347
                       },
                       {
                            "ID2": 18,
                            "ID1": 16,
                          "value": 5.983347
                       },
                       {
                            "ID2": 19,
                            "ID1": 16,
                          "value": 5.983347
                       },
                       {
                            "ID2": 20,
                            "ID1": 16,
                          "value": 5.983347
                       },
                       {
                            "ID2": 18,
                            "ID1": 17,
                          "value": -14
                       },
                       {
                            "ID2": 24,
                            "ID1": 17,
                          "value": 3.200955
                       },
                       {
                            "ID2": 25,
                            "ID1": 17,
                          "value": 8.539074
                       },
                       {
                            "ID2": 24,
                            "ID1": 18,
                          "value": 8.539074
                       },
                       {
                            "ID2": 25,
                            "ID1": 18,
                          "value": 3.200955
                       },
                       {
                            "ID2": 20,
                            "ID1": 19,
                          "value": -14
                       },
                       {
                            "ID2": 26,
                            "ID1": 19,
                          "value": 3.200955
                       },
                       {
                            "ID2": 27,
                            "ID1": 19,
                          "value": 8.539074
                       },
                       {
                            "ID2": 26,
                            "ID1": 20,
                          "value": 8.539074
                       },
                       {
                            "ID2": 27,
                            "ID1": 20,
                          "value": 3.200955
                       },
                       {
                            "ID2": 22,
                            "ID1": 21,
                          "value": 5.680375
                       },
                       {
                            "ID2": 23,
                            "ID1": 21,
                          "value": 7.987282
                       },
                       {
                            "ID2": 23,
                            "ID1": 22,
                          "value": 1.865771
                       },
                       {
                            "ID2": 25,
                            "ID1": 24,
                          "value": -14
                       },
                       {
                            "ID2": 27,
                            "ID1": 26,
                          "value": -14
                       },
                       {
                            "ID2": 29,
                            "ID1": 28,
                          "value": 11.2
                       }
                     ],
   "chemical shift": [
                       {
                          "value": 1.60052,
                             "ID": 15
                       },
                       {
                          "value": 1.60052,
                             "ID": 16
                       },
                       {
                          "value": 1.71552,
                             "ID": 17
                       },
                       {
                          "value": 1.71552,
                             "ID": 18
                       },
                       {
                          "value": 1.71552,
                             "ID": 19
                       },
                       {
                          "value": 1.71552,
                             "ID": 20
                       },
                       {
                          "value": 7.15735,
                             "ID": 21
                       },
                       {
                          "value": 8.14961,
                             "ID": 22
                       },
                       {
                          "value": 7.86348,
                             "ID": 23
                       },
                       {
                          "value": 3.0436,
                             "ID": 24
                       },
                       {
                          "value": 3.0436,
                             "ID": 25
                       },
                       {
                          "value": 3.0436,
                             "ID": 26
                       },
                       {
                          "value": 3.0436,
                             "ID": 27
                       },
                       {
                          "value": 4.4562,
                             "ID": 28
                       },
                       {
                          "value": 4.4512,
                             "ID": 29
                       }
                     ]
}
