{
       "J-coupling": [
                       {
                            "ID2": 11,
                            "ID1": 10,
                          "value": -14
                       },
                       {
                            "ID2": 12,
                            "ID1": 10,
                          "value": -14
                       },
                       {
                            "ID2": 12,
                            "ID1": 11,
                          "value": -14
                       },
                       {
                            "ID2": 14,
                            "ID1": 13,
                          "value": -13.965988
                       },
                       {
                            "ID2": 15,
                            "ID1": 13,
                          "value": 5.67541
                       },
                       {
                            "ID2": 16,
                            "ID1": 13,
                          "value": 5.67541
                       },
                       {
                            "ID2": 15,
                            "ID1": 14,
                          "value": 5.67541
                       },
                       {
                            "ID2": 16,
                            "ID1": 14,
                          "value": 5.67541
                       },
                       {
                            "ID2": 16,
                            "ID1": 15,
                          "value": -14
                       }
                     ],
   "chemical shift": [
                       {
                          "value": 3.7646,
                             "ID": 10
                       },
                       {
                          "value": 3.7646,
                             "ID": 11
                       },
                       {
                          "value": 3.7646,
                             "ID": 12
                       },
                       {
                          "value": 3.32758,
                             "ID": 13
                       },
                       {
                          "value": 3.24893,
                             "ID": 14
                       },
                       {
                          "value": 3.01909,
                             "ID": 15
                       },
                       {
                          "value": 2.90801,
                             "ID": 16
                       },
                       {
                          "value": 5.1196,
                             "ID": 17
                       }
                     ]
}
