{
       "J-coupling": [
                       {
                            "ID2": 11,
                            "ID1": 10,
                          "value": 0.950368
                       },
                       {
                            "ID2": 12,
                            "ID1": 10,
                          "value": 0.950368
                       },
                       {
                            "ID2": 12,
                            "ID1": 11,
                          "value": 1.5
                       }
                     ],
   "chemical shift": [
                       {
                          "value": 6.87367,
                             "ID": 10
                       },
                       {
                          "value": 6.76582,
                             "ID": 11
                       },
                       {
                          "value": 6.76582,
                             "ID": 12
                       }
                     ]
}
