{
       "J-coupling": [
                       {
                            "ID2": 13,
                            "ID1": 12,
                          "value": -14
                       },
                       {
                            "ID2": 14,
                            "ID1": 12,
                          "value": -14
                       },
                       {
                            "ID2": 14,
                            "ID1": 13,
                          "value": -14
                       },
                       {
                            "ID2": 16,
                            "ID1": 15,
                          "value": -14
                       },
                       {
                            "ID2": 17,
                            "ID1": 15,
                          "value": -14
                       },
                       {
                            "ID2": 17,
                            "ID1": 16,
                          "value": -14
                       },
                       {
                            "ID2": 19,
                            "ID1": 18,
                          "value": 1.5
                       },
                       {
                            "ID2": 20,
                            "ID1": 18,
                          "value": 9.389633
                       },
                       {
                            "ID2": 21,
                            "ID1": 19,
                          "value": 9.389633
                       },
                       {
                            "ID2": 21,
                            "ID1": 20,
                          "value": 1.5
                       }
                     ],
   "chemical shift": [
                       {
                          "value": 2.6182,
                             "ID": 12
                       },
                       {
                          "value": 2.6182,
                             "ID": 13
                       },
                       {
                          "value": 2.6182,
                             "ID": 14
                       },
                       {
                          "value": 3.91114,
                             "ID": 15
                       },
                       {
                          "value": 3.91114,
                             "ID": 16
                       },
                       {
                          "value": 3.91114,
                             "ID": 17
                       },
                       {
                          "value": 8.01799,
                             "ID": 18
                       },
                       {
                          "value": 8.01799,
                             "ID": 19
                       },
                       {
                          "value": 7.09175,
                             "ID": 20
                       },
                       {
                          "value": 7.09175,
                             "ID": 21
                       }
                     ]
}
