{
       "J-coupling": [
                       {
                            "ID2": 16,
                            "ID1": 14,
                          "value": 8.035325
                       },
                       {
                            "ID2": 17,
                            "ID1": 14,
                          "value": 8.035325
                       },
                       {
                            "ID2": 18,
                            "ID1": 15,
                          "value": 3.720022
                       },
                       {
                            "ID2": 19,
                            "ID1": 15,
                          "value": 1.770166
                       },
                       {
                            "ID2": 17,
                            "ID1": 16,
                          "value": 1.5
                       },
                       {
                            "ID2": 20,
                            "ID1": 16,
                          "value": 1.484072
                       },
                       {
                            "ID2": 20,
                            "ID1": 17,
                          "value": 1.484072
                       },
                       {
                            "ID2": 19,
                            "ID1": 18,
                          "value": 1.017415
                       },
                       {
                            "ID2": 22,
                            "ID1": 21,
                          "value": -14
                       }
                     ],
   "chemical shift": [
                       {
                          "value": 7.527,
                             "ID": 14
                       },
                       {
                          "value": 6.61144,
                             "ID": 15
                       },
                       {
                          "value": 7.3782,
                             "ID": 16
                       },
                       {
                          "value": 7.7928,
                             "ID": 17
                       },
                       {
                          "value": 6.898,
                             "ID": 18
                       },
                       {
                          "value": 7.62888,
                             "ID": 19
                       },
                       {
                          "value": 7.8018,
                             "ID": 20
                       },
                       {
                          "value": 4.2249,
                             "ID": 21
                       },
                       {
                          "value": 4.2249,
                             "ID": 22
                       }
                     ]
}
