{
       "J-coupling": [
                       {
                            "ID2": 17,
                            "ID1": 16,
                          "value": -14
                       },
                       {
                            "ID2": 18,
                            "ID1": 16,
                          "value": 6.223473
                       },
                       {
                            "ID2": 19,
                            "ID1": 16,
                          "value": 6.223473
                       },
                       {
                            "ID2": 20,
                            "ID1": 16,
                          "value": 6.223473
                       },
                       {
                            "ID2": 21,
                            "ID1": 16,
                          "value": 6.223473
                       },
                       {
                            "ID2": 18,
                            "ID1": 17,
                          "value": 6.223473
                       },
                       {
                            "ID2": 19,
                            "ID1": 17,
                          "value": 6.223473
                       },
                       {
                            "ID2": 20,
                            "ID1": 17,
                          "value": 6.223473
                       },
                       {
                            "ID2": 21,
                            "ID1": 17,
                          "value": 6.223473
                       },
                       {
                            "ID2": 19,
                            "ID1": 18,
                          "value": -14
                       },
                       {
                            "ID2": 26,
                            "ID1": 18,
                          "value": 5.585078
                       },
                       {
                            "ID2": 27,
                            "ID1": 18,
                          "value": 5.585078
                       },
                       {
                            "ID2": 26,
                            "ID1": 19,
                          "value": 5.585078
                       },
                       {
                            "ID2": 27,
                            "ID1": 19,
                          "value": 5.585078
                       },
                       {
                            "ID2": 21,
                            "ID1": 20,
                          "value": -14
                       },
                       {
                            "ID2": 28,
                            "ID1": 20,
                          "value": 5.585078
                       },
                       {
                            "ID2": 29,
                            "ID1": 20,
                          "value": 5.585078
                       },
                       {
                            "ID2": 28,
                            "ID1": 21,
                          "value": 5.585078
                       },
                       {
                            "ID2": 29,
                            "ID1": 21,
                          "value": 5.585078
                       },
                       {
                            "ID2": 23,
                            "ID1": 22,
                          "value": 1.5
                       },
                       {
                            "ID2": 24,
                            "ID1": 22,
                          "value": 8.656729
                       },
                       {
                            "ID2": 25,
                            "ID1": 23,
                          "value": 8.656729
                       },
                       {
                            "ID2": 25,
                            "ID1": 24,
                          "value": 1.5
                       },
                       {
                            "ID2": 27,
                            "ID1": 26,
                          "value": -14
                       },
                       {
                            "ID2": 29,
                            "ID1": 28,
                          "value": -14
                       }
                     ],
   "chemical shift": [
                       {
                          "value": 1.5891,
                             "ID": 16
                       },
                       {
                          "value": 1.5891,
                             "ID": 17
                       },
                       {
                          "value": 1.69883,
                             "ID": 18
                       },
                       {
                          "value": 1.69883,
                             "ID": 19
                       },
                       {
                          "value": 1.69883,
                             "ID": 20
                       },
                       {
                          "value": 1.69883,
                             "ID": 21
                       },
                       {
                          "value": 7.81801,
                             "ID": 22
                       },
                       {
                          "value": 7.81801,
                             "ID": 23
                       },
                       {
                          "value": 7.12814,
                             "ID": 24
                       },
                       {
                          "value": 7.12814,
                             "ID": 25
                       },
                       {
                          "value": 3.21389,
                             "ID": 26
                       },
                       {
                          "value": 3.21389,
                             "ID": 27
                       },
                       {
                          "value": 3.21389,
                             "ID": 28
                       },
                       {
                          "value": 3.21389,
                             "ID": 29
                       }
                     ]
}
