{
       "J-coupling": [
                       {
                            "ID2": 17,
                            "ID1": 16,
                          "value": 8.254764
                       },
                       {
                            "ID2": 18,
                            "ID1": 16,
                          "value": 8.254764
                       },
                       {
                            "ID2": 23,
                            "ID1": 17,
                          "value": 1.867548
                       },
                       {
                            "ID2": 23,
                            "ID1": 18,
                          "value": 2.030239
                       },
                       {
                            "ID2": 20,
                            "ID1": 19,
                          "value": 1.5
                       },
                       {
                            "ID2": 21,
                            "ID1": 19,
                          "value": 5.72
                       },
                       {
                            "ID2": 22,
                            "ID1": 19,
                          "value": 0.5
                       },
                       {
                            "ID2": 21,
                            "ID1": 20,
                          "value": 0.5
                       },
                       {
                            "ID2": 22,
                            "ID1": 20,
                          "value": 5.72
                       },
                       {
                            "ID2": 22,
                            "ID1": 21,
                          "value": 1.5
                       }
                     ],
   "chemical shift": [
                       {
                          "value": 7.62241,
                             "ID": 16
                       },
                       {
                          "value": 7.92684,
                             "ID": 17
                       },
                       {
                          "value": 7.96212,
                             "ID": 18
                       },
                       {
                          "value": 7.79304,
                             "ID": 19
                       },
                       {
                          "value": 7.79304,
                             "ID": 20
                       },
                       {
                          "value": 8.60388,
                             "ID": 21
                       },
                       {
                          "value": 8.60388,
                             "ID": 22
                       },
                       {
                          "value": 8.24355,
                             "ID": 23
                       }
                     ]
}
