{
       "J-coupling": [
                       {
                            "ID2": 14,
                            "ID1": 13,
                          "value": -14
                       },
                       {
                            "ID2": 15,
                            "ID1": 13,
                          "value": -14
                       },
                       {
                            "ID2": 15,
                            "ID1": 14,
                          "value": -14
                       },
                       {
                            "ID2": 17,
                            "ID1": 16,
                          "value": 4.294031
                       },
                       {
                            "ID2": 19,
                            "ID1": 18,
                          "value": -14
                       },
                       {
                            "ID2": 20,
                            "ID1": 18,
                          "value": 9.44214
                       },
                       {
                            "ID2": 21,
                            "ID1": 18,
                          "value": 9.44214
                       },
                       {
                            "ID2": 20,
                            "ID1": 19,
                          "value": 9.44214
                       },
                       {
                            "ID2": 21,
                            "ID1": 19,
                          "value": 9.44214
                       },
                       {
                            "ID2": 21,
                            "ID1": 20,
                          "value": -14
                       }
                     ],
   "chemical shift": [
                       {
                          "value": 2.7994,
                             "ID": 13
                       },
                       {
                          "value": 2.7994,
                             "ID": 14
                       },
                       {
                          "value": 2.7994,
                             "ID": 15
                       },
                       {
                          "value": 7.15852,
                             "ID": 16
                       },
                       {
                          "value": 7.02683,
                             "ID": 17
                       },
                       {
                          "value": 3.1157,
                             "ID": 18
                       },
                       {
                          "value": 3.1157,
                             "ID": 19
                       },
                       {
                          "value": 3.212,
                             "ID": 20
                       },
                       {
                          "value": 3.212,
                             "ID": 21
                       }
                     ]
}
