{
       "J-coupling": [
                       {
                            "ID2": 13,
                            "ID1": 12,
                          "value": 7.95202
                       },
                       {
                            "ID2": 16,
                            "ID1": 13,
                          "value": 2.010378
                       },
                       {
                            "ID2": 15,
                            "ID1": 14,
                          "value": 15.9
                       }
                     ],
   "chemical shift": [
                       {
                          "value": 7.27189,
                             "ID": 12
                       },
                       {
                          "value": 7.10828,
                             "ID": 13
                       },
                       {
                          "value": 3.2723,
                             "ID": 14
                       },
                       {
                          "value": 3.2746,
                             "ID": 15
                       },
                       {
                          "value": 7.05937,
                             "ID": 16
                       }
                     ]
}
