{
       "J-coupling": [
                       {
                            "ID2": 17,
                            "ID1": 16,
                          "value": -14
                       },
                       {
                            "ID2": 18,
                            "ID1": 16,
                          "value": -14
                       },
                       {
                            "ID2": 18,
                            "ID1": 17,
                          "value": -14
                       },
                       {
                            "ID2": 24,
                            "ID1": 19,
                          "value": 2.210815
                       },
                       {
                            "ID2": 25,
                            "ID1": 19,
                          "value": 2.01447
                       },
                       {
                            "ID2": 21,
                            "ID1": 20,
                          "value": 1.5
                       },
                       {
                            "ID2": 22,
                            "ID1": 20,
                          "value": 7.764673
                       },
                       {
                            "ID2": 23,
                            "ID1": 21,
                          "value": 7.764673
                       },
                       {
                            "ID2": 23,
                            "ID1": 22,
                          "value": 1.5
                       },
                       {
                            "ID2": 27,
                            "ID1": 26,
                          "value": -14
                       },
                       {
                            "ID2": 29,
                            "ID1": 28,
                          "value": -14
                       }
                     ],
   "chemical shift": [
                       {
                          "value": 2.6989,
                             "ID": 16
                       },
                       {
                          "value": 2.6989,
                             "ID": 17
                       },
                       {
                          "value": 2.6989,
                             "ID": 18
                       },
                       {
                          "value": 6.41017,
                             "ID": 19
                       },
                       {
                          "value": 7.31667,
                             "ID": 20
                       },
                       {
                          "value": 7.31667,
                             "ID": 21
                       },
                       {
                          "value": 7.44725,
                             "ID": 22
                       },
                       {
                          "value": 7.44725,
                             "ID": 23
                       },
                       {
                          "value": 7.59401,
                             "ID": 24
                       },
                       {
                          "value": 7.80257,
                             "ID": 25
                       },
                       {
                          "value": 4.19929,
                             "ID": 26
                       },
                       {
                          "value": 4.19929,
                             "ID": 27
                       },
                       {
                          "value": 5.39666,
                             "ID": 28
                       },
                       {
                          "value": 5.39666,
                             "ID": 29
                       }
                     ]
}
