{
       "J-coupling": [
                       {
                            "ID2": 10,
                            "ID1": 9,
                          "value": 5.652271
                       },
                       {
                            "ID2": 13,
                            "ID1": 10,
                          "value": 0.548857
                       },
                       {
                            "ID2": 12,
                            "ID1": 11,
                          "value": -14
                       }
                     ],
   "chemical shift": [
                       {
                          "value": 8.7811,
                             "ID": 9
                       },
                       {
                          "value": 7.6001,
                             "ID": 10
                       },
                       {
                          "value": 4.35218,
                             "ID": 11
                       },
                       {
                          "value": 4.35218,
                             "ID": 12
                       },
                       {
                          "value": 9.1473,
                             "ID": 13
                       }
                     ]
}
