{
       "J-coupling": [
                       {
                            "ID2": 16,
                            "ID1": 15,
                          "value": -14
                       },
                       {
                            "ID2": 17,
                            "ID1": 15,
                          "value": -14
                       },
                       {
                            "ID2": 17,
                            "ID1": 16,
                          "value": -14
                       },
                       {
                            "ID2": 19,
                            "ID1": 18,
                          "value": -14
                       },
                       {
                            "ID2": 20,
                            "ID1": 18,
                          "value": -14
                       },
                       {
                            "ID2": 20,
                            "ID1": 19,
                          "value": -14
                       },
                       {
                            "ID2": 22,
                            "ID1": 21,
                          "value": -14
                       },
                       {
                            "ID2": 23,
                            "ID1": 21,
                          "value": -14
                       },
                       {
                            "ID2": 23,
                            "ID1": 22,
                          "value": -14
                       },
                       {
                            "ID2": 25,
                            "ID1": 24,
                          "value": 8.107889
                       },
                       {
                            "ID2": 26,
                            "ID1": 24,
                          "value": 7.985991
                       },
                       {
                            "ID2": 27,
                            "ID1": 24,
                          "value": 1.513499
                       },
                       {
                            "ID2": 27,
                            "ID1": 26,
                          "value": 1.513499
                       }
                     ],
   "chemical shift": [
                       {
                          "value": 1.5769,
                             "ID": 15
                       },
                       {
                          "value": 1.5769,
                             "ID": 16
                       },
                       {
                          "value": 1.5769,
                             "ID": 17
                       },
                       {
                          "value": 1.5769,
                             "ID": 18
                       },
                       {
                          "value": 1.5769,
                             "ID": 19
                       },
                       {
                          "value": 1.5769,
                             "ID": 20
                       },
                       {
                          "value": 1.5769,
                             "ID": 21
                       },
                       {
                          "value": 1.5769,
                             "ID": 22
                       },
                       {
                          "value": 1.5769,
                             "ID": 23
                       },
                       {
                          "value": 7.31279,
                             "ID": 24
                       },
                       {
                          "value": 7.42139,
                             "ID": 25
                       },
                       {
                          "value": 7.06186,
                             "ID": 26
                       },
                       {
                          "value": 7.38117,
                             "ID": 27
                       }
                     ]
}
