{
       "J-coupling": [
                       {
                            "ID2": 11,
                            "ID1": 10,
                          "value": -14
                       },
                       {
                            "ID2": 12,
                            "ID1": 10,
                          "value": -14
                       },
                       {
                            "ID2": 12,
                            "ID1": 11,
                          "value": -14
                       }
                     ],
   "chemical shift": [
                       {
                          "value": 2.60387,
                             "ID": 10
                       },
                       {
                          "value": 2.60387,
                             "ID": 11
                       },
                       {
                          "value": 2.60387,
                             "ID": 12
                       },
                       {
                          "value": 8.44862,
                             "ID": 13
                       }
                     ]
}
