{
       "J-coupling": [
                       {
                            "ID2": 11,
                            "ID1": 10,
                          "value": 9.111007
                       },
                       {
                            "ID2": 12,
                            "ID1": 10,
                          "value": 7.992871
                       },
                       {
                            "ID2": 13,
                            "ID1": 11,
                          "value": 7.934478
                       }
                     ],
   "chemical shift": [
                       {
                          "value": 6.74148,
                             "ID": 10
                       },
                       {
                          "value": 7.42311,
                             "ID": 11
                       },
                       {
                          "value": 6.81154,
                             "ID": 12
                       },
                       {
                          "value": 7.48141,
                             "ID": 13
                       }
                     ]
}
