{
       "J-coupling": [
                       {
                            "ID2": 11,
                            "ID1": 10,
                          "value": 7
                       },
                       {
                            "ID2": 12,
                            "ID1": 10,
                          "value": 10.090491
                       },
                       {
                            "ID2": 13,
                            "ID1": 10,
                          "value": 0.80157
                       },
                       {
                            "ID2": 12,
                            "ID1": 11,
                          "value": 0.80157
                       },
                       {
                            "ID2": 13,
                            "ID1": 11,
                          "value": 10.090491
                       }
                     ],
   "chemical shift": [
                       {
                          "value": 7.56431,
                             "ID": 10
                       },
                       {
                          "value": 7.56431,
                             "ID": 11
                       },
                       {
                          "value": 7.8977,
                             "ID": 12
                       },
                       {
                          "value": 7.8977,
                             "ID": 13
                       }
                     ]
}
