{
       "J-coupling": [
                       {
                            "ID2": 14,
                            "ID1": 13,
                          "value": 8.236679
                       },
                       {
                            "ID2": 15,
                            "ID1": 13,
                          "value": 10.103105
                       },
                       {
                            "ID2": 15,
                            "ID1": 14,
                          "value": 1.64752
                       },
                       {
                            "ID2": 16,
                            "ID1": 14,
                          "value": 1.168833
                       },
                       {
                            "ID2": 16,
                            "ID1": 15,
                          "value": 2.508049
                       }
                     ],
   "chemical shift": [
                       {
                          "value": 7.0881,
                             "ID": 13
                       },
                       {
                          "value": 7.4256,
                             "ID": 14
                       },
                       {
                          "value": 7.2471,
                             "ID": 15
                       },
                       {
                          "value": 7.1926,
                             "ID": 16
                       }
                     ]
}
