{
       "J-coupling": [
                       {
                            "ID2": 10,
                            "ID1": 9,
                          "value": -14
                       },
                       {
                            "ID2": 11,
                            "ID1": 9,
                          "value": -14
                       },
                       {
                            "ID2": 12,
                            "ID1": 9,
                          "value": 8.06601
                       },
                       {
                            "ID2": 13,
                            "ID1": 9,
                          "value": 8.06601
                       },
                       {
                            "ID2": 11,
                            "ID1": 10,
                          "value": -14
                       },
                       {
                            "ID2": 12,
                            "ID1": 10,
                          "value": 8.06601
                       },
                       {
                            "ID2": 13,
                            "ID1": 10,
                          "value": 8.06601
                       },
                       {
                            "ID2": 12,
                            "ID1": 11,
                          "value": 8.06601
                       },
                       {
                            "ID2": 13,
                            "ID1": 11,
                          "value": 8.06601
                       },
                       {
                            "ID2": 13,
                            "ID1": 12,
                          "value": -14
                       }
                     ],
   "chemical shift": [
                       {
                          "value": 1.17446,
                             "ID": 9
                       },
                       {
                          "value": 1.17446,
                             "ID": 10
                       },
                       {
                          "value": 1.17446,
                             "ID": 11
                       },
                       {
                          "value": 2.56057,
                             "ID": 12
                       },
                       {
                          "value": 2.56057,
                             "ID": 13
                       },
                       {
                          "value": 5.5898,
                             "ID": 14
                       }
                     ]
}
