{
       "J-coupling": [
                       {
                            "ID2": 14,
                            "ID1": 13,
                          "value": -14
                       },
                       {
                            "ID2": 15,
                            "ID1": 13,
                          "value": -14
                       },
                       {
                            "ID2": 15,
                            "ID1": 14,
                          "value": -14
                       },
                       {
                            "ID2": 17,
                            "ID1": 16,
                          "value": 7.483071
                       },
                       {
                            "ID2": 18,
                            "ID1": 16,
                          "value": 9.099106
                       },
                       {
                            "ID2": 19,
                            "ID1": 17,
                          "value": 9.099106
                       },
                       {
                            "ID2": 21,
                            "ID1": 20,
                          "value": -14
                       }
                     ],
   "chemical shift": [
                       {
                          "value": 4.1934,
                             "ID": 13
                       },
                       {
                          "value": 4.1934,
                             "ID": 14
                       },
                       {
                          "value": 4.1934,
                             "ID": 15
                       },
                       {
                          "value": 7.21319,
                             "ID": 16
                       },
                       {
                          "value": 7.42608,
                             "ID": 17
                       },
                       {
                          "value": 7.83425,
                             "ID": 18
                       },
                       {
                          "value": 7.64789,
                             "ID": 19
                       },
                       {
                          "value": 5.084,
                             "ID": 20
                       },
                       {
                          "value": 5.084,
                             "ID": 21
                       }
                     ]
}
