{
       "J-coupling": [
                       {
                            "ID2": 14,
                            "ID1": 13,
                          "value": 5.018416
                       },
                       {
                            "ID2": 15,
                            "ID1": 13,
                          "value": 4.278251
                       },
                       {
                            "ID2": 18,
                            "ID1": 17,
                          "value": 12.55
                       }
                     ],
   "chemical shift": [
                       {
                          "value": 7.2273,
                             "ID": 13
                       },
                       {
                          "value": 7.66699,
                             "ID": 14
                       },
                       {
                          "value": 7.6615,
                             "ID": 15
                       },
                       {
                          "value": 6.70876,
                             "ID": 16
                       },
                       {
                          "value": 4.7976,
                             "ID": 17
                       },
                       {
                          "value": 4.7956,
                             "ID": 18
                       }
                     ]
}
