{
       "J-coupling": [
                       {
                            "ID2": 16,
                            "ID1": 15,
                          "value": -14
                       },
                       {
                            "ID2": 17,
                            "ID1": 15,
                          "value": 6.378742
                       },
                       {
                            "ID2": 18,
                            "ID1": 15,
                          "value": 6.378742
                       },
                       {
                            "ID2": 19,
                            "ID1": 15,
                          "value": 6.378742
                       },
                       {
                            "ID2": 20,
                            "ID1": 15,
                          "value": 6.378742
                       },
                       {
                            "ID2": 17,
                            "ID1": 16,
                          "value": 6.378742
                       },
                       {
                            "ID2": 18,
                            "ID1": 16,
                          "value": 6.378742
                       },
                       {
                            "ID2": 19,
                            "ID1": 16,
                          "value": 6.378742
                       },
                       {
                            "ID2": 20,
                            "ID1": 16,
                          "value": 6.378742
                       },
                       {
                            "ID2": 18,
                            "ID1": 17,
                          "value": -14
                       },
                       {
                            "ID2": 24,
                            "ID1": 17,
                          "value": 7.801215
                       },
                       {
                            "ID2": 25,
                            "ID1": 17,
                          "value": 3.710719
                       },
                       {
                            "ID2": 24,
                            "ID1": 18,
                          "value": 3.710719
                       },
                       {
                            "ID2": 25,
                            "ID1": 18,
                          "value": 7.801215
                       },
                       {
                            "ID2": 20,
                            "ID1": 19,
                          "value": -14
                       },
                       {
                            "ID2": 26,
                            "ID1": 19,
                          "value": 7.801215
                       },
                       {
                            "ID2": 27,
                            "ID1": 19,
                          "value": 3.710719
                       },
                       {
                            "ID2": 26,
                            "ID1": 20,
                          "value": 3.710719
                       },
                       {
                            "ID2": 27,
                            "ID1": 20,
                          "value": 7.801215
                       },
                       {
                            "ID2": 22,
                            "ID1": 21,
                          "value": 9.617212
                       },
                       {
                            "ID2": 23,
                            "ID1": 21,
                          "value": 5.065959
                       },
                       {
                            "ID2": 23,
                            "ID1": 22,
                          "value": 1.331397
                       },
                       {
                            "ID2": 25,
                            "ID1": 24,
                          "value": -14
                       },
                       {
                            "ID2": 27,
                            "ID1": 26,
                          "value": -14
                       }
                     ],
   "chemical shift": [
                       {
                          "value": 1.61944,
                             "ID": 15
                       },
                       {
                          "value": 1.61944,
                             "ID": 16
                       },
                       {
                          "value": 1.7613,
                             "ID": 17
                       },
                       {
                          "value": 1.7613,
                             "ID": 18
                       },
                       {
                          "value": 1.7613,
                             "ID": 19
                       },
                       {
                          "value": 1.7613,
                             "ID": 20
                       },
                       {
                          "value": 7.62789,
                             "ID": 21
                       },
                       {
                          "value": 7.73872,
                             "ID": 22
                       },
                       {
                          "value": 8.2358,
                             "ID": 23
                       },
                       {
                          "value": 3.22091,
                             "ID": 24
                       },
                       {
                          "value": 3.22091,
                             "ID": 25
                       },
                       {
                          "value": 3.22091,
                             "ID": 26
                       },
                       {
                          "value": 3.22091,
                             "ID": 27
                       }
                     ]
}
