{
       "J-coupling": [
                       {
                            "ID2": 20,
                            "ID1": 19,
                          "value": 7.56
                       },
                       {
                            "ID2": 21,
                            "ID1": 19,
                          "value": 7.56
                       },
                       {
                            "ID2": 21,
                            "ID1": 20,
                          "value": -14
                       },
                       {
                            "ID2": 23,
                            "ID1": 22,
                          "value": 6.81
                       },
                       {
                            "ID2": 24,
                            "ID1": 22,
                          "value": 6.55
                       },
                       {
                            "ID2": 25,
                            "ID1": 22,
                          "value": 1.5
                       },
                       {
                            "ID2": 24,
                            "ID1": 23,
                          "value": 1.5
                       },
                       {
                            "ID2": 25,
                            "ID1": 23,
                          "value": 6.55
                       },
                       {
                            "ID2": 25,
                            "ID1": 24,
                          "value": 0.5
                       },
                       {
                            "ID2": 28,
                            "ID1": 27,
                          "value": 11.2
                       }
                     ],
   "chemical shift": [
                       {
                          "value": 3.8676,
                             "ID": 19
                       },
                       {
                          "value": 3.8725,
                             "ID": 20
                       },
                       {
                          "value": 3.8725,
                             "ID": 21
                       },
                       {
                          "value": 5.5373,
                             "ID": 22
                       },
                       {
                          "value": 5.9779,
                             "ID": 23
                       },
                       {
                          "value": 5.4507,
                             "ID": 24
                       },
                       {
                          "value": 6.3435,
                             "ID": 25
                       },
                       {
                          "value": 6.5212,
                             "ID": 26
                       },
                       {
                          "value": 4.755,
                             "ID": 27
                       },
                       {
                          "value": 4.7544,
                             "ID": 28
                       }
                     ]
}
