{
       "J-coupling": [
                       {
                            "ID2": 11,
                            "ID1": 10,
                          "value": 8.205004
                       },
                       {
                            "ID2": 12,
                            "ID1": 10,
                          "value": 8.205004
                       },
                       {
                            "ID2": 12,
                            "ID1": 11,
                          "value": 1.326059
                       },
                       {
                            "ID2": 13,
                            "ID1": 11,
                          "value": 1.816505
                       },
                       {
                            "ID2": 13,
                            "ID1": 12,
                          "value": 1.779138
                       },
                       {
                            "ID2": 15,
                            "ID1": 14,
                          "value": 11.11
                       }
                     ],
   "chemical shift": [
                       {
                          "value": 7.38641,
                             "ID": 10
                       },
                       {
                          "value": 7.36964,
                             "ID": 11
                       },
                       {
                          "value": 7.3111,
                             "ID": 12
                       },
                       {
                          "value": 7.4255,
                             "ID": 13
                       },
                       {
                          "value": 4.2377,
                             "ID": 14
                       },
                       {
                          "value": 4.2393,
                             "ID": 15
                       }
                     ]
}
