{
       "J-coupling": [
                       {
                            "ID2": 12,
                            "ID1": 11,
                          "value": -14
                       },
                       {
                            "ID2": 13,
                            "ID1": 11,
                          "value": -14
                       },
                       {
                            "ID2": 13,
                            "ID1": 12,
                          "value": -14
                       },
                       {
                            "ID2": 15,
                            "ID1": 14,
                          "value": 6.325438
                       },
                       {
                            "ID2": 16,
                            "ID1": 14,
                          "value": 9.105097
                       }
                     ],
   "chemical shift": [
                       {
                          "value": 2.6164,
                             "ID": 11
                       },
                       {
                          "value": 2.6164,
                             "ID": 12
                       },
                       {
                          "value": 2.6164,
                             "ID": 13
                       },
                       {
                          "value": 7.4574,
                             "ID": 14
                       },
                       {
                          "value": 7.28791,
                             "ID": 15
                       },
                       {
                          "value": 7.696,
                             "ID": 16
                       }
                     ]
}
