{
       "J-coupling": [
                       {
                            "ID2": 11,
                            "ID1": 10,
                          "value": 7.520336
                       },
                       {
                            "ID2": 12,
                            "ID1": 10,
                          "value": 8.720569
                       },
                       {
                            "ID2": 13,
                            "ID1": 11,
                          "value": 8.720569
                       }
                     ],
   "chemical shift": [
                       {
                          "value": 7.24595,
                             "ID": 10
                       },
                       {
                          "value": 7.49259,
                             "ID": 11
                       },
                       {
                          "value": 7.65699,
                             "ID": 12
                       },
                       {
                          "value": 7.87811,
                             "ID": 13
                       },
                       {
                          "value": 8.16036,
                             "ID": 14
                       }
                     ]
}
