{
       "J-coupling": [
                       {
                            "ID2": 15,
                            "ID1": 14,
                          "value": 7.532309
                       },
                       {
                            "ID2": 16,
                            "ID1": 14,
                          "value": 8.260162
                       },
                       {
                            "ID2": 17,
                            "ID1": 15,
                          "value": 8.260162
                       },
                       {
                            "ID2": 19,
                            "ID1": 18,
                          "value": -14
                       },
                       {
                            "ID2": 22,
                            "ID1": 18,
                          "value": 5.219443
                       },
                       {
                            "ID2": 23,
                            "ID1": 18,
                          "value": 5.219443
                       },
                       {
                            "ID2": 22,
                            "ID1": 19,
                          "value": 5.219443
                       },
                       {
                            "ID2": 23,
                            "ID1": 19,
                          "value": 5.219443
                       },
                       {
                            "ID2": 21,
                            "ID1": 20,
                          "value": -14
                       },
                       {
                            "ID2": 24,
                            "ID1": 20,
                          "value": 5.219443
                       },
                       {
                            "ID2": 25,
                            "ID1": 20,
                          "value": 5.219443
                       },
                       {
                            "ID2": 24,
                            "ID1": 21,
                          "value": 5.219443
                       },
                       {
                            "ID2": 25,
                            "ID1": 21,
                          "value": 5.219443
                       },
                       {
                            "ID2": 23,
                            "ID1": 22,
                          "value": -14
                       },
                       {
                            "ID2": 25,
                            "ID1": 24,
                          "value": -14
                       }
                     ],
   "chemical shift": [
                       {
                          "value": 7.08942,
                             "ID": 14
                       },
                       {
                          "value": 6.90004,
                             "ID": 15
                       },
                       {
                          "value": 6.93648,
                             "ID": 16
                       },
                       {
                          "value": 7.19248,
                             "ID": 17
                       },
                       {
                          "value": 3.12766,
                             "ID": 18
                       },
                       {
                          "value": 3.12766,
                             "ID": 19
                       },
                       {
                          "value": 3.12766,
                             "ID": 20
                       },
                       {
                          "value": 3.12766,
                             "ID": 21
                       },
                       {
                          "value": 3.43499,
                             "ID": 22
                       },
                       {
                          "value": 3.43499,
                             "ID": 23
                       },
                       {
                          "value": 3.43499,
                             "ID": 24
                       },
                       {
                          "value": 3.43499,
                             "ID": 25
                       }
                     ]
}
