{
       "J-coupling": [
                       {
                            "ID2": 13,
                            "ID1": 12,
                          "value": 9.39335
                       },
                       {
                            "ID2": 16,
                            "ID1": 12,
                          "value": 1.575868
                       },
                       {
                            "ID2": 15,
                            "ID1": 14,
                          "value": 0.0755
                       },
                       {
                            "ID2": 18,
                            "ID1": 17,
                          "value": -14
                       }
                     ],
   "chemical shift": [
                       {
                          "value": 7.48049,
                             "ID": 12
                       },
                       {
                          "value": 7.63934,
                             "ID": 13
                       },
                       {
                          "value": 7.87048,
                             "ID": 14
                       },
                       {
                          "value": 8.4553,
                             "ID": 15
                       },
                       {
                          "value": 7.63996,
                             "ID": 16
                       },
                       {
                          "value": 4,
                             "ID": 17
                       },
                       {
                          "value": 4,
                             "ID": 18
                       }
                     ]
}
