{
       "J-coupling": [
                       {
                            "ID2": 13,
                            "ID1": 12,
                          "value": -14
                       },
                       {
                            "ID2": 14,
                            "ID1": 12,
                          "value": 8.06
                       },
                       {
                            "ID2": 14,
                            "ID1": 13,
                          "value": 8.06
                       },
                       {
                            "ID2": 16,
                            "ID1": 15,
                          "value": 8.06
                       },
                       {
                            "ID2": 17,
                            "ID1": 15,
                          "value": -14
                       },
                       {
                            "ID2": 17,
                            "ID1": 16,
                          "value": 8.06
                       },
                       {
                            "ID2": 19,
                            "ID1": 18,
                          "value": -14
                       },
                       {
                            "ID2": 20,
                            "ID1": 18,
                          "value": 8.06
                       },
                       {
                            "ID2": 20,
                            "ID1": 19,
                          "value": 8.06
                       },
                       {
                            "ID2": 22,
                            "ID1": 21,
                          "value": -14
                       },
                       {
                            "ID2": 23,
                            "ID1": 21,
                          "value": 5.93
                       },
                       {
                            "ID2": 23,
                            "ID1": 22,
                          "value": 5.93
                       },
                       {
                            "ID2": 25,
                            "ID1": 24,
                          "value": 13.45
                       }
                     ],
   "chemical shift": [
                       {
                          "value": 1.1799,
                             "ID": 12
                       },
                       {
                          "value": 1.1799,
                             "ID": 13
                       },
                       {
                          "value": 1.1797,
                             "ID": 14
                       },
                       {
                          "value": 1.1799,
                             "ID": 15
                       },
                       {
                          "value": 1.1797,
                             "ID": 16
                       },
                       {
                          "value": 1.1799,
                             "ID": 17
                       },
                       {
                          "value": 1.1799,
                             "ID": 18
                       },
                       {
                          "value": 1.1799,
                             "ID": 19
                       },
                       {
                          "value": 1.1797,
                             "ID": 20
                       },
                       {
                          "value": 3.47,
                             "ID": 21
                       },
                       {
                          "value": 3.47,
                             "ID": 22
                       },
                       {
                          "value": 3.4665,
                             "ID": 23
                       },
                       {
                          "value": 2.8104,
                             "ID": 24
                       },
                       {
                          "value": 2.8211,
                             "ID": 25
                       }
                     ]
}
