{
       "J-coupling": [
                       {
                            "ID2": 13,
                            "ID1": 12,
                          "value": 8.033386
                       },
                       {
                            "ID2": 18,
                            "ID1": 12,
                          "value": 1.501611
                       },
                       {
                            "ID2": 15,
                            "ID1": 14,
                          "value": -14
                       },
                       {
                            "ID2": 16,
                            "ID1": 14,
                          "value": 8.792403
                       },
                       {
                            "ID2": 17,
                            "ID1": 14,
                          "value": 8.792403
                       },
                       {
                            "ID2": 16,
                            "ID1": 15,
                          "value": 8.792403
                       },
                       {
                            "ID2": 17,
                            "ID1": 15,
                          "value": 8.792403
                       },
                       {
                            "ID2": 17,
                            "ID1": 16,
                          "value": 11.77
                       },
                       {
                            "ID2": 20,
                            "ID1": 19,
                          "value": -14
                       }
                     ],
   "chemical shift": [
                       {
                          "value": 7.21005,
                             "ID": 12
                       },
                       {
                          "value": 6.86049,
                             "ID": 13
                       },
                       {
                          "value": 3.248,
                             "ID": 14
                       },
                       {
                          "value": 3.248,
                             "ID": 15
                       },
                       {
                          "value": 4.4156,
                             "ID": 16
                       },
                       {
                          "value": 4.4166,
                             "ID": 17
                       },
                       {
                          "value": 7.34203,
                             "ID": 18
                       },
                       {
                          "value": 4.1011,
                             "ID": 19
                       },
                       {
                          "value": 4.1011,
                             "ID": 20
                       }
                     ]
}
