{
       "J-coupling": [
                       {
                            "ID2": 17,
                            "ID1": 16,
                          "value": -14
                       },
                       {
                            "ID2": 18,
                            "ID1": 16,
                          "value": -14
                       },
                       {
                            "ID2": 18,
                            "ID1": 17,
                          "value": -14
                       },
                       {
                            "ID2": 24,
                            "ID1": 19,
                          "value": 5.269194
                       },
                       {
                            "ID2": 25,
                            "ID1": 19,
                          "value": 5.269194
                       },
                       {
                            "ID2": 21,
                            "ID1": 20,
                          "value": 1.5
                       },
                       {
                            "ID2": 22,
                            "ID1": 20,
                          "value": 8.585015
                       },
                       {
                            "ID2": 23,
                            "ID1": 21,
                          "value": 8.585015
                       },
                       {
                            "ID2": 23,
                            "ID1": 22,
                          "value": 1.5
                       },
                       {
                            "ID2": 25,
                            "ID1": 24,
                          "value": 1.5
                       },
                       {
                            "ID2": 27,
                            "ID1": 26,
                          "value": -14
                       }
                     ],
   "chemical shift": [
                       {
                          "value": 2.7713,
                             "ID": 16
                       },
                       {
                          "value": 2.7713,
                             "ID": 17
                       },
                       {
                          "value": 2.7713,
                             "ID": 18
                       },
                       {
                          "value": 7.544,
                             "ID": 19
                       },
                       {
                          "value": 8.2162,
                             "ID": 20
                       },
                       {
                          "value": 8.2162,
                             "ID": 21
                       },
                       {
                          "value": 7.6586,
                             "ID": 22
                       },
                       {
                          "value": 7.6586,
                             "ID": 23
                       },
                       {
                          "value": 8.9008,
                             "ID": 24
                       },
                       {
                          "value": 8.9008,
                             "ID": 25
                       },
                       {
                          "value": 4.3204,
                             "ID": 26
                       },
                       {
                          "value": 4.3204,
                             "ID": 27
                       }
                     ]
}
