{
       "J-coupling": [
                       {
                            "ID2": 14,
                            "ID1": 13,
                          "value": -14
                       },
                       {
                            "ID2": 15,
                            "ID1": 13,
                          "value": -14
                       },
                       {
                            "ID2": 16,
                            "ID1": 13,
                          "value": 8.030324
                       },
                       {
                            "ID2": 17,
                            "ID1": 13,
                          "value": 8.030324
                       },
                       {
                            "ID2": 15,
                            "ID1": 14,
                          "value": -14
                       },
                       {
                            "ID2": 16,
                            "ID1": 14,
                          "value": 8.030324
                       },
                       {
                            "ID2": 17,
                            "ID1": 14,
                          "value": 8.030324
                       },
                       {
                            "ID2": 16,
                            "ID1": 15,
                          "value": 8.030324
                       },
                       {
                            "ID2": 17,
                            "ID1": 15,
                          "value": 8.030324
                       },
                       {
                            "ID2": 17,
                            "ID1": 16,
                          "value": -14
                       },
                       {
                            "ID2": 18,
                            "ID1": 16,
                          "value": 6.78
                       },
                       {
                            "ID2": 19,
                            "ID1": 16,
                          "value": 6.78
                       },
                       {
                            "ID2": 18,
                            "ID1": 17,
                          "value": 6.78
                       },
                       {
                            "ID2": 19,
                            "ID1": 17,
                          "value": 6.78
                       },
                       {
                            "ID2": 19,
                            "ID1": 18,
                          "value": -14
                       },
                       {
                            "ID2": 20,
                            "ID1": 18,
                          "value": 8.195009
                       },
                       {
                            "ID2": 21,
                            "ID1": 18,
                          "value": 8.195009
                       },
                       {
                            "ID2": 20,
                            "ID1": 19,
                          "value": 8.195009
                       },
                       {
                            "ID2": 21,
                            "ID1": 19,
                          "value": 8.195009
                       },
                       {
                            "ID2": 21,
                            "ID1": 20,
                          "value": -14
                       },
                       {
                            "ID2": 23,
                            "ID1": 22,
                          "value": -14
                       }
                     ],
   "chemical shift": [
                       {
                          "value": 0.87148,
                             "ID": 13
                       },
                       {
                          "value": 0.87148,
                             "ID": 14
                       },
                       {
                          "value": 0.87148,
                             "ID": 15
                       },
                       {
                          "value": 1.2783,
                             "ID": 16
                       },
                       {
                          "value": 1.2783,
                             "ID": 17
                       },
                       {
                          "value": 1.62961,
                             "ID": 18
                       },
                       {
                          "value": 1.62961,
                             "ID": 19
                       },
                       {
                          "value": 2.65465,
                             "ID": 20
                       },
                       {
                          "value": 2.65465,
                             "ID": 21
                       },
                       {
                          "value": 4.5375,
                             "ID": 22
                       },
                       {
                          "value": 4.5375,
                             "ID": 23
                       }
                     ]
}
