{
       "J-coupling": [
                       {
                            "ID2": 15,
                            "ID1": 14,
                          "value": -14
                       },
                       {
                            "ID2": 16,
                            "ID1": 14,
                          "value": -14
                       },
                       {
                            "ID2": 16,
                            "ID1": 15,
                          "value": -14
                       },
                       {
                            "ID2": 18,
                            "ID1": 17,
                          "value": -14
                       },
                       {
                            "ID2": 19,
                            "ID1": 17,
                          "value": -14
                       },
                       {
                            "ID2": 19,
                            "ID1": 18,
                          "value": -14
                       },
                       {
                            "ID2": 21,
                            "ID1": 20,
                          "value": -14
                       },
                       {
                            "ID2": 22,
                            "ID1": 20,
                          "value": -14
                       },
                       {
                            "ID2": 22,
                            "ID1": 21,
                          "value": -14
                       }
                     ],
   "chemical shift": [
                       {
                          "value": 1.3295,
                             "ID": 14
                       },
                       {
                          "value": 1.3295,
                             "ID": 15
                       },
                       {
                          "value": 1.3295,
                             "ID": 16
                       },
                       {
                          "value": 1.3295,
                             "ID": 17
                       },
                       {
                          "value": 1.3295,
                             "ID": 18
                       },
                       {
                          "value": 1.3295,
                             "ID": 19
                       },
                       {
                          "value": 1.3295,
                             "ID": 20
                       },
                       {
                          "value": 1.3295,
                             "ID": 21
                       },
                       {
                          "value": 1.3295,
                             "ID": 22
                       },
                       {
                          "value": 6.573,
                             "ID": 23
                       }
                     ]
}
