{
       "J-coupling": [
                       {
                            "ID2": 13,
                            "ID1": 12,
                          "value": -14
                       },
                       {
                            "ID2": 14,
                            "ID1": 12,
                          "value": -14
                       },
                       {
                            "ID2": 14,
                            "ID1": 13,
                          "value": -14
                       },
                       {
                            "ID2": 16,
                            "ID1": 15,
                          "value": 9.763193
                       },
                       {
                            "ID2": 17,
                            "ID1": 15,
                          "value": 3.34975
                       }
                     ],
   "chemical shift": [
                       {
                          "value": 2.6599,
                             "ID": 12
                       },
                       {
                          "value": 2.6599,
                             "ID": 13
                       },
                       {
                          "value": 2.6599,
                             "ID": 14
                       },
                       {
                          "value": 7.3687,
                             "ID": 15
                       },
                       {
                          "value": 6.9954,
                             "ID": 16
                       },
                       {
                          "value": 7.6793,
                             "ID": 17
                       }
                     ]
}
