{
       "J-coupling": [
                       {
                            "ID2": 15,
                            "ID1": 14,
                          "value": 6.918629
                       },
                       {
                            "ID2": 16,
                            "ID1": 14,
                          "value": 6.918629
                       },
                       {
                            "ID2": 16,
                            "ID1": 15,
                          "value": 1.5
                       },
                       {
                            "ID2": 17,
                            "ID1": 15,
                          "value": 9.573843
                       },
                       {
                            "ID2": 19,
                            "ID1": 18,
                          "value": 7.746812
                       }
                     ],
   "chemical shift": [
                       {
                          "value": 7.56904,
                             "ID": 14
                       },
                       {
                          "value": 7.60221,
                             "ID": 15
                       },
                       {
                          "value": 7.60221,
                             "ID": 16
                       },
                       {
                          "value": 7.7938,
                             "ID": 17
                       },
                       {
                          "value": 9.11829,
                             "ID": 18
                       },
                       {
                          "value": 6.53083,
                             "ID": 19
                       }
                     ]
}
