{
       "J-coupling": [
                       {
                            "ID2": 16,
                            "ID1": 15,
                          "value": -14
                       },
                       {
                            "ID2": 17,
                            "ID1": 15,
                          "value": -14
                       },
                       {
                            "ID2": 18,
                            "ID1": 15,
                          "value": 8.048883
                       },
                       {
                            "ID2": 19,
                            "ID1": 15,
                          "value": 8.048883
                       },
                       {
                            "ID2": 17,
                            "ID1": 16,
                          "value": -14
                       },
                       {
                            "ID2": 18,
                            "ID1": 16,
                          "value": 8.048883
                       },
                       {
                            "ID2": 19,
                            "ID1": 16,
                          "value": 8.048883
                       },
                       {
                            "ID2": 18,
                            "ID1": 17,
                          "value": 8.048883
                       },
                       {
                            "ID2": 19,
                            "ID1": 17,
                          "value": 8.048883
                       },
                       {
                            "ID2": 19,
                            "ID1": 18,
                          "value": -14
                       },
                       {
                            "ID2": 20,
                            "ID1": 18,
                          "value": 7.585866
                       },
                       {
                            "ID2": 21,
                            "ID1": 18,
                          "value": 7.585866
                       },
                       {
                            "ID2": 20,
                            "ID1": 19,
                          "value": 7.585866
                       },
                       {
                            "ID2": 21,
                            "ID1": 19,
                          "value": 7.585866
                       },
                       {
                            "ID2": 21,
                            "ID1": 20,
                          "value": -14
                       },
                       {
                            "ID2": 26,
                            "ID1": 20,
                          "value": 7.083782
                       },
                       {
                            "ID2": 27,
                            "ID1": 20,
                          "value": 7.083782
                       },
                       {
                            "ID2": 26,
                            "ID1": 21,
                          "value": 7.083782
                       },
                       {
                            "ID2": 27,
                            "ID1": 21,
                          "value": 7.083782
                       },
                       {
                            "ID2": 23,
                            "ID1": 22,
                          "value": 1.5
                       },
                       {
                            "ID2": 24,
                            "ID1": 22,
                          "value": 8.940564
                       },
                       {
                            "ID2": 25,
                            "ID1": 23,
                          "value": 8.940564
                       },
                       {
                            "ID2": 25,
                            "ID1": 24,
                          "value": 1.5
                       },
                       {
                            "ID2": 27,
                            "ID1": 26,
                          "value": -14
                       }
                     ],
   "chemical shift": [
                       {
                          "value": 0.93745,
                             "ID": 15
                       },
                       {
                          "value": 0.93745,
                             "ID": 16
                       },
                       {
                          "value": 0.93745,
                             "ID": 17
                       },
                       {
                          "value": 1.44644,
                             "ID": 18
                       },
                       {
                          "value": 1.44644,
                             "ID": 19
                       },
                       {
                          "value": 1.74067,
                             "ID": 20
                       },
                       {
                          "value": 1.74067,
                             "ID": 21
                       },
                       {
                          "value": 6.93235,
                             "ID": 22
                       },
                       {
                          "value": 6.93235,
                             "ID": 23
                       },
                       {
                          "value": 7.94957,
                             "ID": 24
                       },
                       {
                          "value": 7.94957,
                             "ID": 25
                       },
                       {
                          "value": 4.31807,
                             "ID": 26
                       },
                       {
                          "value": 4.31807,
                             "ID": 27
                       }
                     ]
}
