{
       "J-coupling": [
                       {
                            "ID2": 10,
                            "ID1": 9,
                          "value": -14
                       },
                       {
                            "ID2": 11,
                            "ID1": 9,
                          "value": -14
                       },
                       {
                            "ID2": 11,
                            "ID1": 10,
                          "value": -14
                       },
                       {
                            "ID2": 13,
                            "ID1": 12,
                          "value": -14
                       },
                       {
                            "ID2": 14,
                            "ID1": 12,
                          "value": -14
                       },
                       {
                            "ID2": 14,
                            "ID1": 13,
                          "value": -14
                       },
                       {
                            "ID2": 16,
                            "ID1": 15,
                          "value": -14
                       },
                       {
                            "ID2": 17,
                            "ID1": 15,
                          "value": 6.7
                       },
                       {
                            "ID2": 18,
                            "ID1": 15,
                          "value": 6.7
                       },
                       {
                            "ID2": 17,
                            "ID1": 16,
                          "value": 6.7
                       },
                       {
                            "ID2": 18,
                            "ID1": 16,
                          "value": 6.7
                       },
                       {
                            "ID2": 18,
                            "ID1": 17,
                          "value": -14
                       }
                     ],
   "chemical shift": [
                       {
                          "value": 2.721,
                             "ID": 9
                       },
                       {
                          "value": 2.721,
                             "ID": 10
                       },
                       {
                          "value": 2.721,
                             "ID": 11
                       },
                       {
                          "value": 2.721,
                             "ID": 12
                       },
                       {
                          "value": 2.721,
                             "ID": 13
                       },
                       {
                          "value": 2.721,
                             "ID": 14
                       },
                       {
                          "value": 3.352,
                             "ID": 15
                       },
                       {
                          "value": 3.352,
                             "ID": 16
                       },
                       {
                          "value": 3.352,
                             "ID": 17
                       },
                       {
                          "value": 3.352,
                             "ID": 18
                       }
                     ]
}
