{
       "J-coupling": [
                       {
                            "ID2": 15,
                            "ID1": 14,
                          "value": 7.483076
                       },
                       {
                            "ID2": 16,
                            "ID1": 14,
                          "value": 7.483076
                       },
                       {
                            "ID2": 16,
                            "ID1": 15,
                          "value": 1.5
                       },
                       {
                            "ID2": 17,
                            "ID1": 15,
                          "value": 8.31133
                       },
                       {
                            "ID2": 18,
                            "ID1": 16,
                          "value": 8.31133
                       },
                       {
                            "ID2": 18,
                            "ID1": 17,
                          "value": 1.5
                       },
                       {
                            "ID2": 20,
                            "ID1": 19,
                          "value": 8.929129
                       },
                       {
                            "ID2": 21,
                            "ID1": 19,
                          "value": 3.07344
                       }
                     ],
   "chemical shift": [
                       {
                          "value": 7.45807,
                             "ID": 14
                       },
                       {
                          "value": 7.53203,
                             "ID": 15
                       },
                       {
                          "value": 7.53203,
                             "ID": 16
                       },
                       {
                          "value": 7.81803,
                             "ID": 17
                       },
                       {
                          "value": 7.81803,
                             "ID": 18
                       },
                       {
                          "value": 7.36845,
                             "ID": 19
                       },
                       {
                          "value": 7.69001,
                             "ID": 20
                       },
                       {
                          "value": 8.13471,
                             "ID": 21
                       }
                     ]
}
