{
       "J-coupling": [
                       {
                            "ID2": 10,
                            "ID1": 9,
                          "value": -14
                       },
                       {
                            "ID2": 13,
                            "ID1": 9,
                          "value": 5.036289
                       },
                       {
                            "ID2": 14,
                            "ID1": 9,
                          "value": 5.036289
                       },
                       {
                            "ID2": 13,
                            "ID1": 10,
                          "value": 5.036289
                       },
                       {
                            "ID2": 14,
                            "ID1": 10,
                          "value": 5.036289
                       },
                       {
                            "ID2": 12,
                            "ID1": 11,
                          "value": -14
                       },
                       {
                            "ID2": 15,
                            "ID1": 11,
                          "value": 5.036289
                       },
                       {
                            "ID2": 16,
                            "ID1": 11,
                          "value": 5.036289
                       },
                       {
                            "ID2": 15,
                            "ID1": 12,
                          "value": 5.036289
                       },
                       {
                            "ID2": 16,
                            "ID1": 12,
                          "value": 5.036289
                       },
                       {
                            "ID2": 14,
                            "ID1": 13,
                          "value": -14
                       },
                       {
                            "ID2": 16,
                            "ID1": 15,
                          "value": -14
                       }
                     ],
   "chemical shift": [
                       {
                          "value": 4.1601,
                             "ID": 9
                       },
                       {
                          "value": 4.1601,
                             "ID": 10
                       },
                       {
                          "value": 4.1601,
                             "ID": 11
                       },
                       {
                          "value": 4.1601,
                             "ID": 12
                       },
                       {
                          "value": 3.3448,
                             "ID": 13
                       },
                       {
                          "value": 3.3448,
                             "ID": 14
                       },
                       {
                          "value": 3.3448,
                             "ID": 15
                       },
                       {
                          "value": 3.3448,
                             "ID": 16
                       }
                     ]
}
