{
       "J-coupling": [
                       {
                            "ID2": 12,
                            "ID1": 11,
                          "value": -14
                       },
                       {
                            "ID2": 13,
                            "ID1": 11,
                          "value": -14
                       },
                       {
                            "ID2": 13,
                            "ID1": 12,
                          "value": -14
                       },
                       {
                            "ID2": 15,
                            "ID1": 14,
                          "value": -14
                       },
                       {
                            "ID2": 16,
                            "ID1": 14,
                          "value": -14
                       },
                       {
                            "ID2": 16,
                            "ID1": 15,
                          "value": -14
                       },
                       {
                            "ID2": 18,
                            "ID1": 17,
                          "value": -14
                       },
                       {
                            "ID2": 19,
                            "ID1": 17,
                          "value": -14
                       },
                       {
                            "ID2": 19,
                            "ID1": 18,
                          "value": -14
                       },
                       {
                            "ID2": 21,
                            "ID1": 20,
                          "value": 14.29
                       }
                     ],
   "chemical shift": [
                       {
                          "value": 1.25487,
                             "ID": 11
                       },
                       {
                          "value": 1.25487,
                             "ID": 12
                       },
                       {
                          "value": 1.25487,
                             "ID": 13
                       },
                       {
                          "value": 1.25487,
                             "ID": 14
                       },
                       {
                          "value": 1.25487,
                             "ID": 15
                       },
                       {
                          "value": 1.25487,
                             "ID": 16
                       },
                       {
                          "value": 1.25487,
                             "ID": 17
                       },
                       {
                          "value": 1.25487,
                             "ID": 18
                       },
                       {
                          "value": 1.25487,
                             "ID": 19
                       },
                       {
                          "value": 3.0033,
                             "ID": 20
                       },
                       {
                          "value": 3.0128,
                             "ID": 21
                       }
                     ]
}
