{
       "J-coupling": [
                       {
                            "ID2": 14,
                            "ID1": 13,
                          "value": -14
                       },
                       {
                            "ID2": 15,
                            "ID1": 13,
                          "value": -14
                       },
                       {
                            "ID2": 15,
                            "ID1": 14,
                          "value": -14
                       },
                       {
                            "ID2": 17,
                            "ID1": 16,
                          "value": 7.805781
                       },
                       {
                            "ID2": 18,
                            "ID1": 16,
                          "value": 1.549805
                       }
                     ],
   "chemical shift": [
                       {
                          "value": 2.19204,
                             "ID": 13
                       },
                       {
                          "value": 2.19204,
                             "ID": 14
                       },
                       {
                          "value": 2.19204,
                             "ID": 15
                       },
                       {
                          "value": 7.0772,
                             "ID": 16
                       },
                       {
                          "value": 7.009,
                             "ID": 17
                       },
                       {
                          "value": 7.4965,
                             "ID": 18
                       }
                     ]
}
