{
       "J-coupling": [
                       {
                            "ID2": 14,
                            "ID1": 13,
                          "value": 7.205606
                       },
                       {
                            "ID2": 15,
                            "ID1": 13,
                          "value": 8.746432
                       },
                       {
                            "ID2": 16,
                            "ID1": 14,
                          "value": 8.572589
                       }
                     ],
   "chemical shift": [
                       {
                          "value": 7.9351,
                             "ID": 13
                       },
                       {
                          "value": 7.986,
                             "ID": 14
                       },
                       {
                          "value": 8.1042,
                             "ID": 15
                       },
                       {
                          "value": 8.244,
                             "ID": 16
                       },
                       {
                          "value": 8.4403,
                             "ID": 17
                       },
                       {
                          "value": 8.4872,
                             "ID": 18
                       }
                     ]
}
