{
       "J-coupling": [
                       {
                            "ID2": 14,
                            "ID1": 13,
                          "value": -14
                       },
                       {
                            "ID2": 15,
                            "ID1": 13,
                          "value": -14
                       },
                       {
                            "ID2": 15,
                            "ID1": 14,
                          "value": -14
                       },
                       {
                            "ID2": 17,
                            "ID1": 16,
                          "value": -14
                       },
                       {
                            "ID2": 18,
                            "ID1": 16,
                          "value": -14
                       },
                       {
                            "ID2": 18,
                            "ID1": 17,
                          "value": -14
                       },
                       {
                            "ID2": 20,
                            "ID1": 19,
                          "value": 7.352036
                       },
                       {
                            "ID2": 21,
                            "ID1": 19,
                          "value": 8.393852
                       },
                       {
                            "ID2": 22,
                            "ID1": 20,
                          "value": 8.393852
                       }
                     ],
   "chemical shift": [
                       {
                          "value": 3.9199,
                             "ID": 13
                       },
                       {
                          "value": 3.9199,
                             "ID": 14
                       },
                       {
                          "value": 3.9199,
                             "ID": 15
                       },
                       {
                          "value": 2.4988,
                             "ID": 16
                       },
                       {
                          "value": 2.4988,
                             "ID": 17
                       },
                       {
                          "value": 2.4988,
                             "ID": 18
                       },
                       {
                          "value": 7.624,
                             "ID": 19
                       },
                       {
                          "value": 7.2983,
                             "ID": 20
                       },
                       {
                          "value": 8.0172,
                             "ID": 21
                       },
                       {
                          "value": 7.4561,
                             "ID": 22
                       }
                     ]
}
