{
       "J-coupling": [
                       {
                            "ID2": 18,
                            "ID1": 17,
                          "value": 6.806508
                       },
                       {
                            "ID2": 19,
                            "ID1": 17,
                          "value": 6.806508
                       },
                       {
                            "ID2": 19,
                            "ID1": 18,
                          "value": 1.5
                       },
                       {
                            "ID2": 21,
                            "ID1": 18,
                          "value": 7.5325
                       },
                       {
                            "ID2": 22,
                            "ID1": 19,
                          "value": 7.5325
                       },
                       {
                            "ID2": 23,
                            "ID1": 20,
                          "value": 7.784832
                       },
                       {
                            "ID2": 24,
                            "ID1": 20,
                          "value": 5.133439
                       },
                       {
                            "ID2": 22,
                            "ID1": 21,
                          "value": 1.5
                       },
                       {
                            "ID2": 24,
                            "ID1": 23,
                          "value": 2.053948
                       }
                     ],
   "chemical shift": [
                       {
                          "value": 7.43959,
                             "ID": 17
                       },
                       {
                          "value": 7.44354,
                             "ID": 18
                       },
                       {
                          "value": 7.44354,
                             "ID": 19
                       },
                       {
                          "value": 7.2615,
                             "ID": 20
                       },
                       {
                          "value": 7.5002,
                             "ID": 21
                       },
                       {
                          "value": 7.5002,
                             "ID": 22
                       },
                       {
                          "value": 7.89917,
                             "ID": 23
                       },
                       {
                          "value": 8.2254,
                             "ID": 24
                       }
                     ]
}
