{
       "J-coupling": [
                       {
                            "ID2": 16,
                            "ID1": 15,
                          "value": 9.057336
                       },
                       {
                            "ID2": 19,
                            "ID1": 15,
                          "value": 2.531982
                       },
                       {
                            "ID2": 18,
                            "ID1": 17,
                          "value": 13.53
                       }
                     ],
   "chemical shift": [
                       {
                          "value": 7.95235,
                             "ID": 15
                       },
                       {
                          "value": 7.90046,
                             "ID": 16
                       },
                       {
                          "value": 4.5298,
                             "ID": 17
                       },
                       {
                          "value": 4.5397,
                             "ID": 18
                       },
                       {
                          "value": 8.2476,
                             "ID": 19
                       }
                     ]
}
