{
       "J-coupling": [
                       {
                            "ID2": 13,
                            "ID1": 12,
                          "value": 7
                       },
                       {
                            "ID2": 14,
                            "ID1": 12,
                          "value": 7
                       },
                       {
                            "ID2": 15,
                            "ID1": 12,
                          "value": 1.5
                       },
                       {
                            "ID2": 16,
                            "ID1": 12,
                          "value": 1.5
                       },
                       {
                            "ID2": 14,
                            "ID1": 13,
                          "value": 1.5
                       },
                       {
                            "ID2": 15,
                            "ID1": 13,
                          "value": 7
                       },
                       {
                            "ID2": 16,
                            "ID1": 13,
                          "value": 0.5
                       },
                       {
                            "ID2": 15,
                            "ID1": 14,
                          "value": 0.5
                       },
                       {
                            "ID2": 16,
                            "ID1": 14,
                          "value": 7
                       },
                       {
                            "ID2": 16,
                            "ID1": 15,
                          "value": 1.5
                       },
                       {
                            "ID2": 18,
                            "ID1": 17,
                          "value": -14
                       },
                       {
                            "ID2": 19,
                            "ID1": 17,
                          "value": 5.348273
                       },
                       {
                            "ID2": 20,
                            "ID1": 17,
                          "value": 5.348273
                       },
                       {
                            "ID2": 19,
                            "ID1": 18,
                          "value": 5.348273
                       },
                       {
                            "ID2": 20,
                            "ID1": 18,
                          "value": 5.348273
                       },
                       {
                            "ID2": 20,
                            "ID1": 19,
                          "value": -14
                       },
                       {
                            "ID2": 22,
                            "ID1": 21,
                          "value": -14
                       }
                     ],
   "chemical shift": [
                       {
                          "value": 7.4951,
                             "ID": 12
                       },
                       {
                          "value": 7.4951,
                             "ID": 13
                       },
                       {
                          "value": 7.4951,
                             "ID": 14
                       },
                       {
                          "value": 7.4951,
                             "ID": 15
                       },
                       {
                          "value": 7.4951,
                             "ID": 16
                       },
                       {
                          "value": 3.2057,
                             "ID": 17
                       },
                       {
                          "value": 3.2057,
                             "ID": 18
                       },
                       {
                          "value": 3.8439,
                             "ID": 19
                       },
                       {
                          "value": 3.8439,
                             "ID": 20
                       },
                       {
                          "value": 4.2782,
                             "ID": 21
                       },
                       {
                          "value": 4.2782,
                             "ID": 22
                       }
                     ]
}
