{
       "J-coupling": [
                       {
                            "ID2": 12,
                            "ID1": 11,
                          "value": 9.133889
                       },
                       {
                            "ID2": 15,
                            "ID1": 11,
                          "value": 2.161739
                       },
                       {
                            "ID2": 14,
                            "ID1": 13,
                          "value": 5.964185
                       }
                     ],
   "chemical shift": [
                       {
                          "value": 6.96202,
                             "ID": 11
                       },
                       {
                          "value": 7.78773,
                             "ID": 12
                       },
                       {
                          "value": 7.28375,
                             "ID": 13
                       },
                       {
                          "value": 7.56993,
                             "ID": 14
                       },
                       {
                          "value": 7.31539,
                             "ID": 15
                       }
                     ]
}
