{
       "J-coupling": [
                       {
                            "ID2": 10,
                            "ID1": 9,
                          "value": 7
                       },
                       {
                            "ID2": 11,
                            "ID1": 9,
                          "value": 1.568063
                       }
                     ],
   "chemical shift": [
                       {
                          "value": 7.2561,
                             "ID": 9
                       },
                       {
                          "value": 7.2561,
                             "ID": 10
                       },
                       {
                          "value": 7.8528,
                             "ID": 11
                       }
                     ]
}
