{
       "J-coupling": [
                       {
                            "ID2": 14,
                            "ID1": 13,
                          "value": 8.965954
                       },
                       {
                            "ID2": 15,
                            "ID1": 13,
                          "value": 4.918554
                       },
                       {
                            "ID2": 15,
                            "ID1": 14,
                          "value": 2.061102
                       },
                       {
                            "ID2": 16,
                            "ID1": 14,
                          "value": 2.061102
                       },
                       {
                            "ID2": 16,
                            "ID1": 15,
                          "value": 0.586573
                       }
                     ],
   "chemical shift": [
                       {
                          "value": 7.64499,
                             "ID": 13
                       },
                       {
                          "value": 8.4106,
                             "ID": 14
                       },
                       {
                          "value": 8.68155,
                             "ID": 15
                       },
                       {
                          "value": 9.05157,
                             "ID": 16
                       }
                     ]
}
