{
       "J-coupling": [
                       {
                            "ID2": 10,
                            "ID1": 9,
                          "value": 7.45
                       }
                     ],
   "chemical shift": [
                       {
                          "value": 7.4301,
                             "ID": 9
                       },
                       {
                          "value": 6.7191,
                             "ID": 10
                       },
                       {
                          "value": 7.8716,
                             "ID": 11
                       }
                     ]
}
