{
       "J-coupling": [
                       {
                            "ID2": 18,
                            "ID1": 17,
                          "value": 1.5
                       },
                       {
                            "ID2": 19,
                            "ID1": 17,
                          "value": 9.000659
                       },
                       {
                            "ID2": 20,
                            "ID1": 18,
                          "value": 9.000659
                       },
                       {
                            "ID2": 20,
                            "ID1": 19,
                          "value": 1.5
                       }
                     ],
   "chemical shift": [
                       {
                          "value": 7.87936,
                             "ID": 17
                       },
                       {
                          "value": 7.87936,
                             "ID": 18
                       },
                       {
                          "value": 7.8897,
                             "ID": 19
                       },
                       {
                          "value": 7.8897,
                             "ID": 20
                       }
                     ]
}
