{
       "J-coupling": [
                       {
                            "ID2": 16,
                            "ID1": 15,
                          "value": 1.5
                       },
                       {
                            "ID2": 17,
                            "ID1": 15,
                          "value": 8.551494
                       },
                       {
                            "ID2": 18,
                            "ID1": 16,
                          "value": 8.551494
                       },
                       {
                            "ID2": 18,
                            "ID1": 17,
                          "value": 1.5
                       },
                       {
                            "ID2": 20,
                            "ID1": 19,
                          "value": 1.5
                       },
                       {
                            "ID2": 21,
                            "ID1": 19,
                          "value": 5.652606
                       },
                       {
                            "ID2": 22,
                            "ID1": 19,
                          "value": 1.707687
                       },
                       {
                            "ID2": 21,
                            "ID1": 20,
                          "value": 1.707687
                       },
                       {
                            "ID2": 22,
                            "ID1": 20,
                          "value": 5.652606
                       },
                       {
                            "ID2": 22,
                            "ID1": 21,
                          "value": 1.5
                       },
                       {
                            "ID2": 24,
                            "ID1": 23,
                          "value": 11.11
                       }
                     ],
   "chemical shift": [
                       {
                          "value": 7.55408,
                             "ID": 15
                       },
                       {
                          "value": 7.55408,
                             "ID": 16
                       },
                       {
                          "value": 7.82709,
                             "ID": 17
                       },
                       {
                          "value": 7.82709,
                             "ID": 18
                       },
                       {
                          "value": 7.76702,
                             "ID": 19
                       },
                       {
                          "value": 7.76702,
                             "ID": 20
                       },
                       {
                          "value": 8.58279,
                             "ID": 21
                       },
                       {
                          "value": 8.58279,
                             "ID": 22
                       },
                       {
                          "value": 4.3207,
                             "ID": 23
                       },
                       {
                          "value": 4.3206,
                             "ID": 24
                       }
                     ]
}
