{
       "J-coupling": [
                       {
                            "ID2": 15,
                            "ID1": 14,
                          "value": -14
                       },
                       {
                            "ID2": 16,
                            "ID1": 14,
                          "value": -14
                       },
                       {
                            "ID2": 20,
                            "ID1": 14,
                          "value": 7.337152
                       },
                       {
                            "ID2": 21,
                            "ID1": 14,
                          "value": 7.337152
                       },
                       {
                            "ID2": 16,
                            "ID1": 15,
                          "value": -14
                       },
                       {
                            "ID2": 20,
                            "ID1": 15,
                          "value": 7.337152
                       },
                       {
                            "ID2": 21,
                            "ID1": 15,
                          "value": 7.337152
                       },
                       {
                            "ID2": 20,
                            "ID1": 16,
                          "value": 7.337152
                       },
                       {
                            "ID2": 21,
                            "ID1": 16,
                          "value": 7.337152
                       },
                       {
                            "ID2": 18,
                            "ID1": 17,
                          "value": -14
                       },
                       {
                            "ID2": 19,
                            "ID1": 17,
                          "value": -14
                       },
                       {
                            "ID2": 19,
                            "ID1": 18,
                          "value": -14
                       },
                       {
                            "ID2": 21,
                            "ID1": 20,
                          "value": -14
                       },
                       {
                            "ID2": 23,
                            "ID1": 22,
                          "value": 8.430072
                       },
                       {
                            "ID2": 24,
                            "ID1": 22,
                          "value": 1.70365
                       },
                       {
                            "ID2": 26,
                            "ID1": 25,
                          "value": -14
                       }
                     ],
   "chemical shift": [
                       {
                          "value": 1.38319,
                             "ID": 14
                       },
                       {
                          "value": 1.38319,
                             "ID": 15
                       },
                       {
                          "value": 1.38319,
                             "ID": 16
                       },
                       {
                          "value": 3.8679,
                             "ID": 17
                       },
                       {
                          "value": 3.8679,
                             "ID": 18
                       },
                       {
                          "value": 3.8679,
                             "ID": 19
                       },
                       {
                          "value": 4.13787,
                             "ID": 20
                       },
                       {
                          "value": 4.13787,
                             "ID": 21
                       },
                       {
                          "value": 6.98347,
                             "ID": 22
                       },
                       {
                          "value": 7.04961,
                             "ID": 23
                       },
                       {
                          "value": 7.07554,
                             "ID": 24
                       },
                       {
                          "value": 4.5707,
                             "ID": 25
                       },
                       {
                          "value": 4.5707,
                             "ID": 26
                       }
                     ]
}
