{
       "J-coupling": [
                       {
                            "ID2": 10,
                            "ID1": 9,
                          "value": -14
                       },
                       {
                            "ID2": 11,
                            "ID1": 9,
                          "value": -14
                       },
                       {
                            "ID2": 11,
                            "ID1": 10,
                          "value": -14
                       },
                       {
                            "ID2": 13,
                            "ID1": 12,
                          "value": 0.08
                       },
                       {
                            "ID2": 15,
                            "ID1": 14,
                          "value": -14
                       }
                     ],
   "chemical shift": [
                       {
                          "value": 3.7392,
                             "ID": 9
                       },
                       {
                          "value": 3.7392,
                             "ID": 10
                       },
                       {
                          "value": 3.7392,
                             "ID": 11
                       },
                       {
                          "value": 7.1782,
                             "ID": 12
                       },
                       {
                          "value": 7.0596,
                             "ID": 13
                       },
                       {
                          "value": 4.775,
                             "ID": 14
                       },
                       {
                          "value": 4.775,
                             "ID": 15
                       }
                     ]
}
