{
       "J-coupling": [
                       {
                            "ID2": 16,
                            "ID1": 15,
                          "value": 5.72
                       }
                     ],
   "chemical shift": [
                       {
                          "value": 8.3577,
                             "ID": 15
                       },
                       {
                          "value": 7.65769,
                             "ID": 16
                       }
                     ]
}
