{
       "J-coupling": [
                       {
                            "ID2": 15,
                            "ID1": 14,
                          "value": -14
                       },
                       {
                            "ID2": 16,
                            "ID1": 14,
                          "value": 5.201155
                       },
                       {
                            "ID2": 17,
                            "ID1": 14,
                          "value": 5.201155
                       },
                       {
                            "ID2": 20,
                            "ID1": 14,
                          "value": 6.930548
                       },
                       {
                            "ID2": 21,
                            "ID1": 14,
                          "value": 6.930548
                       },
                       {
                            "ID2": 16,
                            "ID1": 15,
                          "value": 5.201155
                       },
                       {
                            "ID2": 17,
                            "ID1": 15,
                          "value": 5.201155
                       },
                       {
                            "ID2": 20,
                            "ID1": 15,
                          "value": 6.930548
                       },
                       {
                            "ID2": 21,
                            "ID1": 15,
                          "value": 6.930548
                       },
                       {
                            "ID2": 17,
                            "ID1": 16,
                          "value": -14
                       },
                       {
                            "ID2": 22,
                            "ID1": 16,
                          "value": 6.930548
                       },
                       {
                            "ID2": 23,
                            "ID1": 16,
                          "value": 6.930548
                       },
                       {
                            "ID2": 22,
                            "ID1": 17,
                          "value": 6.930548
                       },
                       {
                            "ID2": 23,
                            "ID1": 17,
                          "value": 6.930548
                       },
                       {
                            "ID2": 19,
                            "ID1": 18,
                          "value": 5.891069
                       },
                       {
                            "ID2": 24,
                            "ID1": 18,
                          "value": 0.749609
                       },
                       {
                            "ID2": 21,
                            "ID1": 20,
                          "value": -14
                       },
                       {
                            "ID2": 23,
                            "ID1": 22,
                          "value": -14
                       }
                     ],
   "chemical shift": [
                       {
                          "value": 2.0107,
                             "ID": 14
                       },
                       {
                          "value": 2.0107,
                             "ID": 15
                       },
                       {
                          "value": 2.0107,
                             "ID": 16
                       },
                       {
                          "value": 2.0107,
                             "ID": 17
                       },
                       {
                          "value": 6.80823,
                             "ID": 18
                       },
                       {
                          "value": 8.1054,
                             "ID": 19
                       },
                       {
                          "value": 3.4042,
                             "ID": 20
                       },
                       {
                          "value": 3.4042,
                             "ID": 21
                       },
                       {
                          "value": 3.4042,
                             "ID": 22
                       },
                       {
                          "value": 3.4042,
                             "ID": 23
                       },
                       {
                          "value": 6.90256,
                             "ID": 24
                       }
                     ]
}
