{
       "J-coupling": [
                       {
                            "ID2": 11,
                            "ID1": 10,
                          "value": -14
                       },
                       {
                            "ID2": 12,
                            "ID1": 10,
                          "value": -14
                       },
                       {
                            "ID2": 12,
                            "ID1": 11,
                          "value": -14
                       },
                       {
                            "ID2": 14,
                            "ID1": 13,
                          "value": -14
                       },
                       {
                            "ID2": 15,
                            "ID1": 13,
                          "value": -14
                       },
                       {
                            "ID2": 15,
                            "ID1": 14,
                          "value": -14
                       },
                       {
                            "ID2": 17,
                            "ID1": 16,
                          "value": -14
                       }
                     ],
   "chemical shift": [
                       {
                          "value": 2.26446,
                             "ID": 10
                       },
                       {
                          "value": 2.26446,
                             "ID": 11
                       },
                       {
                          "value": 2.26446,
                             "ID": 12
                       },
                       {
                          "value": 2.36541,
                             "ID": 13
                       },
                       {
                          "value": 2.36541,
                             "ID": 14
                       },
                       {
                          "value": 2.36541,
                             "ID": 15
                       },
                       {
                          "value": 4.4159,
                             "ID": 16
                       },
                       {
                          "value": 4.4159,
                             "ID": 17
                       }
                     ]
}
