{
       "J-coupling": [
                       {
                            "ID2": 11,
                            "ID1": 10,
                          "value": -14
                       },
                       {
                            "ID2": 12,
                            "ID1": 10,
                          "value": -14
                       },
                       {
                            "ID2": 12,
                            "ID1": 11,
                          "value": -14
                       },
                       {
                            "ID2": 14,
                            "ID1": 13,
                          "value": -14
                       },
                       {
                            "ID2": 15,
                            "ID1": 13,
                          "value": -14
                       },
                       {
                            "ID2": 15,
                            "ID1": 14,
                          "value": -14
                       },
                       {
                            "ID2": 17,
                            "ID1": 16,
                          "value": 4.350732
                       }
                     ],
   "chemical shift": [
                       {
                          "value": 2.2463,
                             "ID": 10
                       },
                       {
                          "value": 2.2463,
                             "ID": 11
                       },
                       {
                          "value": 2.2463,
                             "ID": 12
                       },
                       {
                          "value": 3.6259,
                             "ID": 13
                       },
                       {
                          "value": 3.6259,
                             "ID": 14
                       },
                       {
                          "value": 3.6259,
                             "ID": 15
                       },
                       {
                          "value": 6.01065,
                             "ID": 16
                       },
                       {
                          "value": 6.84991,
                             "ID": 17
                       }
                     ]
}
