{
       "J-coupling": [
                       {
                            "ID2": 14,
                            "ID1": 13,
                          "value": -14
                       },
                       {
                            "ID2": 15,
                            "ID1": 13,
                          "value": -14
                       },
                       {
                            "ID2": 15,
                            "ID1": 14,
                          "value": -14
                       },
                       {
                            "ID2": 17,
                            "ID1": 16,
                          "value": 8.496564
                       },
                       {
                            "ID2": 18,
                            "ID1": 16,
                          "value": 8.496564
                       }
                     ],
   "chemical shift": [
                       {
                          "value": 3.9574,
                             "ID": 13
                       },
                       {
                          "value": 3.9574,
                             "ID": 14
                       },
                       {
                          "value": 3.9574,
                             "ID": 15
                       },
                       {
                          "value": 7.69917,
                             "ID": 16
                       },
                       {
                          "value": 8.30261,
                             "ID": 17
                       },
                       {
                          "value": 8.01982,
                             "ID": 18
                       },
                       {
                          "value": 8.44035,
                             "ID": 19
                       }
                     ]
}
