{
       "J-coupling": [
                       {
                            "ID2": 12,
                            "ID1": 11,
                          "value": -14
                       },
                       {
                            "ID2": 13,
                            "ID1": 11,
                          "value": -14
                       },
                       {
                            "ID2": 17,
                            "ID1": 11,
                          "value": 7.985196
                       },
                       {
                            "ID2": 18,
                            "ID1": 11,
                          "value": 7.985196
                       },
                       {
                            "ID2": 13,
                            "ID1": 12,
                          "value": -14
                       },
                       {
                            "ID2": 17,
                            "ID1": 12,
                          "value": 7.985196
                       },
                       {
                            "ID2": 18,
                            "ID1": 12,
                          "value": 7.985196
                       },
                       {
                            "ID2": 17,
                            "ID1": 13,
                          "value": 7.985196
                       },
                       {
                            "ID2": 18,
                            "ID1": 13,
                          "value": 7.985196
                       },
                       {
                            "ID2": 15,
                            "ID1": 14,
                          "value": -14
                       },
                       {
                            "ID2": 16,
                            "ID1": 14,
                          "value": -14
                       },
                       {
                            "ID2": 16,
                            "ID1": 15,
                          "value": -14
                       },
                       {
                            "ID2": 18,
                            "ID1": 17,
                          "value": -14
                       },
                       {
                            "ID2": 20,
                            "ID1": 19,
                          "value": 7.575893
                       }
                     ],
   "chemical shift": [
                       {
                          "value": 1.1143,
                             "ID": 11
                       },
                       {
                          "value": 1.1143,
                             "ID": 12
                       },
                       {
                          "value": 1.1143,
                             "ID": 13
                       },
                       {
                          "value": 2.2929,
                             "ID": 14
                       },
                       {
                          "value": 2.2929,
                             "ID": 15
                       },
                       {
                          "value": 2.2929,
                             "ID": 16
                       },
                       {
                          "value": 2.44884,
                             "ID": 17
                       },
                       {
                          "value": 2.44884,
                             "ID": 18
                       },
                       {
                          "value": 6.33868,
                             "ID": 19
                       },
                       {
                          "value": 7.4862,
                             "ID": 20
                       }
                     ]
}
