{
       "J-coupling": [
                       {
                            "ID2": 13,
                            "ID1": 12,
                          "value": -14
                       },
                       {
                            "ID2": 14,
                            "ID1": 12,
                          "value": -14
                       },
                       {
                            "ID2": 14,
                            "ID1": 13,
                          "value": -14
                       },
                       {
                            "ID2": 16,
                            "ID1": 15,
                          "value": 7.5
                       },
                       {
                            "ID2": 17,
                            "ID1": 15,
                          "value": 2.630304
                       },
                       {
                            "ID2": 18,
                            "ID1": 15,
                          "value": 2.630304
                       },
                       {
                            "ID2": 17,
                            "ID1": 16,
                          "value": 2.630304
                       },
                       {
                            "ID2": 18,
                            "ID1": 16,
                          "value": 2.630304
                       },
                       {
                            "ID2": 18,
                            "ID1": 17,
                          "value": 1.7
                       }
                     ],
   "chemical shift": [
                       {
                          "value": 2.727,
                             "ID": 12
                       },
                       {
                          "value": 2.727,
                             "ID": 13
                       },
                       {
                          "value": 2.727,
                             "ID": 14
                       },
                       {
                          "value": 6.47073,
                             "ID": 15
                       },
                       {
                          "value": 6.46342,
                             "ID": 16
                       },
                       {
                          "value": 7.36539,
                             "ID": 17
                       },
                       {
                          "value": 12.75835,
                             "ID": 18
                       }
                     ]
}
