{
       "J-coupling": [
                       {
                            "ID2": 23,
                            "ID1": 22,
                          "value": -14
                       },
                       {
                            "ID2": 24,
                            "ID1": 22,
                          "value": -14
                       },
                       {
                            "ID2": 24,
                            "ID1": 23,
                          "value": -14
                       },
                       {
                            "ID2": 26,
                            "ID1": 25,
                          "value": 9.390759
                       },
                       {
                            "ID2": 35,
                            "ID1": 25,
                          "value": 1.594095
                       },
                       {
                            "ID2": 28,
                            "ID1": 27,
                          "value": -14
                       },
                       {
                            "ID2": 31,
                            "ID1": 27,
                          "value": 5.56
                       },
                       {
                            "ID2": 32,
                            "ID1": 27,
                          "value": 5.56
                       },
                       {
                            "ID2": 31,
                            "ID1": 28,
                          "value": 5.56
                       },
                       {
                            "ID2": 32,
                            "ID1": 28,
                          "value": 5.56
                       },
                       {
                            "ID2": 30,
                            "ID1": 29,
                          "value": -14
                       },
                       {
                            "ID2": 33,
                            "ID1": 29,
                          "value": 5.56
                       },
                       {
                            "ID2": 34,
                            "ID1": 29,
                          "value": 5.56
                       },
                       {
                            "ID2": 33,
                            "ID1": 30,
                          "value": 5.56
                       },
                       {
                            "ID2": 34,
                            "ID1": 30,
                          "value": 5.56
                       },
                       {
                            "ID2": 32,
                            "ID1": 31,
                          "value": -14
                       },
                       {
                            "ID2": 34,
                            "ID1": 33,
                          "value": -14
                       }
                     ],
   "chemical shift": [
                       {
                          "value": 2.58657,
                             "ID": 22
                       },
                       {
                          "value": 2.58657,
                             "ID": 23
                       },
                       {
                          "value": 2.58657,
                             "ID": 24
                       },
                       {
                          "value": 7.77747,
                             "ID": 25
                       },
                       {
                          "value": 7.99527,
                             "ID": 26
                       },
                       {
                          "value": 3.5967,
                             "ID": 27
                       },
                       {
                          "value": 3.5967,
                             "ID": 28
                       },
                       {
                          "value": 3.5967,
                             "ID": 29
                       },
                       {
                          "value": 3.5967,
                             "ID": 30
                       },
                       {
                          "value": 3.5967,
                             "ID": 31
                       },
                       {
                          "value": 3.5967,
                             "ID": 32
                       },
                       {
                          "value": 3.5967,
                             "ID": 33
                       },
                       {
                          "value": 3.5967,
                             "ID": 34
                       },
                       {
                          "value": 7.91456,
                             "ID": 35
                       },
                       {
                          "value": 7.4597,
                             "ID": 36
                       }
                     ]
}
