{
       "J-coupling": [
                       {
                            "ID2": 11,
                            "ID1": 10,
                          "value": -14
                       },
                       {
                            "ID2": 12,
                            "ID1": 10,
                          "value": -14
                       },
                       {
                            "ID2": 12,
                            "ID1": 11,
                          "value": -14
                       },
                       {
                            "ID2": 14,
                            "ID1": 13,
                          "value": 1.5
                       }
                     ],
   "chemical shift": [
                       {
                          "value": 2.26411,
                             "ID": 10
                       },
                       {
                          "value": 2.26411,
                             "ID": 11
                       },
                       {
                          "value": 2.26411,
                             "ID": 12
                       },
                       {
                          "value": 7.56637,
                             "ID": 13
                       },
                       {
                          "value": 7.34795,
                             "ID": 14
                       }
                     ]
}
