{
       "J-coupling": [
                       {
                            "ID2": 12,
                            "ID1": 11,
                          "value": -14
                       },
                       {
                            "ID2": 13,
                            "ID1": 11,
                          "value": -14
                       },
                       {
                            "ID2": 13,
                            "ID1": 12,
                          "value": -14
                       },
                       {
                            "ID2": 15,
                            "ID1": 14,
                          "value": 7
                       },
                       {
                            "ID2": 16,
                            "ID1": 14,
                          "value": 9.22474
                       },
                       {
                            "ID2": 17,
                            "ID1": 15,
                          "value": 9.22474
                       }
                     ],
   "chemical shift": [
                       {
                          "value": 2.5982,
                             "ID": 11
                       },
                       {
                          "value": 2.5982,
                             "ID": 12
                       },
                       {
                          "value": 2.5982,
                             "ID": 13
                       },
                       {
                          "value": 7.3204,
                             "ID": 14
                       },
                       {
                          "value": 7.3204,
                             "ID": 15
                       },
                       {
                          "value": 7.6,
                             "ID": 16
                       },
                       {
                          "value": 7.6,
                             "ID": 17
                       }
                     ]
}
