{
       "J-coupling": [
                       {
                            "ID2": 17,
                            "ID1": 16,
                          "value": -14
                       },
                       {
                            "ID2": 18,
                            "ID1": 16,
                          "value": -14
                       },
                       {
                            "ID2": 18,
                            "ID1": 17,
                          "value": -14
                       },
                       {
                            "ID2": 20,
                            "ID1": 19,
                          "value": -14
                       },
                       {
                            "ID2": 21,
                            "ID1": 19,
                          "value": -14
                       },
                       {
                            "ID2": 21,
                            "ID1": 20,
                          "value": -14
                       },
                       {
                            "ID2": 23,
                            "ID1": 22,
                          "value": -14
                       },
                       {
                            "ID2": 24,
                            "ID1": 22,
                          "value": -14
                       },
                       {
                            "ID2": 24,
                            "ID1": 23,
                          "value": -14
                       },
                       {
                            "ID2": 26,
                            "ID1": 25,
                          "value": 4.172248
                       },
                       {
                            "ID2": 29,
                            "ID1": 25,
                          "value": 5.085698
                       },
                       {
                            "ID2": 29,
                            "ID1": 26,
                          "value": 1.554785
                       },
                       {
                            "ID2": 28,
                            "ID1": 27,
                          "value": -14
                       },
                       {
                            "ID2": 30,
                            "ID1": 27,
                          "value": 7.094336
                       },
                       {
                            "ID2": 31,
                            "ID1": 27,
                          "value": 7.094336
                       },
                       {
                            "ID2": 30,
                            "ID1": 28,
                          "value": 7.094336
                       },
                       {
                            "ID2": 31,
                            "ID1": 28,
                          "value": 7.094336
                       },
                       {
                            "ID2": 31,
                            "ID1": 30,
                          "value": -14
                       }
                     ],
   "chemical shift": [
                       {
                          "value": 1.3171,
                             "ID": 16
                       },
                       {
                          "value": 1.3171,
                             "ID": 17
                       },
                       {
                          "value": 1.3171,
                             "ID": 18
                       },
                       {
                          "value": 1.3171,
                             "ID": 19
                       },
                       {
                          "value": 1.3171,
                             "ID": 20
                       },
                       {
                          "value": 1.3171,
                             "ID": 21
                       },
                       {
                          "value": 1.3171,
                             "ID": 22
                       },
                       {
                          "value": 1.3171,
                             "ID": 23
                       },
                       {
                          "value": 1.3171,
                             "ID": 24
                       },
                       {
                          "value": 7.1866,
                             "ID": 25
                       },
                       {
                          "value": 7.6893,
                             "ID": 26
                       },
                       {
                          "value": 2.855,
                             "ID": 27
                       },
                       {
                          "value": 2.855,
                             "ID": 28
                       },
                       {
                          "value": 7.7093,
                             "ID": 29
                       },
                       {
                          "value": 3.5654,
                             "ID": 30
                       },
                       {
                          "value": 3.5654,
                             "ID": 31
                       }
                     ]
}
