{
       "J-coupling": [
                       {
                            "ID2": 12,
                            "ID1": 11,
                          "value": 3.554774
                       },
                       {
                            "ID2": 13,
                            "ID1": 11,
                          "value": 5.075914
                       },
                       {
                            "ID2": 15,
                            "ID1": 14,
                          "value": 0.4
                       }
                     ],
   "chemical shift": [
                       {
                          "value": 7.17795,
                             "ID": 11
                       },
                       {
                          "value": 7.47553,
                             "ID": 12
                       },
                       {
                          "value": 7.53634,
                             "ID": 13
                       },
                       {
                          "value": 7.3565,
                             "ID": 14
                       },
                       {
                          "value": 8.15365,
                             "ID": 15
                       }
                     ]
}
