{
       "J-coupling": [
                       {
                            "ID2": 15,
                            "ID1": 14,
                          "value": 8.585488
                       },
                       {
                            "ID2": 17,
                            "ID1": 14,
                          "value": 7.548125
                       },
                       {
                            "ID2": 18,
                            "ID1": 15,
                          "value": 7.548125
                       },
                       {
                            "ID2": 19,
                            "ID1": 16,
                          "value": 2.347514
                       },
                       {
                            "ID2": 20,
                            "ID1": 16,
                          "value": 2.828837
                       }
                     ],
   "chemical shift": [
                       {
                          "value": 7.6237,
                             "ID": 14
                       },
                       {
                          "value": 7.8612,
                             "ID": 15
                       },
                       {
                          "value": 6.6682,
                             "ID": 16
                       },
                       {
                          "value": 7.69756,
                             "ID": 17
                       },
                       {
                          "value": 7.96015,
                             "ID": 18
                       },
                       {
                          "value": 8.1779,
                             "ID": 19
                       },
                       {
                          "value": 7.89767,
                             "ID": 20
                       }
                     ]
}
