{
       "J-coupling": [
                       {
                            "ID2": 14,
                            "ID1": 13,
                          "value": -14
                       },
                       {
                            "ID2": 15,
                            "ID1": 13,
                          "value": -14
                       },
                       {
                            "ID2": 15,
                            "ID1": 14,
                          "value": -14
                       },
                       {
                            "ID2": 17,
                            "ID1": 16,
                          "value": 5.631782
                       }
                     ],
   "chemical shift": [
                       {
                          "value": 3.97231,
                             "ID": 13
                       },
                       {
                          "value": 3.97231,
                             "ID": 14
                       },
                       {
                          "value": 3.97231,
                             "ID": 15
                       },
                       {
                          "value": 7.11329,
                             "ID": 16
                       },
                       {
                          "value": 7.38509,
                             "ID": 17
                       },
                       {
                          "value": 6.9843,
                             "ID": 18
                       }
                     ]
}
