{
       "J-coupling": [
                       {
                            "ID2": 15,
                            "ID1": 14,
                          "value": -14
                       },
                       {
                            "ID2": 16,
                            "ID1": 14,
                          "value": -14
                       },
                       {
                            "ID2": 16,
                            "ID1": 15,
                          "value": -14
                       },
                       {
                            "ID2": 18,
                            "ID1": 17,
                          "value": -14
                       },
                       {
                            "ID2": 19,
                            "ID1": 17,
                          "value": 6.621584
                       },
                       {
                            "ID2": 20,
                            "ID1": 17,
                          "value": 6.621584
                       },
                       {
                            "ID2": 21,
                            "ID1": 17,
                          "value": 6.621584
                       },
                       {
                            "ID2": 22,
                            "ID1": 17,
                          "value": 6.621584
                       },
                       {
                            "ID2": 19,
                            "ID1": 18,
                          "value": 6.621584
                       },
                       {
                            "ID2": 20,
                            "ID1": 18,
                          "value": 6.621584
                       },
                       {
                            "ID2": 21,
                            "ID1": 18,
                          "value": 6.621584
                       },
                       {
                            "ID2": 22,
                            "ID1": 18,
                          "value": 6.621584
                       },
                       {
                            "ID2": 20,
                            "ID1": 19,
                          "value": -14
                       },
                       {
                            "ID2": 22,
                            "ID1": 21,
                          "value": -14
                       },
                       {
                            "ID2": 24,
                            "ID1": 23,
                          "value": 8.671762
                       },
                       {
                            "ID2": 25,
                            "ID1": 23,
                          "value": 1.336006
                       }
                     ],
   "chemical shift": [
                       {
                          "value": 3.8963,
                             "ID": 14
                       },
                       {
                          "value": 3.8963,
                             "ID": 15
                       },
                       {
                          "value": 3.8963,
                             "ID": 16
                       },
                       {
                          "value": 2.09194,
                             "ID": 17
                       },
                       {
                          "value": 2.09194,
                             "ID": 18
                       },
                       {
                          "value": 2.65195,
                             "ID": 19
                       },
                       {
                          "value": 2.65195,
                             "ID": 20
                       },
                       {
                          "value": 2.96847,
                             "ID": 21
                       },
                       {
                          "value": 2.96847,
                             "ID": 22
                       },
                       {
                          "value": 6.95114,
                             "ID": 23
                       },
                       {
                          "value": 7.92873,
                             "ID": 24
                       },
                       {
                          "value": 6.9402,
                             "ID": 25
                       }
                     ]
}
