{
       "J-coupling": [
                       {
                            "ID2": 16,
                            "ID1": 15,
                          "value": 7.940019
                       },
                       {
                            "ID2": 17,
                            "ID1": 15,
                          "value": 7.940019
                       },
                       {
                            "ID2": 17,
                            "ID1": 16,
                          "value": 1.5
                       },
                       {
                            "ID2": 18,
                            "ID1": 16,
                          "value": 7.507747
                       },
                       {
                            "ID2": 19,
                            "ID1": 17,
                          "value": 7.507747
                       },
                       {
                            "ID2": 19,
                            "ID1": 18,
                          "value": 1.5
                       },
                       {
                            "ID2": 23,
                            "ID1": 20,
                          "value": 11.806747
                       },
                       {
                            "ID2": 22,
                            "ID1": 21,
                          "value": -14
                       },
                       {
                            "ID2": 24,
                            "ID1": 21,
                          "value": 7.704112
                       },
                       {
                            "ID2": 25,
                            "ID1": 21,
                          "value": 7.704112
                       },
                       {
                            "ID2": 24,
                            "ID1": 22,
                          "value": 7.704112
                       },
                       {
                            "ID2": 25,
                            "ID1": 22,
                          "value": 7.704112
                       },
                       {
                            "ID2": 25,
                            "ID1": 24,
                          "value": -14
                       }
                     ],
   "chemical shift": [
                       {
                          "value": 7.3052,
                             "ID": 15
                       },
                       {
                          "value": 7.4393,
                             "ID": 16
                       },
                       {
                          "value": 7.4393,
                             "ID": 17
                       },
                       {
                          "value": 7.5213,
                             "ID": 18
                       },
                       {
                          "value": 7.5213,
                             "ID": 19
                       },
                       {
                          "value": 6.58386,
                             "ID": 20
                       },
                       {
                          "value": 2.5633,
                             "ID": 21
                       },
                       {
                          "value": 2.5633,
                             "ID": 22
                       },
                       {
                          "value": 6.4591,
                             "ID": 23
                       },
                       {
                          "value": 3.0317,
                             "ID": 24
                       },
                       {
                          "value": 3.0317,
                             "ID": 25
                       }
                     ]
}
