{
       "J-coupling": [
                       {
                            "ID2": 13,
                            "ID1": 12,
                          "value": 10.023601
                       },
                       {
                            "ID2": 14,
                            "ID1": 12,
                          "value": 1.282696
                       },
                       {
                            "ID2": 16,
                            "ID1": 15,
                          "value": 11.11
                       }
                     ],
   "chemical shift": [
                       {
                          "value": 7.70151,
                             "ID": 12
                       },
                       {
                          "value": 7.3667,
                             "ID": 13
                       },
                       {
                          "value": 8.4407,
                             "ID": 14
                       },
                       {
                          "value": 4.5257,
                             "ID": 15
                       },
                       {
                          "value": 4.5365,
                             "ID": 16
                       },
                       {
                          "value": 7.6944,
                             "ID": 17
                       }
                     ]
}
