{
       "J-coupling": [
                       {
                            "ID2": 12,
                            "ID1": 11,
                          "value": -14
                       },
                       {
                            "ID2": 13,
                            "ID1": 11,
                          "value": -14
                       },
                       {
                            "ID2": 13,
                            "ID1": 12,
                          "value": -14
                       },
                       {
                            "ID2": 15,
                            "ID1": 14,
                          "value": -14
                       }
                     ],
   "chemical shift": [
                       {
                          "value": 2.6501,
                             "ID": 11
                       },
                       {
                          "value": 2.6501,
                             "ID": 12
                       },
                       {
                          "value": 2.6501,
                             "ID": 13
                       },
                       {
                          "value": 3.6014,
                             "ID": 14
                       },
                       {
                          "value": 3.6014,
                             "ID": 15
                       },
                       {
                          "value": 7.0417,
                             "ID": 16
                       }
                     ]
}
