{
       "J-coupling": [
                       {
                            "ID2": 15,
                            "ID1": 14,
                          "value": -14
                       },
                       {
                            "ID2": 16,
                            "ID1": 14,
                          "value": -14
                       },
                       {
                            "ID2": 16,
                            "ID1": 15,
                          "value": -14
                       },
                       {
                            "ID2": 18,
                            "ID1": 17,
                          "value": 8.011052
                       },
                       {
                            "ID2": 19,
                            "ID1": 17,
                          "value": 1.496506
                       }
                     ],
   "chemical shift": [
                       {
                          "value": 3.9095,
                             "ID": 14
                       },
                       {
                          "value": 3.9095,
                             "ID": 15
                       },
                       {
                          "value": 3.9095,
                             "ID": 16
                       },
                       {
                          "value": 7.17261,
                             "ID": 17
                       },
                       {
                          "value": 7.04913,
                             "ID": 18
                       },
                       {
                          "value": 7.13837,
                             "ID": 19
                       }
                     ]
}
