{
       "J-coupling": [
                       {
                            "ID2": 10,
                            "ID1": 9,
                          "value": -14
                       },
                       {
                            "ID2": 11,
                            "ID1": 9,
                          "value": -14
                       },
                       {
                            "ID2": 11,
                            "ID1": 10,
                          "value": -14
                       },
                       {
                            "ID2": 13,
                            "ID1": 12,
                          "value": 8.480219
                       }
                     ],
   "chemical shift": [
                       {
                          "value": 2.64545,
                             "ID": 9
                       },
                       {
                          "value": 2.64545,
                             "ID": 10
                       },
                       {
                          "value": 2.64545,
                             "ID": 11
                       },
                       {
                          "value": 7.75454,
                             "ID": 12
                       },
                       {
                          "value": 7.68748,
                             "ID": 13
                       }
                     ]
}
