{
       "J-coupling": [
                       {
                            "ID2": 13,
                            "ID1": 12,
                          "value": 7.637486
                       },
                       {
                            "ID2": 14,
                            "ID1": 12,
                          "value": 7.388095
                       },
                       {
                            "ID2": 15,
                            "ID1": 12,
                          "value": 1.5
                       },
                       {
                            "ID2": 14,
                            "ID1": 13,
                          "value": 1.5
                       },
                       {
                            "ID2": 15,
                            "ID1": 13,
                          "value": 8.663582
                       },
                       {
                            "ID2": 17,
                            "ID1": 16,
                          "value": 7.515394
                       }
                     ],
   "chemical shift": [
                       {
                          "value": 7.6487,
                             "ID": 12
                       },
                       {
                          "value": 7.717,
                             "ID": 13
                       },
                       {
                          "value": 7.5713,
                             "ID": 14
                       },
                       {
                          "value": 7.5713,
                             "ID": 15
                       },
                       {
                          "value": 6.9924,
                             "ID": 16
                       },
                       {
                          "value": 7.826,
                             "ID": 17
                       }
                     ]
}
