{
       "J-coupling": [
                       {
                            "ID2": 10,
                            "ID1": 9,
                          "value": 1.259596
                       }
                     ],
   "chemical shift": [
                       {
                          "value": 8.8993,
                             "ID": 9
                       },
                       {
                          "value": 9.0676,
                             "ID": 10
                       },
                       {
                          "value": 8.8248,
                             "ID": 11
                       }
                     ]
}
