{
       "J-coupling": [
                       {
                            "ID2": 13,
                            "ID1": 12,
                          "value": -14
                       },
                       {
                            "ID2": 14,
                            "ID1": 12,
                          "value": -14
                       },
                       {
                            "ID2": 14,
                            "ID1": 13,
                          "value": -14
                       },
                       {
                            "ID2": 16,
                            "ID1": 15,
                          "value": -14
                       },
                       {
                            "ID2": 17,
                            "ID1": 15,
                          "value": -14
                       },
                       {
                            "ID2": 17,
                            "ID1": 16,
                          "value": -14
                       },
                       {
                            "ID2": 19,
                            "ID1": 18,
                          "value": 8.00472
                       },
                       {
                            "ID2": 20,
                            "ID1": 18,
                          "value": 8.00472
                       },
                       {
                            "ID2": 20,
                            "ID1": 19,
                          "value": 1.426666
                       }
                     ],
   "chemical shift": [
                       {
                          "value": 2.2783,
                             "ID": 12
                       },
                       {
                          "value": 2.2783,
                             "ID": 13
                       },
                       {
                          "value": 2.2783,
                             "ID": 14
                       },
                       {
                          "value": 2.3005,
                             "ID": 15
                       },
                       {
                          "value": 2.3005,
                             "ID": 16
                       },
                       {
                          "value": 2.3005,
                             "ID": 17
                       },
                       {
                          "value": 7.20184,
                             "ID": 18
                       },
                       {
                          "value": 7.24076,
                             "ID": 19
                       },
                       {
                          "value": 7.3278,
                             "ID": 20
                       }
                     ]
}
