{
       "J-coupling": [
                       {
                            "ID2": 12,
                            "ID1": 11,
                          "value": 8.970723
                       },
                       {
                            "ID2": 13,
                            "ID1": 11,
                          "value": 1.836264
                       }
                     ],
   "chemical shift": [
                       {
                          "value": 6.91429,
                             "ID": 11
                       },
                       {
                          "value": 7.55392,
                             "ID": 12
                       },
                       {
                          "value": 7.09869,
                             "ID": 13
                       },
                       {
                          "value": 8.23284,
                             "ID": 14
                       }
                     ]
}
