{
       "J-coupling": [
                       {
                            "ID2": 16,
                            "ID1": 15,
                          "value": 1.5
                       },
                       {
                            "ID2": 17,
                            "ID1": 15,
                          "value": 8.495032
                       },
                       {
                            "ID2": 18,
                            "ID1": 16,
                          "value": 8.495032
                       },
                       {
                            "ID2": 18,
                            "ID1": 17,
                          "value": 1.5
                       },
                       {
                            "ID2": 20,
                            "ID1": 19,
                          "value": -14
                       }
                     ],
   "chemical shift": [
                       {
                          "value": 7.48414,
                             "ID": 15
                       },
                       {
                          "value": 7.48414,
                             "ID": 16
                       },
                       {
                          "value": 7.36341,
                             "ID": 17
                       },
                       {
                          "value": 7.36341,
                             "ID": 18
                       },
                       {
                          "value": 3.968,
                             "ID": 19
                       },
                       {
                          "value": 3.968,
                             "ID": 20
                       }
                     ]
}
