{
       "J-coupling": [
                       {
                            "ID2": 11,
                            "ID1": 10,
                          "value": 1.5
                       },
                       {
                            "ID2": 12,
                            "ID1": 10,
                          "value": 9.546233
                       },
                       {
                            "ID2": 13,
                            "ID1": 11,
                          "value": 9.546233
                       },
                       {
                            "ID2": 13,
                            "ID1": 12,
                          "value": 1.5
                       }
                     ],
   "chemical shift": [
                       {
                          "value": 7.84468,
                             "ID": 10
                       },
                       {
                          "value": 7.84468,
                             "ID": 11
                       },
                       {
                          "value": 7.3223,
                             "ID": 12
                       },
                       {
                          "value": 7.3223,
                             "ID": 13
                       }
                     ]
}
