{
       "J-coupling": [
                       {
                            "ID2": 13,
                            "ID1": 12,
                          "value": 9.116762
                       },
                       {
                            "ID2": 14,
                            "ID1": 12,
                          "value": 1.640939
                       },
                       {
                            "ID2": 16,
                            "ID1": 15,
                          "value": -14
                       },
                       {
                            "ID2": 18,
                            "ID1": 17,
                          "value": -14
                       }
                     ],
   "chemical shift": [
                       {
                          "value": 6.70474,
                             "ID": 12
                       },
                       {
                          "value": 6.7846,
                             "ID": 13
                       },
                       {
                          "value": 6.55107,
                             "ID": 14
                       },
                       {
                          "value": 4.8888,
                             "ID": 15
                       },
                       {
                          "value": 4.8888,
                             "ID": 16
                       },
                       {
                          "value": 5.2258,
                             "ID": 17
                       },
                       {
                          "value": 5.2258,
                             "ID": 18
                       }
                     ]
}
