{
       "J-coupling": [
                       {
                            "ID2": 16,
                            "ID1": 15,
                          "value": -14
                       },
                       {
                            "ID2": 17,
                            "ID1": 15,
                          "value": -14
                       },
                       {
                            "ID2": 17,
                            "ID1": 16,
                          "value": -14
                       },
                       {
                            "ID2": 19,
                            "ID1": 18,
                          "value": 5.547115
                       }
                     ],
   "chemical shift": [
                       {
                          "value": 4.0048,
                             "ID": 15
                       },
                       {
                          "value": 4.0048,
                             "ID": 16
                       },
                       {
                          "value": 4.0048,
                             "ID": 17
                       },
                       {
                          "value": 7.9077,
                             "ID": 18
                       },
                       {
                          "value": 8.9301,
                             "ID": 19
                       },
                       {
                          "value": 9.0747,
                             "ID": 20
                       }
                     ]
}
