{
       "J-coupling": [
                       {
                            "ID2": 15,
                            "ID1": 13,
                          "value": 8.1317
                       },
                       {
                            "ID2": 16,
                            "ID1": 13,
                          "value": 8.1317
                       },
                       {
                            "ID2": 17,
                            "ID1": 14,
                          "value": 3.291725
                       },
                       {
                            "ID2": 18,
                            "ID1": 14,
                          "value": 2.259578
                       },
                       {
                            "ID2": 16,
                            "ID1": 15,
                          "value": 1.484619
                       },
                       {
                            "ID2": 19,
                            "ID1": 15,
                          "value": 1.640234
                       },
                       {
                            "ID2": 19,
                            "ID1": 16,
                          "value": 1.640234
                       },
                       {
                            "ID2": 18,
                            "ID1": 17,
                          "value": 1.373144
                       }
                     ],
   "chemical shift": [
                       {
                          "value": 7.28151,
                             "ID": 13
                       },
                       {
                          "value": 6.5792,
                             "ID": 14
                       },
                       {
                          "value": 6.78486,
                             "ID": 15
                       },
                       {
                          "value": 7.21332,
                             "ID": 16
                       },
                       {
                          "value": 6.80968,
                             "ID": 17
                       },
                       {
                          "value": 7.18966,
                             "ID": 18
                       },
                       {
                          "value": 7.5851,
                             "ID": 19
                       }
                     ]
}
