{
       "J-coupling": [
                       {
                            "ID2": 14,
                            "ID1": 13,
                          "value": 4.101582
                       },
                       {
                            "ID2": 15,
                            "ID1": 13,
                          "value": 4.101582
                       },
                       {
                            "ID2": 15,
                            "ID1": 14,
                          "value": 1.5
                       },
                       {
                            "ID2": 18,
                            "ID1": 17,
                          "value": 12.55
                       }
                     ],
   "chemical shift": [
                       {
                          "value": 7.16284,
                             "ID": 13
                       },
                       {
                          "value": 7.45309,
                             "ID": 14
                       },
                       {
                          "value": 7.45309,
                             "ID": 15
                       },
                       {
                          "value": 6.6455,
                             "ID": 16
                       },
                       {
                          "value": 4.7585,
                             "ID": 17
                       },
                       {
                          "value": 4.7657,
                             "ID": 18
                       }
                     ]
}
