{
       "J-coupling": [
                       {
                            "ID2": 13,
                            "ID1": 12,
                          "value": -14
                       },
                       {
                            "ID2": 14,
                            "ID1": 12,
                          "value": -14
                       },
                       {
                            "ID2": 14,
                            "ID1": 13,
                          "value": -14
                       },
                       {
                            "ID2": 16,
                            "ID1": 15,
                          "value": 8.260807
                       },
                       {
                            "ID2": 17,
                            "ID1": 15,
                          "value": 8.260807
                       }
                     ],
   "chemical shift": [
                       {
                          "value": 3.9033,
                             "ID": 12
                       },
                       {
                          "value": 3.9033,
                             "ID": 13
                       },
                       {
                          "value": 3.9033,
                             "ID": 14
                       },
                       {
                          "value": 7.33402,
                             "ID": 15
                       },
                       {
                          "value": 7.08679,
                             "ID": 16
                       },
                       {
                          "value": 7.46601,
                             "ID": 17
                       },
                       {
                          "value": 7.42528,
                             "ID": 18
                       }
                     ]
}
