{
       "J-coupling": [
                       {
                            "ID2": 13,
                            "ID1": 12,
                          "value": -14
                       },
                       {
                            "ID2": 14,
                            "ID1": 12,
                          "value": 7.56
                       },
                       {
                            "ID2": 14,
                            "ID1": 13,
                          "value": 7.56
                       }
                     ],
   "chemical shift": [
                       {
                          "value": 3.7041,
                             "ID": 12
                       },
                       {
                          "value": 3.7041,
                             "ID": 13
                       },
                       {
                          "value": 3.70609,
                             "ID": 14
                       },
                       {
                          "value": 5.93104,
                             "ID": 15
                       }
                     ]
}
