{
       "J-coupling": [
                       {
                            "ID2": 13,
                            "ID1": 12,
                          "value": 7.79611
                       },
                       {
                            "ID2": 14,
                            "ID1": 12,
                          "value": 7.461402
                       },
                       {
                            "ID2": 15,
                            "ID1": 12,
                          "value": 1.648793
                       },
                       {
                            "ID2": 14,
                            "ID1": 13,
                          "value": 1.410642
                       },
                       {
                            "ID2": 15,
                            "ID1": 13,
                          "value": 8.630206
                       },
                       {
                            "ID2": 15,
                            "ID1": 14,
                          "value": -1.1e-5
                       }
                     ],
   "chemical shift": [
                       {
                          "value": 8.02513,
                             "ID": 12
                       },
                       {
                          "value": 7.96251,
                             "ID": 13
                       },
                       {
                          "value": 8.00038,
                             "ID": 14
                       },
                       {
                          "value": 8.3337,
                             "ID": 15
                       },
                       {
                          "value": 8.4916,
                             "ID": 16
                       }
                     ]
}
