{
       "J-coupling": [
                       {
                            "ID2": 14,
                            "ID1": 13,
                          "value": -14
                       },
                       {
                            "ID2": 15,
                            "ID1": 13,
                          "value": -14
                       },
                       {
                            "ID2": 23,
                            "ID1": 13,
                          "value": 7.620646
                       },
                       {
                            "ID2": 15,
                            "ID1": 14,
                          "value": -14
                       },
                       {
                            "ID2": 23,
                            "ID1": 14,
                          "value": 7.620646
                       },
                       {
                            "ID2": 23,
                            "ID1": 15,
                          "value": 7.620646
                       },
                       {
                            "ID2": 17,
                            "ID1": 16,
                          "value": -14
                       },
                       {
                            "ID2": 18,
                            "ID1": 16,
                          "value": -14
                       },
                       {
                            "ID2": 23,
                            "ID1": 16,
                          "value": 7.620646
                       },
                       {
                            "ID2": 18,
                            "ID1": 17,
                          "value": -14
                       },
                       {
                            "ID2": 23,
                            "ID1": 17,
                          "value": 7.620646
                       },
                       {
                            "ID2": 23,
                            "ID1": 18,
                          "value": 7.620646
                       },
                       {
                            "ID2": 20,
                            "ID1": 19,
                          "value": 7
                       },
                       {
                            "ID2": 21,
                            "ID1": 19,
                          "value": 8.549257
                       },
                       {
                            "ID2": 22,
                            "ID1": 19,
                          "value": 1.454004
                       },
                       {
                            "ID2": 21,
                            "ID1": 20,
                          "value": 1.454004
                       },
                       {
                            "ID2": 22,
                            "ID1": 20,
                          "value": 8.549257
                       }
                     ],
   "chemical shift": [
                       {
                          "value": 1.39881,
                             "ID": 13
                       },
                       {
                          "value": 1.39881,
                             "ID": 14
                       },
                       {
                          "value": 1.39881,
                             "ID": 15
                       },
                       {
                          "value": 1.39881,
                             "ID": 16
                       },
                       {
                          "value": 1.39881,
                             "ID": 17
                       },
                       {
                          "value": 1.39881,
                             "ID": 18
                       },
                       {
                          "value": 7.6086,
                             "ID": 19
                       },
                       {
                          "value": 7.6086,
                             "ID": 20
                       },
                       {
                          "value": 7.32494,
                             "ID": 21
                       },
                       {
                          "value": 7.32494,
                             "ID": 22
                       },
                       {
                          "value": 3.278,
                             "ID": 23
                       }
                     ]
}
