{
       "J-coupling": [
                       {
                            "ID2": 15,
                            "ID1": 14,
                          "value": -14
                       },
                       {
                            "ID2": 16,
                            "ID1": 14,
                          "value": -14
                       },
                       {
                            "ID2": 22,
                            "ID1": 14,
                          "value": 8.049682
                       },
                       {
                            "ID2": 16,
                            "ID1": 15,
                          "value": -14
                       },
                       {
                            "ID2": 22,
                            "ID1": 15,
                          "value": 8.049682
                       },
                       {
                            "ID2": 22,
                            "ID1": 16,
                          "value": 8.049682
                       },
                       {
                            "ID2": 18,
                            "ID1": 17,
                          "value": 4.648943
                       },
                       {
                            "ID2": 19,
                            "ID1": 17,
                          "value": 4.788745
                       },
                       {
                            "ID2": 19,
                            "ID1": 18,
                          "value": 1.150391
                       },
                       {
                            "ID2": 21,
                            "ID1": 20,
                          "value": -18.325768
                       },
                       {
                            "ID2": 22,
                            "ID1": 20,
                          "value": 1.491211
                       },
                       {
                            "ID2": 22,
                            "ID1": 21,
                          "value": 7.372982
                       }
                     ],
   "chemical shift": [
                       {
                          "value": 1.21666,
                             "ID": 14
                       },
                       {
                          "value": 1.21666,
                             "ID": 15
                       },
                       {
                          "value": 1.21666,
                             "ID": 16
                       },
                       {
                          "value": 7.18372,
                             "ID": 17
                       },
                       {
                          "value": 7.57258,
                             "ID": 18
                       },
                       {
                          "value": 7.60526,
                             "ID": 19
                       },
                       {
                          "value": 2.44421,
                             "ID": 20
                       },
                       {
                          "value": 2.86838,
                             "ID": 21
                       },
                       {
                          "value": 3.4999,
                             "ID": 22
                       }
                     ]
}
