{
       "J-coupling": [
                       {
                            "ID2": 14,
                            "ID1": 13,
                          "value": 3.166725
                       },
                       {
                            "ID2": 19,
                            "ID1": 13,
                          "value": 1.51662
                       },
                       {
                            "ID2": 16,
                            "ID1": 15,
                          "value": 1.5
                       },
                       {
                            "ID2": 17,
                            "ID1": 15,
                          "value": 8.729013
                       },
                       {
                            "ID2": 18,
                            "ID1": 16,
                          "value": 8.729013
                       },
                       {
                            "ID2": 18,
                            "ID1": 17,
                          "value": 1.5
                       }
                     ],
   "chemical shift": [
                       {
                          "value": 6.5505,
                             "ID": 13
                       },
                       {
                          "value": 6.6464,
                             "ID": 14
                       },
                       {
                          "value": 7.57446,
                             "ID": 15
                       },
                       {
                          "value": 7.57446,
                             "ID": 16
                       },
                       {
                          "value": 6.88995,
                             "ID": 17
                       },
                       {
                          "value": 6.88995,
                             "ID": 18
                       },
                       {
                          "value": 7.53058,
                             "ID": 19
                       }
                     ]
}
