{
       "J-coupling": [
                       {
                            "ID2": 11,
                            "ID1": 10,
                          "value": 7.98
                       },
                       {
                            "ID2": 12,
                            "ID1": 10,
                          "value": 7.98
                       },
                       {
                            "ID2": 18,
                            "ID1": 10,
                          "value": 6.56
                       },
                       {
                            "ID2": 12,
                            "ID1": 11,
                          "value": 7.98
                       },
                       {
                            "ID2": 18,
                            "ID1": 11,
                          "value": 6.56
                       },
                       {
                            "ID2": 18,
                            "ID1": 12,
                          "value": 6.56
                       },
                       {
                            "ID2": 14,
                            "ID1": 13,
                          "value": 8.944381
                       },
                       {
                            "ID2": 15,
                            "ID1": 13,
                          "value": 8.944381
                       },
                       {
                            "ID2": 15,
                            "ID1": 14,
                          "value": 1.5
                       },
                       {
                            "ID2": 16,
                            "ID1": 14,
                          "value": 9.769407
                       },
                       {
                            "ID2": 17,
                            "ID1": 15,
                          "value": 9.769407
                       },
                       {
                            "ID2": 17,
                            "ID1": 16,
                          "value": 1.5
                       }
                     ],
   "chemical shift": [
                       {
                          "value": 1.4688,
                             "ID": 10
                       },
                       {
                          "value": 1.46931,
                             "ID": 11
                       },
                       {
                          "value": 1.46889,
                             "ID": 12
                       },
                       {
                          "value": 7.35362,
                             "ID": 13
                       },
                       {
                          "value": 7.42956,
                             "ID": 14
                       },
                       {
                          "value": 7.42956,
                             "ID": 15
                       },
                       {
                          "value": 7.42504,
                             "ID": 16
                       },
                       {
                          "value": 7.42504,
                             "ID": 17
                       },
                       {
                          "value": 4.6267,
                             "ID": 18
                       }
                     ]
}
