{
       "J-coupling": [
                       {
                            "ID2": 11,
                            "ID1": 10,
                          "value": 7
                       },
                       {
                            "ID2": 12,
                            "ID1": 10,
                          "value": 8.954247
                       },
                       {
                            "ID2": 13,
                            "ID1": 10,
                          "value": 1.032455
                       },
                       {
                            "ID2": 12,
                            "ID1": 11,
                          "value": 1.699951
                       },
                       {
                            "ID2": 13,
                            "ID1": 11,
                          "value": 8.632069
                       }
                     ],
   "chemical shift": [
                       {
                          "value": 7.54575,
                             "ID": 10
                       },
                       {
                          "value": 7.54575,
                             "ID": 11
                       },
                       {
                          "value": 7.94961,
                             "ID": 12
                       },
                       {
                          "value": 7.94961,
                             "ID": 13
                       }
                     ]
}
