{
       "J-coupling": [
                       {
                            "ID2": 13,
                            "ID1": 12,
                          "value": -14
                       },
                       {
                            "ID2": 14,
                            "ID1": 12,
                          "value": -14
                       },
                       {
                            "ID2": 18,
                            "ID1": 12,
                          "value": 7.924852
                       },
                       {
                            "ID2": 19,
                            "ID1": 12,
                          "value": 7.924852
                       },
                       {
                            "ID2": 14,
                            "ID1": 13,
                          "value": -14
                       },
                       {
                            "ID2": 18,
                            "ID1": 13,
                          "value": 7.924852
                       },
                       {
                            "ID2": 19,
                            "ID1": 13,
                          "value": 7.924852
                       },
                       {
                            "ID2": 18,
                            "ID1": 14,
                          "value": 7.924852
                       },
                       {
                            "ID2": 19,
                            "ID1": 14,
                          "value": 7.924852
                       },
                       {
                            "ID2": 16,
                            "ID1": 15,
                          "value": -14
                       },
                       {
                            "ID2": 17,
                            "ID1": 15,
                          "value": -14
                       },
                       {
                            "ID2": 17,
                            "ID1": 16,
                          "value": -14
                       },
                       {
                            "ID2": 19,
                            "ID1": 18,
                          "value": -14
                       },
                       {
                            "ID2": 21,
                            "ID1": 20,
                          "value": 7.902856
                       },
                       {
                            "ID2": 22,
                            "ID1": 20,
                          "value": 7.902856
                       }
                     ],
   "chemical shift": [
                       {
                          "value": 1.2286,
                             "ID": 12
                       },
                       {
                          "value": 1.2286,
                             "ID": 13
                       },
                       {
                          "value": 1.2286,
                             "ID": 14
                       },
                       {
                          "value": 2.6557,
                             "ID": 15
                       },
                       {
                          "value": 2.6557,
                             "ID": 16
                       },
                       {
                          "value": 2.6557,
                             "ID": 17
                       },
                       {
                          "value": 2.7217,
                             "ID": 18
                       },
                       {
                          "value": 2.7217,
                             "ID": 19
                       },
                       {
                          "value": 7.49414,
                             "ID": 20
                       },
                       {
                          "value": 7.57893,
                             "ID": 21
                       },
                       {
                          "value": 7.82361,
                             "ID": 22
                       },
                       {
                          "value": 7.85522,
                             "ID": 23
                       }
                     ]
}
