{
       "J-coupling": [
                       {
                            "ID2": 15,
                            "ID1": 14,
                          "value": 7.629042
                       },
                       {
                            "ID2": 16,
                            "ID1": 14,
                          "value": 4.392817
                       },
                       {
                            "ID2": 16,
                            "ID1": 15,
                          "value": 1.5
                       },
                       {
                            "ID2": 17,
                            "ID1": 15,
                          "value": 1.5
                       },
                       {
                            "ID2": 19,
                            "ID1": 18,
                          "value": 12.55
                       }
                     ],
   "chemical shift": [
                       {
                          "value": 7.5961,
                             "ID": 14
                       },
                       {
                          "value": 8.3361,
                             "ID": 15
                       },
                       {
                          "value": 8.6242,
                             "ID": 16
                       },
                       {
                          "value": 9.0432,
                             "ID": 17
                       },
                       {
                          "value": 4.7254,
                             "ID": 18
                       },
                       {
                          "value": 4.7239,
                             "ID": 19
                       },
                       {
                          "value": 7.58554,
                             "ID": 20
                       }
                     ]
}
