{
       "J-coupling": [
                       {
                            "ID2": 15,
                            "ID1": 14,
                          "value": -14
                       },
                       {
                            "ID2": 16,
                            "ID1": 14,
                          "value": -14
                       },
                       {
                            "ID2": 16,
                            "ID1": 15,
                          "value": -14
                       },
                       {
                            "ID2": 18,
                            "ID1": 17,
                          "value": -14
                       },
                       {
                            "ID2": 19,
                            "ID1": 17,
                          "value": -14
                       },
                       {
                            "ID2": 19,
                            "ID1": 18,
                          "value": -14
                       },
                       {
                            "ID2": 21,
                            "ID1": 20,
                          "value": 7.879669
                       },
                       {
                            "ID2": 22,
                            "ID1": 20,
                          "value": 7.879669
                       },
                       {
                            "ID2": 24,
                            "ID1": 23,
                          "value": -14
                       },
                       {
                            "ID2": 26,
                            "ID1": 25,
                          "value": -14
                       }
                     ],
   "chemical shift": [
                       {
                          "value": 1.49275,
                             "ID": 14
                       },
                       {
                          "value": 1.49275,
                             "ID": 15
                       },
                       {
                          "value": 1.49275,
                             "ID": 16
                       },
                       {
                          "value": 1.49275,
                             "ID": 17
                       },
                       {
                          "value": 1.49275,
                             "ID": 18
                       },
                       {
                          "value": 1.49275,
                             "ID": 19
                       },
                       {
                          "value": 6.9353,
                             "ID": 20
                       },
                       {
                          "value": 7.1555,
                             "ID": 21
                       },
                       {
                          "value": 7.2951,
                             "ID": 22
                       },
                       {
                          "value": 3.10383,
                             "ID": 23
                       },
                       {
                          "value": 3.10383,
                             "ID": 24
                       },
                       {
                          "value": 4.13448,
                             "ID": 25
                       },
                       {
                          "value": 4.13448,
                             "ID": 26
                       }
                     ]
}
