{
       "J-coupling": [
                       {
                            "ID2": 12,
                            "ID1": 11,
                          "value": -14
                       },
                       {
                            "ID2": 13,
                            "ID1": 11,
                          "value": -14
                       },
                       {
                            "ID2": 13,
                            "ID1": 12,
                          "value": -14
                       },
                       {
                            "ID2": 15,
                            "ID1": 14,
                          "value": 7.125049
                       },
                       {
                            "ID2": 16,
                            "ID1": 14,
                          "value": 4.704076
                       }
                     ],
   "chemical shift": [
                       {
                          "value": 2.32461,
                             "ID": 11
                       },
                       {
                          "value": 2.32461,
                             "ID": 12
                       },
                       {
                          "value": 2.32461,
                             "ID": 13
                       },
                       {
                          "value": 7.32262,
                             "ID": 14
                       },
                       {
                          "value": 7.7211,
                             "ID": 15
                       },
                       {
                          "value": 8.24929,
                             "ID": 16
                       }
                     ]
}
