{
       "J-coupling": [
                       {
                            "ID2": 13,
                            "ID1": 12,
                          "value": -14
                       },
                       {
                            "ID2": 14,
                            "ID1": 12,
                          "value": -14
                       },
                       {
                            "ID2": 14,
                            "ID1": 13,
                          "value": -14
                       },
                       {
                            "ID2": 16,
                            "ID1": 15,
                          "value": -14
                       },
                       {
                            "ID2": 17,
                            "ID1": 15,
                          "value": -14
                       },
                       {
                            "ID2": 17,
                            "ID1": 16,
                          "value": -14
                       },
                       {
                            "ID2": 19,
                            "ID1": 18,
                          "value": 9.346568
                       },
                       {
                            "ID2": 20,
                            "ID1": 18,
                          "value": 4.741246
                       }
                     ],
   "chemical shift": [
                       {
                          "value": 2.555,
                             "ID": 12
                       },
                       {
                          "value": 2.555,
                             "ID": 13
                       },
                       {
                          "value": 2.555,
                             "ID": 14
                       },
                       {
                          "value": 4.0081,
                             "ID": 15
                       },
                       {
                          "value": 4.0081,
                             "ID": 16
                       },
                       {
                          "value": 4.0081,
                             "ID": 17
                       },
                       {
                          "value": 7.2561,
                             "ID": 18
                       },
                       {
                          "value": 8.2898,
                             "ID": 19
                       },
                       {
                          "value": 8.5319,
                             "ID": 20
                       }
                     ]
}
