{
       "J-coupling": [
                       {
                            "ID2": 15,
                            "ID1": 14,
                          "value": -14
                       },
                       {
                            "ID2": 16,
                            "ID1": 14,
                          "value": 6.884986
                       },
                       {
                            "ID2": 17,
                            "ID1": 14,
                          "value": 6.884986
                       },
                       {
                            "ID2": 20,
                            "ID1": 14,
                          "value": 5.309463
                       },
                       {
                            "ID2": 21,
                            "ID1": 14,
                          "value": 5.309463
                       },
                       {
                            "ID2": 16,
                            "ID1": 15,
                          "value": 6.884986
                       },
                       {
                            "ID2": 17,
                            "ID1": 15,
                          "value": 6.884986
                       },
                       {
                            "ID2": 20,
                            "ID1": 15,
                          "value": 5.309463
                       },
                       {
                            "ID2": 21,
                            "ID1": 15,
                          "value": 5.309463
                       },
                       {
                            "ID2": 17,
                            "ID1": 16,
                          "value": -14
                       },
                       {
                            "ID2": 19,
                            "ID1": 18,
                          "value": 8.174241
                       },
                       {
                            "ID2": 22,
                            "ID1": 18,
                          "value": 1.246648
                       },
                       {
                            "ID2": 22,
                            "ID1": 19,
                          "value": 0.615914
                       },
                       {
                            "ID2": 21,
                            "ID1": 20,
                          "value": -14
                       }
                     ],
   "chemical shift": [
                       {
                          "value": 2.0053,
                             "ID": 14
                       },
                       {
                          "value": 2.0053,
                             "ID": 15
                       },
                       {
                          "value": 2.82324,
                             "ID": 16
                       },
                       {
                          "value": 2.82324,
                             "ID": 17
                       },
                       {
                          "value": 7.6204,
                             "ID": 18
                       },
                       {
                          "value": 6.8267,
                             "ID": 19
                       },
                       {
                          "value": 4.2409,
                             "ID": 20
                       },
                       {
                          "value": 4.2409,
                             "ID": 21
                       },
                       {
                          "value": 7.642,
                             "ID": 22
                       }
                     ]
}
