{
       "J-coupling": [
                       {
                            "ID2": 20,
                            "ID1": 19,
                          "value": 1.5
                       },
                       {
                            "ID2": 21,
                            "ID1": 19,
                          "value": 7.782485
                       },
                       {
                            "ID2": 22,
                            "ID1": 20,
                          "value": 7.782485
                       },
                       {
                            "ID2": 22,
                            "ID1": 21,
                          "value": 1.5
                       },
                       {
                            "ID2": 24,
                            "ID1": 23,
                          "value": 8.606699
                       },
                       {
                            "ID2": 27,
                            "ID1": 23,
                          "value": 2.20359
                       },
                       {
                            "ID2": 26,
                            "ID1": 25,
                          "value": -14
                       }
                     ],
   "chemical shift": [
                       {
                          "value": 7.6333,
                             "ID": 19
                       },
                       {
                          "value": 7.6333,
                             "ID": 20
                       },
                       {
                          "value": 8.0237,
                             "ID": 21
                       },
                       {
                          "value": 8.0237,
                             "ID": 22
                       },
                       {
                          "value": 8.2784,
                             "ID": 23
                       },
                       {
                          "value": 8.05573,
                             "ID": 24
                       },
                       {
                          "value": 4.27863,
                             "ID": 25
                       },
                       {
                          "value": 4.27863,
                             "ID": 26
                       },
                       {
                          "value": 8.95524,
                             "ID": 27
                       }
                     ]
}
