{
       "J-coupling": [
                       {
                            "ID2": 13,
                            "ID1": 12,
                          "value": -14
                       },
                       {
                            "ID2": 14,
                            "ID1": 12,
                          "value": -14
                       },
                       {
                            "ID2": 14,
                            "ID1": 13,
                          "value": -14
                       },
                       {
                            "ID2": 16,
                            "ID1": 15,
                          "value": 0.5
                       }
                     ],
   "chemical shift": [
                       {
                          "value": 2.5161,
                             "ID": 12
                       },
                       {
                          "value": 2.5161,
                             "ID": 13
                       },
                       {
                          "value": 2.5161,
                             "ID": 14
                       },
                       {
                          "value": 7.83329,
                             "ID": 15
                       },
                       {
                          "value": 8.01154,
                             "ID": 16
                       }
                     ]
}
