{
       "J-coupling": [
                       {
                            "ID2": 16,
                            "ID1": 15,
                          "value": -14
                       },
                       {
                            "ID2": 17,
                            "ID1": 15,
                          "value": -14
                       },
                       {
                            "ID2": 17,
                            "ID1": 16,
                          "value": -14
                       },
                       {
                            "ID2": 19,
                            "ID1": 18,
                          "value": -14
                       },
                       {
                            "ID2": 20,
                            "ID1": 18,
                          "value": -14
                       },
                       {
                            "ID2": 20,
                            "ID1": 19,
                          "value": -14
                       },
                       {
                            "ID2": 22,
                            "ID1": 21,
                          "value": 9.067467
                       },
                       {
                            "ID2": 23,
                            "ID1": 21,
                          "value": 9.067467
                       },
                       {
                            "ID2": 23,
                            "ID1": 22,
                          "value": 1.5
                       },
                       {
                            "ID2": 24,
                            "ID1": 22,
                          "value": 7.860065
                       },
                       {
                            "ID2": 25,
                            "ID1": 23,
                          "value": 7.860065
                       },
                       {
                            "ID2": 25,
                            "ID1": 24,
                          "value": 1.5
                       }
                     ],
   "chemical shift": [
                       {
                          "value": 0.9305,
                             "ID": 15
                       },
                       {
                          "value": 0.9305,
                             "ID": 16
                       },
                       {
                          "value": 0.9305,
                             "ID": 17
                       },
                       {
                          "value": 1.6312,
                             "ID": 18
                       },
                       {
                          "value": 1.6312,
                             "ID": 19
                       },
                       {
                          "value": 1.6312,
                             "ID": 20
                       },
                       {
                          "value": 7.4255,
                             "ID": 21
                       },
                       {
                          "value": 7.46396,
                             "ID": 22
                       },
                       {
                          "value": 7.46396,
                             "ID": 23
                       },
                       {
                          "value": 7.36261,
                             "ID": 24
                       },
                       {
                          "value": 7.36261,
                             "ID": 25
                       },
                       {
                          "value": 4.3698,
                             "ID": 26
                       }
                     ]
}
