{
       "J-coupling": [
                       {
                            "ID2": 17,
                            "ID1": 14,
                          "value": 1.730566
                       },
                       {
                            "ID2": 16,
                            "ID1": 15,
                          "value": -14
                       }
                     ],
   "chemical shift": [
                       {
                          "value": 8.3166,
                             "ID": 14
                       },
                       {
                          "value": 4.5313,
                             "ID": 15
                       },
                       {
                          "value": 4.5313,
                             "ID": 16
                       },
                       {
                          "value": 8.4401,
                             "ID": 17
                       }
                     ]
}
