{
       "J-coupling": [
                       {
                            "ID2": 12,
                            "ID1": 11,
                          "value": 9.573416
                       },
                       {
                            "ID2": 13,
                            "ID1": 11,
                          "value": 8.0534
                       },
                       {
                            "ID2": 14,
                            "ID1": 12,
                          "value": 8.0534
                       }
                     ],
   "chemical shift": [
                       {
                          "value": 7.11689,
                             "ID": 11
                       },
                       {
                          "value": 7.60374,
                             "ID": 12
                       },
                       {
                          "value": 7.74017,
                             "ID": 13
                       },
                       {
                          "value": 7.40379,
                             "ID": 14
                       }
                     ]
}
