{
       "J-coupling": [
                       {
                            "ID2": 13,
                            "ID1": 12,
                          "value": -14
                       },
                       {
                            "ID2": 14,
                            "ID1": 12,
                          "value": -14
                       },
                       {
                            "ID2": 14,
                            "ID1": 13,
                          "value": -14
                       },
                       {
                            "ID2": 16,
                            "ID1": 15,
                          "value": 8.54226
                       },
                       {
                            "ID2": 17,
                            "ID1": 15,
                          "value": 8.763155
                       },
                       {
                            "ID2": 18,
                            "ID1": 16,
                          "value": 8.763155
                       }
                     ],
   "chemical shift": [
                       {
                          "value": 3.5977,
                             "ID": 12
                       },
                       {
                          "value": 3.5977,
                             "ID": 13
                       },
                       {
                          "value": 3.5977,
                             "ID": 14
                       },
                       {
                          "value": 7.72895,
                             "ID": 15
                       },
                       {
                          "value": 7.15461,
                             "ID": 16
                       },
                       {
                          "value": 7.77957,
                             "ID": 17
                       },
                       {
                          "value": 7.45858,
                             "ID": 18
                       }
                     ]
}
