{
       "J-coupling": [
                       {
                            "ID2": 14,
                            "ID1": 13,
                          "value": -14
                       },
                       {
                            "ID2": 15,
                            "ID1": 13,
                          "value": -14
                       },
                       {
                            "ID2": 15,
                            "ID1": 14,
                          "value": -14
                       },
                       {
                            "ID2": 17,
                            "ID1": 16,
                          "value": 6.952499
                       },
                       {
                            "ID2": 18,
                            "ID1": 16,
                          "value": 6.952499
                       },
                       {
                            "ID2": 21,
                            "ID1": 20,
                          "value": -14
                       }
                     ],
   "chemical shift": [
                       {
                          "value": 3.9556,
                             "ID": 13
                       },
                       {
                          "value": 3.9556,
                             "ID": 14
                       },
                       {
                          "value": 3.9556,
                             "ID": 15
                       },
                       {
                          "value": 7.61799,
                             "ID": 16
                       },
                       {
                          "value": 7.7257,
                             "ID": 17
                       },
                       {
                          "value": 8.06751,
                             "ID": 18
                       },
                       {
                          "value": 8.06968,
                             "ID": 19
                       },
                       {
                          "value": 3.6951,
                             "ID": 20
                       },
                       {
                          "value": 3.6951,
                             "ID": 21
                       }
                     ]
}
