{
       "J-coupling": [
                       {
                            "ID2": 10,
                            "ID1": 9,
                          "value": -14
                       },
                       {
                            "ID2": 11,
                            "ID1": 9,
                          "value": -14
                       },
                       {
                            "ID2": 11,
                            "ID1": 10,
                          "value": -14
                       },
                       {
                            "ID2": 13,
                            "ID1": 12,
                          "value": 7.259998
                       },
                       {
                            "ID2": 14,
                            "ID1": 12,
                          "value": 6.954884
                       }
                     ],
   "chemical shift": [
                       {
                          "value": 2.1005,
                             "ID": 9
                       },
                       {
                          "value": 2.1005,
                             "ID": 10
                       },
                       {
                          "value": 2.1005,
                             "ID": 11
                       },
                       {
                          "value": 6.5149,
                             "ID": 12
                       },
                       {
                          "value": 7.4032,
                             "ID": 13
                       },
                       {
                          "value": 7.6017,
                             "ID": 14
                       }
                     ]
}
