{
       "J-coupling": [
                       {
                            "ID2": 16,
                            "ID1": 15,
                          "value": -14
                       },
                       {
                            "ID2": 17,
                            "ID1": 15,
                          "value": -14
                       },
                       {
                            "ID2": 17,
                            "ID1": 16,
                          "value": -14
                       }
                     ],
   "chemical shift": [
                       {
                          "value": 2.4326,
                             "ID": 15
                       },
                       {
                          "value": 2.4326,
                             "ID": 16
                       },
                       {
                          "value": 2.4326,
                             "ID": 17
                       },
                       {
                          "value": 6.7666,
                             "ID": 18
                       }
                     ]
}
