{
       "J-coupling": [
                       {
                            "ID2": 9,
                            "ID1": 8,
                          "value": 7
                       },
                       {
                            "ID2": 10,
                            "ID1": 8,
                          "value": 2.751324
                       },
                       {
                            "ID2": 11,
                            "ID1": 8,
                          "value": 2.751324
                       },
                       {
                            "ID2": 12,
                            "ID1": 9,
                          "value": 2.751324
                       },
                       {
                            "ID2": 13,
                            "ID1": 9,
                          "value": 2.751324
                       },
                       {
                            "ID2": 11,
                            "ID1": 10,
                          "value": -14
                       },
                       {
                            "ID2": 12,
                            "ID1": 10,
                          "value": 1
                       },
                       {
                            "ID2": 13,
                            "ID1": 10,
                          "value": 1
                       },
                       {
                            "ID2": 12,
                            "ID1": 11,
                          "value": 1
                       },
                       {
                            "ID2": 13,
                            "ID1": 11,
                          "value": 1
                       },
                       {
                            "ID2": 13,
                            "ID1": 12,
                          "value": -14
                       }
                     ],
   "chemical shift": [
                       {
                          "value": 6.1351,
                             "ID": 8
                       },
                       {
                          "value": 6.1351,
                             "ID": 9
                       },
                       {
                          "value": 3.89929,
                             "ID": 10
                       },
                       {
                          "value": 3.89929,
                             "ID": 11
                       },
                       {
                          "value": 3.89929,
                             "ID": 12
                       },
                       {
                          "value": 3.89929,
                             "ID": 13
                       }
                     ]
}
