{
       "J-coupling": [
                       {
                            "ID2": 12,
                            "ID1": 11,
                          "value": 1.5
                       },
                       {
                            "ID2": 13,
                            "ID1": 11,
                          "value": 8.803
                       },
                       {
                            "ID2": 14,
                            "ID1": 12,
                          "value": 8.803
                       },
                       {
                            "ID2": 14,
                            "ID1": 13,
                          "value": 1.5
                       }
                     ],
   "chemical shift": [
                       {
                          "value": 7.2054,
                             "ID": 11
                       },
                       {
                          "value": 7.2054,
                             "ID": 12
                       },
                       {
                          "value": 7.902,
                             "ID": 13
                       },
                       {
                          "value": 7.902,
                             "ID": 14
                       }
                     ]
}
