{
       "J-coupling": [
                       {
                            "ID2": 15,
                            "ID1": 14,
                          "value": 1.5
                       },
                       {
                            "ID2": 16,
                            "ID1": 14,
                          "value": 8.462734
                       },
                       {
                            "ID2": 17,
                            "ID1": 15,
                          "value": 8.462734
                       },
                       {
                            "ID2": 17,
                            "ID1": 16,
                          "value": 1.5
                       },
                       {
                            "ID2": 19,
                            "ID1": 18,
                          "value": 4.03612
                       },
                       {
                            "ID2": 21,
                            "ID1": 20,
                          "value": 11.11
                       }
                     ],
   "chemical shift": [
                       {
                          "value": 7.5276,
                             "ID": 14
                       },
                       {
                          "value": 7.5276,
                             "ID": 15
                       },
                       {
                          "value": 7.955,
                             "ID": 16
                       },
                       {
                          "value": 7.955,
                             "ID": 17
                       },
                       {
                          "value": 7.88081,
                             "ID": 18
                       },
                       {
                          "value": 7.6268,
                             "ID": 19
                       },
                       {
                          "value": 4.3239,
                             "ID": 20
                       },
                       {
                          "value": 4.3245,
                             "ID": 21
                       }
                     ]
}
