{
       "J-coupling": [
                       {
                            "ID2": 14,
                            "ID1": 13,
                          "value": -14
                       },
                       {
                            "ID2": 15,
                            "ID1": 13,
                          "value": -14
                       },
                       {
                            "ID2": 21,
                            "ID1": 13,
                          "value": 7.061362
                       },
                       {
                            "ID2": 15,
                            "ID1": 14,
                          "value": -14
                       },
                       {
                            "ID2": 21,
                            "ID1": 14,
                          "value": 7.061362
                       },
                       {
                            "ID2": 21,
                            "ID1": 15,
                          "value": 7.061362
                       },
                       {
                            "ID2": 17,
                            "ID1": 16,
                          "value": -14
                       },
                       {
                            "ID2": 18,
                            "ID1": 16,
                          "value": -14
                       },
                       {
                            "ID2": 21,
                            "ID1": 16,
                          "value": 7.061362
                       },
                       {
                            "ID2": 18,
                            "ID1": 17,
                          "value": -14
                       },
                       {
                            "ID2": 21,
                            "ID1": 17,
                          "value": 7.061362
                       },
                       {
                            "ID2": 21,
                            "ID1": 18,
                          "value": 7.061362
                       },
                       {
                            "ID2": 20,
                            "ID1": 19,
                          "value": 2.8
                       }
                     ],
   "chemical shift": [
                       {
                          "value": 1.3131,
                             "ID": 13
                       },
                       {
                          "value": 1.3131,
                             "ID": 14
                       },
                       {
                          "value": 1.3131,
                             "ID": 15
                       },
                       {
                          "value": 1.3131,
                             "ID": 16
                       },
                       {
                          "value": 1.3131,
                             "ID": 17
                       },
                       {
                          "value": 1.3131,
                             "ID": 18
                       },
                       {
                          "value": 8.4028,
                             "ID": 19
                       },
                       {
                          "value": 7.6643,
                             "ID": 20
                       },
                       {
                          "value": 3.7289,
                             "ID": 21
                       }
                     ]
}
