{
       "J-coupling": [
                       {
                            "ID2": 18,
                            "ID1": 17,
                          "value": -14
                       },
                       {
                            "ID2": 19,
                            "ID1": 17,
                          "value": -14
                       },
                       {
                            "ID2": 19,
                            "ID1": 18,
                          "value": -14
                       },
                       {
                            "ID2": 21,
                            "ID1": 20,
                          "value": 1.5
                       },
                       {
                            "ID2": 22,
                            "ID1": 20,
                          "value": 7.449989
                       },
                       {
                            "ID2": 23,
                            "ID1": 21,
                          "value": 7.449989
                       },
                       {
                            "ID2": 23,
                            "ID1": 22,
                          "value": 1.5
                       },
                       {
                            "ID2": 25,
                            "ID1": 24,
                          "value": -14
                       }
                     ],
   "chemical shift": [
                       {
                          "value": 2.68676,
                             "ID": 17
                       },
                       {
                          "value": 2.68676,
                             "ID": 18
                       },
                       {
                          "value": 2.68676,
                             "ID": 19
                       },
                       {
                          "value": 7.73938,
                             "ID": 20
                       },
                       {
                          "value": 7.73938,
                             "ID": 21
                       },
                       {
                          "value": 7.16688,
                             "ID": 22
                       },
                       {
                          "value": 7.16688,
                             "ID": 23
                       },
                       {
                          "value": 5.2433,
                             "ID": 24
                       },
                       {
                          "value": 5.2433,
                             "ID": 25
                       },
                       {
                          "value": 7.4713,
                             "ID": 26
                       }
                     ]
}
