{
       "J-coupling": [
                       {
                            "ID2": 16,
                            "ID1": 15,
                          "value": -14
                       },
                       {
                            "ID2": 17,
                            "ID1": 15,
                          "value": -14
                       },
                       {
                            "ID2": 17,
                            "ID1": 16,
                          "value": -14
                       },
                       {
                            "ID2": 19,
                            "ID1": 18,
                          "value": 8.493879
                       },
                       {
                            "ID2": 20,
                            "ID1": 18,
                          "value": 8.493879
                       },
                       {
                            "ID2": 20,
                            "ID1": 19,
                          "value": 1.5
                       },
                       {
                            "ID2": 21,
                            "ID1": 19,
                          "value": 8.120497
                       },
                       {
                            "ID2": 22,
                            "ID1": 20,
                          "value": 8.120497
                       },
                       {
                            "ID2": 22,
                            "ID1": 21,
                          "value": 1.5
                       },
                       {
                            "ID2": 25,
                            "ID1": 24,
                          "value": -14
                       }
                     ],
   "chemical shift": [
                       {
                          "value": 3.8943,
                             "ID": 15
                       },
                       {
                          "value": 3.8943,
                             "ID": 16
                       },
                       {
                          "value": 3.8943,
                             "ID": 17
                       },
                       {
                          "value": 7.42177,
                             "ID": 18
                       },
                       {
                          "value": 7.4976,
                             "ID": 19
                       },
                       {
                          "value": 7.4976,
                             "ID": 20
                       },
                       {
                          "value": 7.78376,
                             "ID": 21
                       },
                       {
                          "value": 7.78376,
                             "ID": 22
                       },
                       {
                          "value": 6.732,
                             "ID": 23
                       },
                       {
                          "value": 4.7711,
                             "ID": 24
                       },
                       {
                          "value": 4.7711,
                             "ID": 25
                       }
                     ]
}
