{
       "J-coupling": [
                       {
                            "ID2": 12,
                            "ID1": 11,
                          "value": -14
                       },
                       {
                            "ID2": 13,
                            "ID1": 11,
                          "value": -14
                       },
                       {
                            "ID2": 13,
                            "ID1": 12,
                          "value": -14
                       },
                       {
                            "ID2": 15,
                            "ID1": 14,
                          "value": -14
                       },
                       {
                            "ID2": 16,
                            "ID1": 14,
                          "value": -14
                       },
                       {
                            "ID2": 16,
                            "ID1": 15,
                          "value": -14
                       },
                       {
                            "ID2": 18,
                            "ID1": 17,
                          "value": -9.082211
                       }
                     ],
   "chemical shift": [
                       {
                          "value": 1.6224,
                             "ID": 11
                       },
                       {
                          "value": 1.6224,
                             "ID": 12
                       },
                       {
                          "value": 1.6224,
                             "ID": 13
                       },
                       {
                          "value": 1.2503,
                             "ID": 14
                       },
                       {
                          "value": 1.2503,
                             "ID": 15
                       },
                       {
                          "value": 1.2503,
                             "ID": 16
                       },
                       {
                          "value": 4.30689,
                             "ID": 17
                       },
                       {
                          "value": 4.07612,
                             "ID": 18
                       },
                       {
                          "value": 4.5,
                             "ID": 19
                       }
                     ]
}
