{
       "J-coupling": [
                       {
                            "ID2": 13,
                            "ID1": 12,
                          "value": -14
                       },
                       {
                            "ID2": 14,
                            "ID1": 12,
                          "value": -14
                       },
                       {
                            "ID2": 14,
                            "ID1": 13,
                          "value": -14
                       },
                       {
                            "ID2": 16,
                            "ID1": 15,
                          "value": 8.246247
                       },
                       {
                            "ID2": 17,
                            "ID1": 15,
                          "value": 8.246247
                       }
                     ],
   "chemical shift": [
                       {
                          "value": 2.7027,
                             "ID": 12
                       },
                       {
                          "value": 2.7027,
                             "ID": 13
                       },
                       {
                          "value": 2.7027,
                             "ID": 14
                       },
                       {
                          "value": 7.0133,
                             "ID": 15
                       },
                       {
                          "value": 7.7059,
                             "ID": 16
                       },
                       {
                          "value": 7.9059,
                             "ID": 17
                       }
                     ]
}
