{
       "J-coupling": [
                       {
                            "ID2": 13,
                            "ID1": 12,
                          "value": -14
                       },
                       {
                            "ID2": 14,
                            "ID1": 12,
                          "value": -14
                       },
                       {
                            "ID2": 14,
                            "ID1": 13,
                          "value": -14
                       },
                       {
                            "ID2": 16,
                            "ID1": 15,
                          "value": -14
                       },
                       {
                            "ID2": 17,
                            "ID1": 15,
                          "value": -14
                       },
                       {
                            "ID2": 17,
                            "ID1": 16,
                          "value": -14
                       }
                     ],
   "chemical shift": [
                       {
                          "value": 2.3583,
                             "ID": 12
                       },
                       {
                          "value": 2.3583,
                             "ID": 13
                       },
                       {
                          "value": 2.3583,
                             "ID": 14
                       },
                       {
                          "value": 2.4315,
                             "ID": 15
                       },
                       {
                          "value": 2.4315,
                             "ID": 16
                       },
                       {
                          "value": 2.4315,
                             "ID": 17
                       },
                       {
                          "value": 6.42417,
                             "ID": 18
                       }
                     ]
}
