{
       "J-coupling": [
                       {
                            "ID2": 15,
                            "ID1": 14,
                          "value": -14
                       },
                       {
                            "ID2": 16,
                            "ID1": 14,
                          "value": -14
                       },
                       {
                            "ID2": 16,
                            "ID1": 15,
                          "value": -14
                       },
                       {
                            "ID2": 18,
                            "ID1": 17,
                          "value": 8.211612
                       },
                       {
                            "ID2": 19,
                            "ID1": 17,
                          "value": 8.538518
                       },
                       {
                            "ID2": 20,
                            "ID1": 17,
                          "value": 1.499579
                       },
                       {
                            "ID2": 19,
                            "ID1": 18,
                          "value": 1.497552
                       },
                       {
                            "ID2": 20,
                            "ID1": 18,
                          "value": 8.538518
                       }
                     ],
   "chemical shift": [
                       {
                          "value": 2.5239,
                             "ID": 14
                       },
                       {
                          "value": 2.5239,
                             "ID": 15
                       },
                       {
                          "value": 2.5239,
                             "ID": 16
                       },
                       {
                          "value": 7.3598,
                             "ID": 17
                       },
                       {
                          "value": 7.47973,
                             "ID": 18
                       },
                       {
                          "value": 7.56883,
                             "ID": 19
                       },
                       {
                          "value": 7.73988,
                             "ID": 20
                       }
                     ]
}
