{
       "J-coupling": [
                       {
                            "ID2": 12,
                            "ID1": 11,
                          "value": -14
                       },
                       {
                            "ID2": 13,
                            "ID1": 11,
                          "value": -14
                       },
                       {
                            "ID2": 13,
                            "ID1": 12,
                          "value": -14
                       },
                       {
                            "ID2": 15,
                            "ID1": 14,
                          "value": 11.251516
                       },
                       {
                            "ID2": 16,
                            "ID1": 14,
                          "value": 1.928587
                       }
                     ],
   "chemical shift": [
                       {
                          "value": 2.5379,
                             "ID": 11
                       },
                       {
                          "value": 2.5379,
                             "ID": 12
                       },
                       {
                          "value": 2.5379,
                             "ID": 13
                       },
                       {
                          "value": 7.60832,
                             "ID": 14
                       },
                       {
                          "value": 7.91715,
                             "ID": 15
                       },
                       {
                          "value": 7.80982,
                             "ID": 16
                       }
                     ]
}
