{
       "J-coupling": [
                       {
                            "ID2": 20,
                            "ID1": 18,
                          "value": 7.831529
                       },
                       {
                            "ID2": 22,
                            "ID1": 18,
                          "value": 5.398351
                       },
                       {
                            "ID2": 21,
                            "ID1": 19,
                          "value": 7.831529
                       },
                       {
                            "ID2": 23,
                            "ID1": 19,
                          "value": 5.398351
                       },
                       {
                            "ID2": 22,
                            "ID1": 20,
                          "value": 1.672266
                       },
                       {
                            "ID2": 24,
                            "ID1": 20,
                          "value": 1.672266
                       },
                       {
                            "ID2": 23,
                            "ID1": 21,
                          "value": 1.672266
                       },
                       {
                            "ID2": 25,
                            "ID1": 21,
                          "value": 1.672266
                       }
                     ],
   "chemical shift": [
                       {
                          "value": 7.5849,
                             "ID": 18
                       },
                       {
                          "value": 7.6259,
                             "ID": 19
                       },
                       {
                          "value": 8.3857,
                             "ID": 20
                       },
                       {
                          "value": 8.433,
                             "ID": 21
                       },
                       {
                          "value": 8.5546,
                             "ID": 22
                       },
                       {
                          "value": 8.6496,
                             "ID": 23
                       },
                       {
                          "value": 9.0939,
                             "ID": 24
                       },
                       {
                          "value": 9.14347,
                             "ID": 25
                       },
                       {
                          "value": 8.0646,
                             "ID": 26
                       }
                     ]
}
