{
       "J-coupling": [
                       {
                            "ID2": 15,
                            "ID1": 14,
                          "value": -14
                       },
                       {
                            "ID2": 16,
                            "ID1": 14,
                          "value": -14
                       },
                       {
                            "ID2": 16,
                            "ID1": 15,
                          "value": -14
                       },
                       {
                            "ID2": 18,
                            "ID1": 17,
                          "value": 9.050879
                       },
                       {
                            "ID2": 23,
                            "ID1": 17,
                          "value": 1.5
                       },
                       {
                            "ID2": 23,
                            "ID1": 18,
                          "value": 0.5
                       },
                       {
                            "ID2": 20,
                            "ID1": 19,
                          "value": -14.724339
                       },
                       {
                            "ID2": 21,
                            "ID1": 19,
                          "value": 3.041765
                       },
                       {
                            "ID2": 22,
                            "ID1": 19,
                          "value": 6.691889
                       },
                       {
                            "ID2": 21,
                            "ID1": 20,
                          "value": 6.691892
                       },
                       {
                            "ID2": 22,
                            "ID1": 20,
                          "value": 3.041771
                       },
                       {
                            "ID2": 22,
                            "ID1": 21,
                          "value": -14.070846
                       }
                     ],
   "chemical shift": [
                       {
                          "value": 2.59056,
                             "ID": 14
                       },
                       {
                          "value": 2.59056,
                             "ID": 15
                       },
                       {
                          "value": 2.59056,
                             "ID": 16
                       },
                       {
                          "value": 7.58859,
                             "ID": 17
                       },
                       {
                          "value": 7.02487,
                             "ID": 18
                       },
                       {
                          "value": 4.33896,
                             "ID": 19
                       },
                       {
                          "value": 4.33875,
                             "ID": 20
                       },
                       {
                          "value": 4.38255,
                             "ID": 21
                       },
                       {
                          "value": 4.38283,
                             "ID": 22
                       },
                       {
                          "value": 7.5527,
                             "ID": 23
                       }
                     ]
}
