{
       "J-coupling": [
                       {
                            "ID2": 12,
                            "ID1": 11,
                          "value": 8.232649
                       },
                       {
                            "ID2": 13,
                            "ID1": 11,
                          "value": 4.822562
                       },
                       {
                            "ID2": 13,
                            "ID1": 12,
                          "value": 1.60623
                       }
                     ],
   "chemical shift": [
                       {
                          "value": 7.43973,
                             "ID": 11
                       },
                       {
                          "value": 7.86489,
                             "ID": 12
                       },
                       {
                          "value": 8.33193,
                             "ID": 13
                       }
                     ]
}
