{
       "J-coupling": [
                       {
                            "ID2": 10,
                            "ID1": 9,
                          "value": -14
                       },
                       {
                            "ID2": 11,
                            "ID1": 9,
                          "value": 6.72
                       },
                       {
                            "ID2": 11,
                            "ID1": 10,
                          "value": 6.72
                       },
                       {
                            "ID2": 13,
                            "ID1": 12,
                          "value": -14
                       },
                       {
                            "ID2": 15,
                            "ID1": 14,
                          "value": 0.4
                       }
                     ],
   "chemical shift": [
                       {
                          "value": 3.69293,
                             "ID": 9
                       },
                       {
                          "value": 3.69293,
                             "ID": 10
                       },
                       {
                          "value": 3.69287,
                             "ID": 11
                       },
                       {
                          "value": 4.103,
                             "ID": 12
                       },
                       {
                          "value": 4.103,
                             "ID": 13
                       },
                       {
                          "value": 7.1968,
                             "ID": 14
                       },
                       {
                          "value": 7.6164,
                             "ID": 15
                       }
                     ]
}
