{
       "J-coupling": [
                       {
                            "ID2": 13,
                            "ID1": 12,
                          "value": 8.500384
                       }
                     ],
   "chemical shift": [
                       {
                          "value": 7.49231,
                             "ID": 12
                       },
                       {
                          "value": 7.87154,
                             "ID": 13
                       }
                     ]
}
