{
       "J-coupling": [
                       {
                            "ID2": 14,
                            "ID1": 13,
                          "value": 1.5
                       },
                       {
                            "ID2": 17,
                            "ID1": 13,
                          "value": 8.446427
                       },
                       {
                            "ID2": 18,
                            "ID1": 14,
                          "value": 8.446427
                       },
                       {
                            "ID2": 16,
                            "ID1": 15,
                          "value": -14
                       },
                       {
                            "ID2": 19,
                            "ID1": 15,
                          "value": 8.118578
                       },
                       {
                            "ID2": 20,
                            "ID1": 15,
                          "value": 8.118578
                       },
                       {
                            "ID2": 19,
                            "ID1": 16,
                          "value": 8.118578
                       },
                       {
                            "ID2": 20,
                            "ID1": 16,
                          "value": 8.118578
                       },
                       {
                            "ID2": 18,
                            "ID1": 17,
                          "value": 1.5
                       },
                       {
                            "ID2": 20,
                            "ID1": 19,
                          "value": -14
                       }
                     ],
   "chemical shift": [
                       {
                          "value": 6.83448,
                             "ID": 13
                       },
                       {
                          "value": 6.83448,
                             "ID": 14
                       },
                       {
                          "value": 2.42714,
                             "ID": 15
                       },
                       {
                          "value": 2.42714,
                             "ID": 16
                       },
                       {
                          "value": 7.16693,
                             "ID": 17
                       },
                       {
                          "value": 7.16693,
                             "ID": 18
                       },
                       {
                          "value": 2.7975,
                             "ID": 19
                       },
                       {
                          "value": 2.7975,
                             "ID": 20
                       }
                     ]
}
