{
       "J-coupling": [
                       {
                            "ID2": 12,
                            "ID1": 11,
                          "value": -14
                       },
                       {
                            "ID2": 13,
                            "ID1": 11,
                          "value": -14
                       },
                       {
                            "ID2": 13,
                            "ID1": 12,
                          "value": -14
                       }
                     ],
   "chemical shift": [
                       {
                          "value": 3.8085,
                             "ID": 11
                       },
                       {
                          "value": 3.8085,
                             "ID": 12
                       },
                       {
                          "value": 3.8085,
                             "ID": 13
                       },
                       {
                          "value": 8.1068,
                             "ID": 14
                       }
                     ]
}
