{
       "J-coupling": [
                       {
                            "ID2": 13,
                            "ID1": 12,
                          "value": 9.070366
                       },
                       {
                            "ID2": 14,
                            "ID1": 12,
                          "value": 1.475485
                       },
                       {
                            "ID2": 16,
                            "ID1": 15,
                          "value": -14
                       }
                     ],
   "chemical shift": [
                       {
                          "value": 7.36072,
                             "ID": 12
                       },
                       {
                          "value": 6.99498,
                             "ID": 13
                       },
                       {
                          "value": 7.20661,
                             "ID": 14
                       },
                       {
                          "value": 6.0948,
                             "ID": 15
                       },
                       {
                          "value": 6.0948,
                             "ID": 16
                       }
                     ]
}
