{
       "J-coupling": [
                       {
                            "ID2": 15,
                            "ID1": 14,
                          "value": -14
                       },
                       {
                            "ID2": 16,
                            "ID1": 14,
                          "value": -14
                       },
                       {
                            "ID2": 16,
                            "ID1": 15,
                          "value": -14
                       },
                       {
                            "ID2": 18,
                            "ID1": 17,
                          "value": 1.5
                       },
                       {
                            "ID2": 19,
                            "ID1": 17,
                          "value": 7
                       },
                       {
                            "ID2": 20,
                            "ID1": 17,
                          "value": 0.5
                       },
                       {
                            "ID2": 19,
                            "ID1": 18,
                          "value": 0.5
                       },
                       {
                            "ID2": 20,
                            "ID1": 18,
                          "value": 7
                       },
                       {
                            "ID2": 20,
                            "ID1": 19,
                          "value": 1.5
                       },
                       {
                            "ID2": 22,
                            "ID1": 21,
                          "value": 14.21
                       }
                     ],
   "chemical shift": [
                       {
                          "value": 3.8008,
                             "ID": 14
                       },
                       {
                          "value": 3.8008,
                             "ID": 15
                       },
                       {
                          "value": 3.8008,
                             "ID": 16
                       },
                       {
                          "value": 6.9846,
                             "ID": 17
                       },
                       {
                          "value": 6.9846,
                             "ID": 18
                       },
                       {
                          "value": 6.9846,
                             "ID": 19
                       },
                       {
                          "value": 6.9846,
                             "ID": 20
                       },
                       {
                          "value": 4.9446,
                             "ID": 21
                       },
                       {
                          "value": 4.9551,
                             "ID": 22
                       }
                     ]
}
