{
       "J-coupling": [
                       {
                            "ID2": 16,
                            "ID1": 15,
                          "value": 8.322567
                       },
                       {
                            "ID2": 17,
                            "ID1": 15,
                          "value": 8.322567
                       },
                       {
                            "ID2": 20,
                            "ID1": 16,
                          "value": 1.5
                       },
                       {
                            "ID2": 20,
                            "ID1": 17,
                          "value": 1.5
                       },
                       {
                            "ID2": 19,
                            "ID1": 18,
                          "value": 7
                       },
                       {
                            "ID2": 21,
                            "ID1": 18,
                          "value": 1.5
                       },
                       {
                            "ID2": 21,
                            "ID1": 19,
                          "value": 2.8
                       }
                     ],
   "chemical shift": [
                       {
                          "value": 7.52712,
                             "ID": 15
                       },
                       {
                          "value": 7.8001,
                             "ID": 16
                       },
                       {
                          "value": 7.8539,
                             "ID": 17
                       },
                       {
                          "value": 7.5856,
                             "ID": 18
                       },
                       {
                          "value": 7.5856,
                             "ID": 19
                       },
                       {
                          "value": 7.7688,
                             "ID": 20
                       },
                       {
                          "value": 8.1762,
                             "ID": 21
                       }
                     ]
}
