{
       "J-coupling": [
                       {
                            "ID2": 21,
                            "ID1": 20,
                          "value": 3.790514
                       },
                       {
                            "ID2": 28,
                            "ID1": 20,
                          "value": 2.417382
                       },
                       {
                            "ID2": 23,
                            "ID1": 22,
                          "value": 1.5
                       },
                       {
                            "ID2": 24,
                            "ID1": 22,
                          "value": 8.56385
                       },
                       {
                            "ID2": 25,
                            "ID1": 23,
                          "value": 8.56385
                       },
                       {
                            "ID2": 25,
                            "ID1": 24,
                          "value": 1.5
                       },
                       {
                            "ID2": 27,
                            "ID1": 26,
                          "value": -14
                       },
                       {
                            "ID2": 29,
                            "ID1": 26,
                          "value": 6.709199
                       },
                       {
                            "ID2": 30,
                            "ID1": 26,
                          "value": 6.709199
                       },
                       {
                            "ID2": 29,
                            "ID1": 27,
                          "value": 6.709199
                       },
                       {
                            "ID2": 30,
                            "ID1": 27,
                          "value": 6.709199
                       },
                       {
                            "ID2": 30,
                            "ID1": 29,
                          "value": -14
                       },
                       {
                            "ID2": 32,
                            "ID1": 31,
                          "value": -14
                       }
                     ],
   "chemical shift": [
                       {
                          "value": 6.6252,
                             "ID": 20
                       },
                       {
                          "value": 7.1102,
                             "ID": 21
                       },
                       {
                          "value": 7.31196,
                             "ID": 22
                       },
                       {
                          "value": 7.31196,
                             "ID": 23
                       },
                       {
                          "value": 7.29865,
                             "ID": 24
                       },
                       {
                          "value": 7.29865,
                             "ID": 25
                       },
                       {
                          "value": 3.4854,
                             "ID": 26
                       },
                       {
                          "value": 3.4854,
                             "ID": 27
                       },
                       {
                          "value": 7.6676,
                             "ID": 28
                       },
                       {
                          "value": 2.7072,
                             "ID": 29
                       },
                       {
                          "value": 2.7072,
                             "ID": 30
                       },
                       {
                          "value": 3.7674,
                             "ID": 31
                       },
                       {
                          "value": 3.7674,
                             "ID": 32
                       }
                     ]
}
