{
       "J-coupling": [
                       {
                            "ID2": 13,
                            "ID1": 12,
                          "value": -14
                       },
                       {
                            "ID2": 14,
                            "ID1": 12,
                          "value": -14
                       },
                       {
                            "ID2": 14,
                            "ID1": 13,
                          "value": -14
                       },
                       {
                            "ID2": 16,
                            "ID1": 15,
                          "value": 9.328324
                       },
                       {
                            "ID2": 17,
                            "ID1": 15,
                          "value": 1.986621
                       }
                     ],
   "chemical shift": [
                       {
                          "value": 2.5192,
                             "ID": 12
                       },
                       {
                          "value": 2.5192,
                             "ID": 13
                       },
                       {
                          "value": 2.5192,
                             "ID": 14
                       },
                       {
                          "value": 6.35879,
                             "ID": 15
                       },
                       {
                          "value": 7.7088,
                             "ID": 16
                       },
                       {
                          "value": 6.1797,
                             "ID": 17
                       }
                     ]
}
