{
       "J-coupling": [
                       {
                            "ID2": 20,
                            "ID1": 19,
                          "value": 5.516754
                       },
                       {
                            "ID2": 21,
                            "ID1": 19,
                          "value": 3.815164
                       }
                     ],
   "chemical shift": [
                       {
                          "value": 7.2174,
                             "ID": 19
                       },
                       {
                          "value": 7.65,
                             "ID": 20
                       },
                       {
                          "value": 7.8041,
                             "ID": 21
                       },
                       {
                          "value": 7.2865,
                             "ID": 22
                       }
                     ]
}
