{
       "J-coupling": [
                       {
                            "ID2": 10,
                            "ID1": 9,
                          "value": -14
                       },
                       {
                            "ID2": 11,
                            "ID1": 9,
                          "value": -14
                       },
                       {
                            "ID2": 15,
                            "ID1": 9,
                          "value": 8.182691
                       },
                       {
                            "ID2": 16,
                            "ID1": 9,
                          "value": 8.182691
                       },
                       {
                            "ID2": 11,
                            "ID1": 10,
                          "value": -14
                       },
                       {
                            "ID2": 15,
                            "ID1": 10,
                          "value": 8.182691
                       },
                       {
                            "ID2": 16,
                            "ID1": 10,
                          "value": 8.182691
                       },
                       {
                            "ID2": 15,
                            "ID1": 11,
                          "value": 8.182691
                       },
                       {
                            "ID2": 16,
                            "ID1": 11,
                          "value": 8.182691
                       },
                       {
                            "ID2": 13,
                            "ID1": 12,
                          "value": -14
                       },
                       {
                            "ID2": 14,
                            "ID1": 12,
                          "value": -14
                       },
                       {
                            "ID2": 14,
                            "ID1": 13,
                          "value": -14
                       },
                       {
                            "ID2": 16,
                            "ID1": 15,
                          "value": -14
                       }
                     ],
   "chemical shift": [
                       {
                          "value": 1.3063,
                             "ID": 9
                       },
                       {
                          "value": 1.3063,
                             "ID": 10
                       },
                       {
                          "value": 1.3063,
                             "ID": 11
                       },
                       {
                          "value": 2.24832,
                             "ID": 12
                       },
                       {
                          "value": 2.24832,
                             "ID": 13
                       },
                       {
                          "value": 2.24832,
                             "ID": 14
                       },
                       {
                          "value": 2.89561,
                             "ID": 15
                       },
                       {
                          "value": 2.89561,
                             "ID": 16
                       },
                       {
                          "value": 6.9436,
                             "ID": 17
                       }
                     ]
}
