{
       "J-coupling": [
                       {
                            "ID2": 11,
                            "ID1": 10,
                          "value": 2.676
                       }
                     ],
   "chemical shift": [
                       {
                          "value": 6.75785,
                             "ID": 10
                       },
                       {
                          "value": 7.84188,
                             "ID": 11
                       }
                     ]
}
