{
       "J-coupling": [
                       {
                            "ID2": 15,
                            "ID1": 14,
                          "value": 7.747864
                       },
                       {
                            "ID2": 16,
                            "ID1": 14,
                          "value": 7.747864
                       },
                       {
                            "ID2": 16,
                            "ID1": 15,
                          "value": 1.5
                       },
                       {
                            "ID2": 17,
                            "ID1": 15,
                          "value": 7.747864
                       },
                       {
                            "ID2": 18,
                            "ID1": 16,
                          "value": 7.747864
                       },
                       {
                            "ID2": 18,
                            "ID1": 17,
                          "value": 1.5
                       },
                       {
                            "ID2": 20,
                            "ID1": 19,
                          "value": 11.159928
                       },
                       {
                            "ID2": 22,
                            "ID1": 21,
                          "value": -14
                       }
                     ],
   "chemical shift": [
                       {
                          "value": 7.3153,
                             "ID": 14
                       },
                       {
                          "value": 7.4502,
                             "ID": 15
                       },
                       {
                          "value": 7.4502,
                             "ID": 16
                       },
                       {
                          "value": 7.5342,
                             "ID": 17
                       },
                       {
                          "value": 7.5342,
                             "ID": 18
                       },
                       {
                          "value": 6.39697,
                             "ID": 19
                       },
                       {
                          "value": 6.57369,
                             "ID": 20
                       },
                       {
                          "value": 3.483,
                             "ID": 21
                       },
                       {
                          "value": 3.483,
                             "ID": 22
                       }
                     ]
}
