{
       "J-coupling": [
                       {
                            "ID2": 14,
                            "ID1": 13,
                          "value": -14
                       },
                       {
                            "ID2": 15,
                            "ID1": 13,
                          "value": -14
                       },
                       {
                            "ID2": 15,
                            "ID1": 14,
                          "value": -14
                       },
                       {
                            "ID2": 17,
                            "ID1": 16,
                          "value": -14
                       },
                       {
                            "ID2": 18,
                            "ID1": 16,
                          "value": -14
                       },
                       {
                            "ID2": 18,
                            "ID1": 17,
                          "value": -14
                       },
                       {
                            "ID2": 20,
                            "ID1": 19,
                          "value": -14
                       },
                       {
                            "ID2": 21,
                            "ID1": 19,
                          "value": -14
                       },
                       {
                            "ID2": 21,
                            "ID1": 20,
                          "value": -14
                       },
                       {
                            "ID2": 23,
                            "ID1": 22,
                          "value": 9.622627
                       },
                       {
                            "ID2": 24,
                            "ID1": 22,
                          "value": 9.622627
                       },
                       {
                            "ID2": 24,
                            "ID1": 23,
                          "value": 1.5
                       }
                     ],
   "chemical shift": [
                       {
                          "value": 3.8968,
                             "ID": 13
                       },
                       {
                          "value": 3.8968,
                             "ID": 14
                       },
                       {
                          "value": 3.8968,
                             "ID": 15
                       },
                       {
                          "value": 3.8968,
                             "ID": 16
                       },
                       {
                          "value": 3.8968,
                             "ID": 17
                       },
                       {
                          "value": 3.8968,
                             "ID": 18
                       },
                       {
                          "value": 2.26645,
                             "ID": 19
                       },
                       {
                          "value": 2.26645,
                             "ID": 20
                       },
                       {
                          "value": 2.26645,
                             "ID": 21
                       },
                       {
                          "value": 7.40877,
                             "ID": 22
                       },
                       {
                          "value": 6.80202,
                             "ID": 23
                       },
                       {
                          "value": 6.80202,
                             "ID": 24
                       }
                     ]
}
