{
       "J-coupling": [
                       {
                            "ID2": 13,
                            "ID1": 12,
                          "value": -14
                       },
                       {
                            "ID2": 14,
                            "ID1": 12,
                          "value": -14
                       },
                       {
                            "ID2": 22,
                            "ID1": 12,
                          "value": 7.33592
                       },
                       {
                            "ID2": 14,
                            "ID1": 13,
                          "value": -14
                       },
                       {
                            "ID2": 22,
                            "ID1": 13,
                          "value": 7.33592
                       },
                       {
                            "ID2": 22,
                            "ID1": 14,
                          "value": 7.33592
                       },
                       {
                            "ID2": 16,
                            "ID1": 15,
                          "value": -14
                       },
                       {
                            "ID2": 17,
                            "ID1": 15,
                          "value": -14
                       },
                       {
                            "ID2": 22,
                            "ID1": 15,
                          "value": 7.33592
                       },
                       {
                            "ID2": 17,
                            "ID1": 16,
                          "value": -14
                       },
                       {
                            "ID2": 22,
                            "ID1": 16,
                          "value": 7.33592
                       },
                       {
                            "ID2": 22,
                            "ID1": 17,
                          "value": 7.33592
                       },
                       {
                            "ID2": 19,
                            "ID1": 18,
                          "value": -14
                       },
                       {
                            "ID2": 20,
                            "ID1": 18,
                          "value": -14
                       },
                       {
                            "ID2": 20,
                            "ID1": 19,
                          "value": -14
                       }
                     ],
   "chemical shift": [
                       {
                          "value": 1.2698,
                             "ID": 12
                       },
                       {
                          "value": 1.2698,
                             "ID": 13
                       },
                       {
                          "value": 1.2698,
                             "ID": 14
                       },
                       {
                          "value": 1.2698,
                             "ID": 15
                       },
                       {
                          "value": 1.2698,
                             "ID": 16
                       },
                       {
                          "value": 1.2698,
                             "ID": 17
                       },
                       {
                          "value": 2.2899,
                             "ID": 18
                       },
                       {
                          "value": 2.2899,
                             "ID": 19
                       },
                       {
                          "value": 2.2899,
                             "ID": 20
                       },
                       {
                          "value": 7,
                             "ID": 21
                       },
                       {
                          "value": 2.92399,
                             "ID": 22
                       }
                     ]
}
