{
       "J-coupling": [
                       {
                            "ID2": 13,
                            "ID1": 12,
                          "value": 7.851158
                       },
                       {
                            "ID2": 14,
                            "ID1": 12,
                          "value": 9.663178
                       },
                       {
                            "ID2": 15,
                            "ID1": 13,
                          "value": 8.831219
                       },
                       {
                            "ID2": 17,
                            "ID1": 16,
                          "value": 9.035862
                       }
                     ],
   "chemical shift": [
                       {
                          "value": 7.4501,
                             "ID": 12
                       },
                       {
                          "value": 7.7207,
                             "ID": 13
                       },
                       {
                          "value": 8.1959,
                             "ID": 14
                       },
                       {
                          "value": 7.62295,
                             "ID": 15
                       },
                       {
                          "value": 7.83396,
                             "ID": 16
                       },
                       {
                          "value": 6.9922,
                             "ID": 17
                       }
                     ]
}
