{
       "J-coupling": [
                       {
                            "ID2": 16,
                            "ID1": 15,
                          "value": -14
                       },
                       {
                            "ID2": 17,
                            "ID1": 15,
                          "value": -14
                       },
                       {
                            "ID2": 17,
                            "ID1": 16,
                          "value": -14
                       },
                       {
                            "ID2": 19,
                            "ID1": 18,
                          "value": 4.988
                       },
                       {
                            "ID2": 24,
                            "ID1": 18,
                          "value": 4.108
                       },
                       {
                            "ID2": 24,
                            "ID1": 19,
                          "value": 1.153711
                       },
                       {
                            "ID2": 21,
                            "ID1": 20,
                          "value": 1.5
                       },
                       {
                            "ID2": 22,
                            "ID1": 20,
                          "value": 8.739016
                       },
                       {
                            "ID2": 23,
                            "ID1": 21,
                          "value": 8.739016
                       },
                       {
                            "ID2": 23,
                            "ID1": 22,
                          "value": 1.5
                       },
                       {
                            "ID2": 26,
                            "ID1": 25,
                          "value": -14
                       }
                     ],
   "chemical shift": [
                       {
                          "value": 2.73563,
                             "ID": 15
                       },
                       {
                          "value": 2.73563,
                             "ID": 16
                       },
                       {
                          "value": 2.73563,
                             "ID": 17
                       },
                       {
                          "value": 7.1906,
                             "ID": 18
                       },
                       {
                          "value": 7.4955,
                             "ID": 19
                       },
                       {
                          "value": 7.7971,
                             "ID": 20
                       },
                       {
                          "value": 7.7971,
                             "ID": 21
                       },
                       {
                          "value": 7.5111,
                             "ID": 22
                       },
                       {
                          "value": 7.5111,
                             "ID": 23
                       },
                       {
                          "value": 7.538,
                             "ID": 24
                       },
                       {
                          "value": 4.23306,
                             "ID": 25
                       },
                       {
                          "value": 4.23306,
                             "ID": 26
                       }
                     ]
}
