{
       "J-coupling": [
                       {
                            "ID2": 12,
                            "ID1": 11,
                          "value": 7.836053
                       },
                       {
                            "ID2": 13,
                            "ID1": 11,
                          "value": 7.836053
                       },
                       {
                            "ID2": 13,
                            "ID1": 12,
                          "value": 1.5
                       },
                       {
                            "ID2": 14,
                            "ID1": 12,
                          "value": 7.928656
                       },
                       {
                            "ID2": 15,
                            "ID1": 13,
                          "value": 7.928656
                       },
                       {
                            "ID2": 15,
                            "ID1": 14,
                          "value": 1.5
                       }
                     ],
   "chemical shift": [
                       {
                          "value": 7.70684,
                             "ID": 11
                       },
                       {
                          "value": 7.63113,
                             "ID": 12
                       },
                       {
                          "value": 7.63113,
                             "ID": 13
                       },
                       {
                          "value": 7.92479,
                             "ID": 14
                       },
                       {
                          "value": 7.92479,
                             "ID": 15
                       }
                     ]
}
