{
       "J-coupling": [
                       {
                            "ID2": 16,
                            "ID1": 15,
                          "value": 5.997965
                       },
                       {
                            "ID2": 21,
                            "ID1": 15,
                          "value": 1.593998
                       },
                       {
                            "ID2": 18,
                            "ID1": 17,
                          "value": -14
                       },
                       {
                            "ID2": 19,
                            "ID1": 17,
                          "value": 4.539072
                       },
                       {
                            "ID2": 20,
                            "ID1": 17,
                          "value": 4.539072
                       },
                       {
                            "ID2": 19,
                            "ID1": 18,
                          "value": 4.539072
                       },
                       {
                            "ID2": 20,
                            "ID1": 18,
                          "value": 4.539072
                       },
                       {
                            "ID2": 20,
                            "ID1": 19,
                          "value": -14
                       }
                     ],
   "chemical shift": [
                       {
                          "value": 7.3252,
                             "ID": 15
                       },
                       {
                          "value": 8.3057,
                             "ID": 16
                       },
                       {
                          "value": 4.4016,
                             "ID": 17
                       },
                       {
                          "value": 4.4016,
                             "ID": 18
                       },
                       {
                          "value": 3.9523,
                             "ID": 19
                       },
                       {
                          "value": 3.9523,
                             "ID": 20
                       },
                       {
                          "value": 7.2303,
                             "ID": 21
                       }
                     ]
}
