{
       "J-coupling": [
                       {
                            "ID2": 17,
                            "ID1": 16,
                          "value": -14
                       },
                       {
                            "ID2": 18,
                            "ID1": 16,
                          "value": -14
                       },
                       {
                            "ID2": 18,
                            "ID1": 17,
                          "value": -14
                       },
                       {
                            "ID2": 20,
                            "ID1": 19,
                          "value": -14
                       },
                       {
                            "ID2": 21,
                            "ID1": 19,
                          "value": -14
                       },
                       {
                            "ID2": 21,
                            "ID1": 20,
                          "value": -14
                       },
                       {
                            "ID2": 23,
                            "ID1": 22,
                          "value": -14
                       },
                       {
                            "ID2": 28,
                            "ID1": 22,
                          "value": 8.202471
                       },
                       {
                            "ID2": 29,
                            "ID1": 22,
                          "value": 8.202471
                       },
                       {
                            "ID2": 30,
                            "ID1": 22,
                          "value": 6.009618
                       },
                       {
                            "ID2": 31,
                            "ID1": 22,
                          "value": 6.009618
                       },
                       {
                            "ID2": 28,
                            "ID1": 23,
                          "value": 8.202471
                       },
                       {
                            "ID2": 29,
                            "ID1": 23,
                          "value": 8.202471
                       },
                       {
                            "ID2": 30,
                            "ID1": 23,
                          "value": 6.009618
                       },
                       {
                            "ID2": 31,
                            "ID1": 23,
                          "value": 6.009618
                       },
                       {
                            "ID2": 25,
                            "ID1": 24,
                          "value": 1.5
                       },
                       {
                            "ID2": 26,
                            "ID1": 24,
                          "value": 8.557704
                       },
                       {
                            "ID2": 27,
                            "ID1": 25,
                          "value": 8.557704
                       },
                       {
                            "ID2": 27,
                            "ID1": 26,
                          "value": 1.5
                       },
                       {
                            "ID2": 29,
                            "ID1": 28,
                          "value": -14
                       },
                       {
                            "ID2": 31,
                            "ID1": 30,
                          "value": -14
                       }
                     ],
   "chemical shift": [
                       {
                          "value": 2.92676,
                             "ID": 16
                       },
                       {
                          "value": 2.92676,
                             "ID": 17
                       },
                       {
                          "value": 2.92676,
                             "ID": 18
                       },
                       {
                          "value": 2.92676,
                             "ID": 19
                       },
                       {
                          "value": 2.92676,
                             "ID": 20
                       },
                       {
                          "value": 2.92676,
                             "ID": 21
                       },
                       {
                          "value": 2.25401,
                             "ID": 22
                       },
                       {
                          "value": 2.25401,
                             "ID": 23
                       },
                       {
                          "value": 7.10559,
                             "ID": 24
                       },
                       {
                          "value": 7.10559,
                             "ID": 25
                       },
                       {
                          "value": 7.73874,
                             "ID": 26
                       },
                       {
                          "value": 7.73874,
                             "ID": 27
                       },
                       {
                          "value": 3.3648,
                             "ID": 28
                       },
                       {
                          "value": 3.3648,
                             "ID": 29
                       },
                       {
                          "value": 4.22938,
                             "ID": 30
                       },
                       {
                          "value": 4.22938,
                             "ID": 31
                       }
                     ]
}
