{
       "J-coupling": [
                       {
                            "ID2": 18,
                            "ID1": 17,
                          "value": -14
                       },
                       {
                            "ID2": 19,
                            "ID1": 17,
                          "value": -14
                       },
                       {
                            "ID2": 19,
                            "ID1": 18,
                          "value": -14
                       },
                       {
                            "ID2": 21,
                            "ID1": 20,
                          "value": -14
                       },
                       {
                            "ID2": 22,
                            "ID1": 20,
                          "value": -14
                       },
                       {
                            "ID2": 22,
                            "ID1": 21,
                          "value": -14
                       },
                       {
                            "ID2": 24,
                            "ID1": 23,
                          "value": -14
                       },
                       {
                            "ID2": 25,
                            "ID1": 23,
                          "value": -14
                       },
                       {
                            "ID2": 25,
                            "ID1": 24,
                          "value": -14
                       },
                       {
                            "ID2": 27,
                            "ID1": 26,
                          "value": -14
                       },
                       {
                            "ID2": 28,
                            "ID1": 26,
                          "value": -14
                       },
                       {
                            "ID2": 28,
                            "ID1": 27,
                          "value": -14
                       },
                       {
                            "ID2": 31,
                            "ID1": 29,
                          "value": 8.155283
                       },
                       {
                            "ID2": 33,
                            "ID1": 29,
                          "value": 8.873276
                       },
                       {
                            "ID2": 32,
                            "ID1": 30,
                          "value": 8.155283
                       },
                       {
                            "ID2": 34,
                            "ID1": 30,
                          "value": 8.873276
                       },
                       {
                            "ID2": 32,
                            "ID1": 31,
                          "value": 1.5
                       }
                     ],
   "chemical shift": [
                       {
                          "value": 3.15432,
                             "ID": 17
                       },
                       {
                          "value": 3.15432,
                             "ID": 18
                       },
                       {
                          "value": 3.15432,
                             "ID": 19
                       },
                       {
                          "value": 3.15432,
                             "ID": 20
                       },
                       {
                          "value": 3.15432,
                             "ID": 21
                       },
                       {
                          "value": 3.15432,
                             "ID": 22
                       },
                       {
                          "value": 3.1543,
                             "ID": 23
                       },
                       {
                          "value": 3.1543,
                             "ID": 24
                       },
                       {
                          "value": 3.1543,
                             "ID": 25
                       },
                       {
                          "value": 3.1543,
                             "ID": 26
                       },
                       {
                          "value": 3.1543,
                             "ID": 27
                       },
                       {
                          "value": 3.1543,
                             "ID": 28
                       },
                       {
                          "value": 7.7157,
                             "ID": 29
                       },
                       {
                          "value": 7.7157,
                             "ID": 30
                       },
                       {
                          "value": 7.9305,
                             "ID": 31
                       },
                       {
                          "value": 7.9305,
                             "ID": 32
                       },
                       {
                          "value": 8.0582,
                             "ID": 33
                       },
                       {
                          "value": 8.0582,
                             "ID": 34
                       }
                     ]
}
