{
       "J-coupling": [
                       {
                            "ID2": 15,
                            "ID1": 14,
                          "value": -14
                       },
                       {
                            "ID2": 16,
                            "ID1": 14,
                          "value": -14
                       },
                       {
                            "ID2": 16,
                            "ID1": 15,
                          "value": -14
                       },
                       {
                            "ID2": 18,
                            "ID1": 17,
                          "value": -14
                       },
                       {
                            "ID2": 19,
                            "ID1": 17,
                          "value": -14
                       },
                       {
                            "ID2": 19,
                            "ID1": 18,
                          "value": -14
                       },
                       {
                            "ID2": 21,
                            "ID1": 20,
                          "value": 8.765971
                       },
                       {
                            "ID2": 23,
                            "ID1": 22,
                          "value": 11.2
                       }
                     ],
   "chemical shift": [
                       {
                          "value": 3.8508,
                             "ID": 14
                       },
                       {
                          "value": 3.8508,
                             "ID": 15
                       },
                       {
                          "value": 3.8508,
                             "ID": 16
                       },
                       {
                          "value": 3.9002,
                             "ID": 17
                       },
                       {
                          "value": 3.9002,
                             "ID": 18
                       },
                       {
                          "value": 3.9002,
                             "ID": 19
                       },
                       {
                          "value": 7.0713,
                             "ID": 20
                       },
                       {
                          "value": 7.25604,
                             "ID": 21
                       },
                       {
                          "value": 4.4863,
                             "ID": 22
                       },
                       {
                          "value": 4.4857,
                             "ID": 23
                       }
                     ]
}
