{
       "J-coupling": [
                       {
                            "ID2": 14,
                            "ID1": 13,
                          "value": 3.830708
                       },
                       {
                            "ID2": 17,
                            "ID1": 13,
                          "value": 0.84094
                       },
                       {
                            "ID2": 17,
                            "ID1": 14,
                          "value": 1.890874
                       },
                       {
                            "ID2": 16,
                            "ID1": 15,
                          "value": 5.72
                       }
                     ],
   "chemical shift": [
                       {
                          "value": 7.4643,
                             "ID": 13
                       },
                       {
                          "value": 6.737,
                             "ID": 14
                       },
                       {
                          "value": 8.6306,
                             "ID": 15
                       },
                       {
                          "value": 7.7739,
                             "ID": 16
                       },
                       {
                          "value": 7.8294,
                             "ID": 17
                       }
                     ]
}
