{
       "J-coupling": [
                       {
                            "ID2": 15,
                            "ID1": 14,
                          "value": 7.639027
                       },
                       {
                            "ID2": 16,
                            "ID1": 14,
                          "value": 7.639027
                       },
                       {
                            "ID2": 17,
                            "ID1": 14,
                          "value": 2.907861
                       },
                       {
                            "ID2": 18,
                            "ID1": 14,
                          "value": 2.907861
                       },
                       {
                            "ID2": 16,
                            "ID1": 15,
                          "value": 1.5
                       },
                       {
                            "ID2": 17,
                            "ID1": 15,
                          "value": 7.549272
                       },
                       {
                            "ID2": 18,
                            "ID1": 16,
                          "value": 7.549272
                       },
                       {
                            "ID2": 18,
                            "ID1": 17,
                          "value": 1.5
                       },
                       {
                            "ID2": 21,
                            "ID1": 20,
                          "value": 12.55
                       }
                     ],
   "chemical shift": [
                       {
                          "value": 7.54648,
                             "ID": 14
                       },
                       {
                          "value": 7.56533,
                             "ID": 15
                       },
                       {
                          "value": 7.56533,
                             "ID": 16
                       },
                       {
                          "value": 7.88897,
                             "ID": 17
                       },
                       {
                          "value": 7.88897,
                             "ID": 18
                       },
                       {
                          "value": 6.8531,
                             "ID": 19
                       },
                       {
                          "value": 4.7514,
                             "ID": 20
                       },
                       {
                          "value": 4.754,
                             "ID": 21
                       }
                     ]
}
