{
       "J-coupling": [
                       {
                            "ID2": 13,
                            "ID1": 12,
                          "value": -14
                       },
                       {
                            "ID2": 14,
                            "ID1": 12,
                          "value": -14
                       },
                       {
                            "ID2": 14,
                            "ID1": 13,
                          "value": -14
                       },
                       {
                            "ID2": 16,
                            "ID1": 15,
                          "value": -14
                       },
                       {
                            "ID2": 17,
                            "ID1": 15,
                          "value": -14
                       },
                       {
                            "ID2": 17,
                            "ID1": 16,
                          "value": -14
                       },
                       {
                            "ID2": 19,
                            "ID1": 18,
                          "value": -14
                       }
                     ],
   "chemical shift": [
                       {
                          "value": 2.612,
                             "ID": 12
                       },
                       {
                          "value": 2.612,
                             "ID": 13
                       },
                       {
                          "value": 2.612,
                             "ID": 14
                       },
                       {
                          "value": 2.6344,
                             "ID": 15
                       },
                       {
                          "value": 2.6344,
                             "ID": 16
                       },
                       {
                          "value": 2.6344,
                             "ID": 17
                       },
                       {
                          "value": 4.5727,
                             "ID": 18
                       },
                       {
                          "value": 4.5727,
                             "ID": 19
                       }
                     ]
}
