{
       "J-coupling": [
                       {
                            "ID2": 14,
                            "ID1": 13,
                          "value": -14
                       },
                       {
                            "ID2": 15,
                            "ID1": 13,
                          "value": -14
                       },
                       {
                            "ID2": 15,
                            "ID1": 14,
                          "value": -14
                       },
                       {
                            "ID2": 17,
                            "ID1": 16,
                          "value": 8.437305
                       },
                       {
                            "ID2": 18,
                            "ID1": 16,
                          "value": 8.437305
                       },
                       {
                            "ID2": 20,
                            "ID1": 19,
                          "value": 3.413816
                       }
                     ],
   "chemical shift": [
                       {
                          "value": 3.87253,
                             "ID": 13
                       },
                       {
                          "value": 3.87253,
                             "ID": 14
                       },
                       {
                          "value": 3.87253,
                             "ID": 15
                       },
                       {
                          "value": 7.3576,
                             "ID": 16
                       },
                       {
                          "value": 7.8089,
                             "ID": 17
                       },
                       {
                          "value": 7.5971,
                             "ID": 18
                       },
                       {
                          "value": 6.71534,
                             "ID": 19
                       },
                       {
                          "value": 7.49907,
                             "ID": 20
                       }
                     ]
}
