{
       "J-coupling": [
                       {
                            "ID2": 13,
                            "ID1": 12,
                          "value": 7.32
                       },
                       {
                            "ID2": 14,
                            "ID1": 12,
                          "value": 7.32
                       },
                       {
                            "ID2": 14,
                            "ID1": 13,
                          "value": -14
                       },
                       {
                            "ID2": 18,
                            "ID1": 15,
                          "value": 8.103546
                       },
                       {
                            "ID2": 19,
                            "ID1": 15,
                          "value": 8.103546
                       },
                       {
                            "ID2": 17,
                            "ID1": 16,
                          "value": -14
                       },
                       {
                            "ID2": 20,
                            "ID1": 16,
                          "value": 6.953165
                       },
                       {
                            "ID2": 21,
                            "ID1": 16,
                          "value": 6.953165
                       },
                       {
                            "ID2": 22,
                            "ID1": 16,
                          "value": 5.500049
                       },
                       {
                            "ID2": 23,
                            "ID1": 16,
                          "value": 5.500049
                       },
                       {
                            "ID2": 20,
                            "ID1": 17,
                          "value": 6.953165
                       },
                       {
                            "ID2": 21,
                            "ID1": 17,
                          "value": 6.953165
                       },
                       {
                            "ID2": 22,
                            "ID1": 17,
                          "value": 5.500049
                       },
                       {
                            "ID2": 23,
                            "ID1": 17,
                          "value": 5.500049
                       },
                       {
                            "ID2": 21,
                            "ID1": 20,
                          "value": -14
                       },
                       {
                            "ID2": 23,
                            "ID1": 22,
                          "value": -14
                       }
                     ],
   "chemical shift": [
                       {
                          "value": 1.5254,
                             "ID": 12
                       },
                       {
                          "value": 1.5203,
                             "ID": 13
                       },
                       {
                          "value": 1.5203,
                             "ID": 14
                       },
                       {
                          "value": 6.72423,
                             "ID": 15
                       },
                       {
                          "value": 1.8918,
                             "ID": 16
                       },
                       {
                          "value": 1.8918,
                             "ID": 17
                       },
                       {
                          "value": 6.95116,
                             "ID": 18
                       },
                       {
                          "value": 6.97751,
                             "ID": 19
                       },
                       {
                          "value": 2.7623,
                             "ID": 20
                       },
                       {
                          "value": 2.7623,
                             "ID": 21
                       },
                       {
                          "value": 3.2406,
                             "ID": 22
                       },
                       {
                          "value": 3.2406,
                             "ID": 23
                       }
                     ]
}
