{
       "J-coupling": [
                       {
                            "ID2": 12,
                            "ID1": 11,
                          "value": -14
                       },
                       {
                            "ID2": 13,
                            "ID1": 11,
                          "value": -14
                       },
                       {
                            "ID2": 13,
                            "ID1": 12,
                          "value": -14
                       },
                       {
                            "ID2": 15,
                            "ID1": 14,
                          "value": 8.875142
                       },
                       {
                            "ID2": 16,
                            "ID1": 14,
                          "value": 3.147373
                       }
                     ],
   "chemical shift": [
                       {
                          "value": 3.83451,
                             "ID": 11
                       },
                       {
                          "value": 3.83451,
                             "ID": 12
                       },
                       {
                          "value": 3.83451,
                             "ID": 13
                       },
                       {
                          "value": 6.77498,
                             "ID": 14
                       },
                       {
                          "value": 7.00209,
                             "ID": 15
                       },
                       {
                          "value": 6.9427,
                             "ID": 16
                       }
                     ]
}
