{
       "J-coupling": [
                       {
                            "ID2": 16,
                            "ID1": 15,
                          "value": 1.5
                       },
                       {
                            "ID2": 17,
                            "ID1": 15,
                          "value": 8.276846
                       },
                       {
                            "ID2": 18,
                            "ID1": 16,
                          "value": 8.276846
                       },
                       {
                            "ID2": 18,
                            "ID1": 17,
                          "value": 1.5
                       },
                       {
                            "ID2": 20,
                            "ID1": 19,
                          "value": 1.5
                       },
                       {
                            "ID2": 22,
                            "ID1": 21,
                          "value": 11.11
                       }
                     ],
   "chemical shift": [
                       {
                          "value": 7.57638,
                             "ID": 15
                       },
                       {
                          "value": 7.57638,
                             "ID": 16
                       },
                       {
                          "value": 7.7602,
                             "ID": 17
                       },
                       {
                          "value": 7.7602,
                             "ID": 18
                       },
                       {
                          "value": 9.088,
                             "ID": 19
                       },
                       {
                          "value": 9.088,
                             "ID": 20
                       },
                       {
                          "value": 4.3226,
                             "ID": 21
                       },
                       {
                          "value": 4.3225,
                             "ID": 22
                       },
                       {
                          "value": 9.10761,
                             "ID": 23
                       }
                     ]
}
