{
       "J-coupling": [
                       {
                            "ID2": 13,
                            "ID1": 12,
                          "value": 7.016746
                       },
                       {
                            "ID2": 14,
                            "ID1": 12,
                          "value": 6.991818
                       },
                       {
                            "ID2": 14,
                            "ID1": 13,
                          "value": 1.5
                       },
                       {
                            "ID2": 16,
                            "ID1": 15,
                          "value": 11.2
                       },
                       {
                            "ID2": 18,
                            "ID1": 17,
                          "value": 11.2
                       }
                     ],
   "chemical shift": [
                       {
                          "value": 7.2263,
                             "ID": 12
                       },
                       {
                          "value": 7.4094,
                             "ID": 13
                       },
                       {
                          "value": 7.4094,
                             "ID": 14
                       },
                       {
                          "value": 4.4148,
                             "ID": 15
                       },
                       {
                          "value": 4.4125,
                             "ID": 16
                       },
                       {
                          "value": 4.4125,
                             "ID": 17
                       },
                       {
                          "value": 4.4148,
                             "ID": 18
                       }
                     ]
}
