{
       "J-coupling": [
                       {
                            "ID2": 15,
                            "ID1": 14,
                          "value": -14
                       },
                       {
                            "ID2": 16,
                            "ID1": 14,
                          "value": -14
                       },
                       {
                            "ID2": 16,
                            "ID1": 15,
                          "value": -14
                       },
                       {
                            "ID2": 18,
                            "ID1": 17,
                          "value": -14
                       },
                       {
                            "ID2": 19,
                            "ID1": 17,
                          "value": -14
                       },
                       {
                            "ID2": 19,
                            "ID1": 18,
                          "value": -14
                       },
                       {
                            "ID2": 21,
                            "ID1": 20,
                          "value": -14
                       },
                       {
                            "ID2": 22,
                            "ID1": 20,
                          "value": -14
                       },
                       {
                            "ID2": 22,
                            "ID1": 21,
                          "value": -14
                       },
                       {
                            "ID2": 24,
                            "ID1": 23,
                          "value": -14
                       },
                       {
                            "ID2": 25,
                            "ID1": 23,
                          "value": -14
                       },
                       {
                            "ID2": 25,
                            "ID1": 24,
                          "value": -14
                       }
                     ],
   "chemical shift": [
                       {
                          "value": 2.3674,
                             "ID": 14
                       },
                       {
                          "value": 2.3674,
                             "ID": 15
                       },
                       {
                          "value": 2.3674,
                             "ID": 16
                       },
                       {
                          "value": 2.7144,
                             "ID": 17
                       },
                       {
                          "value": 2.7144,
                             "ID": 18
                       },
                       {
                          "value": 2.7144,
                             "ID": 19
                       },
                       {
                          "value": 2.7144,
                             "ID": 20
                       },
                       {
                          "value": 2.7144,
                             "ID": 21
                       },
                       {
                          "value": 2.7144,
                             "ID": 22
                       },
                       {
                          "value": 3.6581,
                             "ID": 23
                       },
                       {
                          "value": 3.6581,
                             "ID": 24
                       },
                       {
                          "value": 3.6581,
                             "ID": 25
                       },
                       {
                          "value": 7.6995,
                             "ID": 26
                       }
                     ]
}
