{
       "J-coupling": [
                       {
                            "ID2": 15,
                            "ID1": 14,
                          "value": -14
                       },
                       {
                            "ID2": 16,
                            "ID1": 14,
                          "value": -14
                       },
                       {
                            "ID2": 16,
                            "ID1": 15,
                          "value": -14
                       },
                       {
                            "ID2": 18,
                            "ID1": 17,
                          "value": -14
                       },
                       {
                            "ID2": 19,
                            "ID1": 17,
                          "value": 7.992025
                       },
                       {
                            "ID2": 20,
                            "ID1": 17,
                          "value": 7.992025
                       },
                       {
                            "ID2": 21,
                            "ID1": 17,
                          "value": 7.992025
                       },
                       {
                            "ID2": 22,
                            "ID1": 17,
                          "value": 7.992025
                       },
                       {
                            "ID2": 19,
                            "ID1": 18,
                          "value": 7.992025
                       },
                       {
                            "ID2": 20,
                            "ID1": 18,
                          "value": 7.992025
                       },
                       {
                            "ID2": 21,
                            "ID1": 18,
                          "value": 7.992025
                       },
                       {
                            "ID2": 22,
                            "ID1": 18,
                          "value": 7.992025
                       },
                       {
                            "ID2": 20,
                            "ID1": 19,
                          "value": -14
                       },
                       {
                            "ID2": 22,
                            "ID1": 21,
                          "value": -14
                       },
                       {
                            "ID2": 24,
                            "ID1": 23,
                          "value": 8.107881
                       },
                       {
                            "ID2": 25,
                            "ID1": 24,
                          "value": 1.539467
                       }
                     ],
   "chemical shift": [
                       {
                          "value": 2.2716,
                             "ID": 14
                       },
                       {
                          "value": 2.2716,
                             "ID": 15
                       },
                       {
                          "value": 2.2716,
                             "ID": 16
                       },
                       {
                          "value": 2.06628,
                             "ID": 17
                       },
                       {
                          "value": 2.06628,
                             "ID": 18
                       },
                       {
                          "value": 2.91314,
                             "ID": 19
                       },
                       {
                          "value": 2.91314,
                             "ID": 20
                       },
                       {
                          "value": 2.91803,
                             "ID": 21
                       },
                       {
                          "value": 2.91803,
                             "ID": 22
                       },
                       {
                          "value": 7.34145,
                             "ID": 23
                       },
                       {
                          "value": 7.40003,
                             "ID": 24
                       },
                       {
                          "value": 7.51655,
                             "ID": 25
                       }
                     ]
}
