{
       "J-coupling": [
                       {
                            "ID2": 17,
                            "ID1": 16,
                          "value": -14
                       },
                       {
                            "ID2": 18,
                            "ID1": 16,
                          "value": -14
                       },
                       {
                            "ID2": 18,
                            "ID1": 17,
                          "value": -14
                       },
                       {
                            "ID2": 20,
                            "ID1": 19,
                          "value": 7.110154
                       },
                       {
                            "ID2": 21,
                            "ID1": 19,
                          "value": 8.491612
                       },
                       {
                            "ID2": 22,
                            "ID1": 20,
                          "value": 8.491612
                       }
                     ],
   "chemical shift": [
                       {
                          "value": 3.6924,
                             "ID": 16
                       },
                       {
                          "value": 3.6924,
                             "ID": 17
                       },
                       {
                          "value": 3.6924,
                             "ID": 18
                       },
                       {
                          "value": 7.51716,
                             "ID": 19
                       },
                       {
                          "value": 7.32514,
                             "ID": 20
                       },
                       {
                          "value": 7.42557,
                             "ID": 21
                       },
                       {
                          "value": 7.4409,
                             "ID": 22
                       }
                     ]
}
