{
       "J-coupling": [
                       {
                            "ID2": 9,
                            "ID1": 8,
                          "value": 1.5
                       },
                       {
                            "ID2": 10,
                            "ID1": 8,
                          "value": 7.420778
                       },
                       {
                            "ID2": 11,
                            "ID1": 8,
                          "value": 0.5
                       },
                       {
                            "ID2": 10,
                            "ID1": 9,
                          "value": 0.5
                       },
                       {
                            "ID2": 11,
                            "ID1": 9,
                          "value": 7.420778
                       },
                       {
                            "ID2": 11,
                            "ID1": 10,
                          "value": 1.5
                       }
                     ],
   "chemical shift": [
                       {
                          "value": 6.5901,
                             "ID": 8
                       },
                       {
                          "value": 6.5901,
                             "ID": 9
                       },
                       {
                          "value": 7.8936,
                             "ID": 10
                       },
                       {
                          "value": 7.8936,
                             "ID": 11
                       }
                     ]
}
