{
       "J-coupling": [
                       {
                            "ID2": 16,
                            "ID1": 15,
                          "value": -14
                       },
                       {
                            "ID2": 17,
                            "ID1": 15,
                          "value": -14
                       },
                       {
                            "ID2": 17,
                            "ID1": 16,
                          "value": -14
                       },
                       {
                            "ID2": 19,
                            "ID1": 18,
                          "value": 7.694938
                       },
                       {
                            "ID2": 20,
                            "ID1": 18,
                          "value": 7.694938
                       },
                       {
                            "ID2": 21,
                            "ID1": 18,
                          "value": 1.515483
                       },
                       {
                            "ID2": 22,
                            "ID1": 18,
                          "value": 1.56832
                       },
                       {
                            "ID2": 20,
                            "ID1": 19,
                          "value": 1.5
                       },
                       {
                            "ID2": 21,
                            "ID1": 19,
                          "value": 8.233321
                       },
                       {
                            "ID2": 22,
                            "ID1": 20,
                          "value": 8.233321
                       },
                       {
                            "ID2": 22,
                            "ID1": 21,
                          "value": 1.5
                       },
                       {
                            "ID2": 24,
                            "ID1": 23,
                          "value": 10.854878
                       }
                     ],
   "chemical shift": [
                       {
                          "value": 3.88369,
                             "ID": 15
                       },
                       {
                          "value": 3.88369,
                             "ID": 16
                       },
                       {
                          "value": 3.88369,
                             "ID": 17
                       },
                       {
                          "value": 7.55343,
                             "ID": 18
                       },
                       {
                          "value": 7.56563,
                             "ID": 19
                       },
                       {
                          "value": 7.56563,
                             "ID": 20
                       },
                       {
                          "value": 7.86116,
                             "ID": 21
                       },
                       {
                          "value": 7.86116,
                             "ID": 22
                       },
                       {
                          "value": 8.02686,
                             "ID": 23
                       },
                       {
                          "value": 7.18881,
                             "ID": 24
                       }
                     ]
}
