{
       "J-coupling": [
                       {
                            "ID2": 15,
                            "ID1": 14,
                          "value": -14
                       },
                       {
                            "ID2": 16,
                            "ID1": 14,
                          "value": -14
                       },
                       {
                            "ID2": 16,
                            "ID1": 15,
                          "value": -14
                       }
                     ],
   "chemical shift": [
                       {
                          "value": 2.34236,
                             "ID": 14
                       },
                       {
                          "value": 2.34236,
                             "ID": 15
                       },
                       {
                          "value": 2.34236,
                             "ID": 16
                       },
                       {
                          "value": 6.43533,
                             "ID": 17
                       }
                     ]
}
