{
       "J-coupling": [
                       {
                            "ID2": 13,
                            "ID1": 12,
                          "value": 7.630402
                       },
                       {
                            "ID2": 14,
                            "ID1": 12,
                          "value": 6.188684
                       },
                       {
                            "ID2": 15,
                            "ID1": 12,
                          "value": 6.188684
                       },
                       {
                            "ID2": 16,
                            "ID1": 13,
                          "value": 6.188684
                       },
                       {
                            "ID2": 17,
                            "ID1": 13,
                          "value": 6.188684
                       },
                       {
                            "ID2": 15,
                            "ID1": 14,
                          "value": -18.770887
                       },
                       {
                            "ID2": 18,
                            "ID1": 14,
                          "value": 7.20406
                       },
                       {
                            "ID2": 18,
                            "ID1": 15,
                          "value": 3.325261
                       },
                       {
                            "ID2": 17,
                            "ID1": 16,
                          "value": -18.770887
                       },
                       {
                            "ID2": 19,
                            "ID1": 16,
                          "value": 7.20406
                       },
                       {
                            "ID2": 19,
                            "ID1": 17,
                          "value": 3.325261
                       },
                       {
                            "ID2": 19,
                            "ID1": 18,
                          "value": 7
                       }
                     ],
   "chemical shift": [
                       {
                          "value": 5.95777,
                             "ID": 12
                       },
                       {
                          "value": 5.95884,
                             "ID": 13
                       },
                       {
                          "value": 2.2641,
                             "ID": 14
                       },
                       {
                          "value": 2.4584,
                             "ID": 15
                       },
                       {
                          "value": 2.2641,
                             "ID": 16
                       },
                       {
                          "value": 2.4584,
                             "ID": 17
                       },
                       {
                          "value": 3.26528,
                             "ID": 18
                       },
                       {
                          "value": 3.26528,
                             "ID": 19
                       }
                     ]
}
