{
       "J-coupling": [
                       {
                            "ID2": 16,
                            "ID1": 15,
                          "value": 7.85
                       },
                       {
                            "ID2": 21,
                            "ID1": 15,
                          "value": 5.75
                       },
                       {
                            "ID2": 21,
                            "ID1": 16,
                          "value": 1.5
                       },
                       {
                            "ID2": 18,
                            "ID1": 17,
                          "value": 1.5
                       },
                       {
                            "ID2": 19,
                            "ID1": 17,
                          "value": 7.45
                       },
                       {
                            "ID2": 20,
                            "ID1": 17,
                          "value": 0.5
                       },
                       {
                            "ID2": 19,
                            "ID1": 18,
                          "value": 0.5
                       },
                       {
                            "ID2": 20,
                            "ID1": 18,
                          "value": 7.45
                       },
                       {
                            "ID2": 20,
                            "ID1": 19,
                          "value": 1.5
                       },
                       {
                            "ID2": 23,
                            "ID1": 22,
                          "value": 13.02
                       },
                       {
                            "ID2": 25,
                            "ID1": 24,
                          "value": 11.11
                       }
                     ],
   "chemical shift": [
                       {
                          "value": 6.9327,
                             "ID": 15
                       },
                       {
                          "value": 6.8441,
                             "ID": 16
                       },
                       {
                          "value": 6.119,
                             "ID": 17
                       },
                       {
                          "value": 6.119,
                             "ID": 18
                       },
                       {
                          "value": 6.0779,
                             "ID": 19
                       },
                       {
                          "value": 6.0779,
                             "ID": 20
                       },
                       {
                          "value": 7.2514,
                             "ID": 21
                       },
                       {
                          "value": 3.8664,
                             "ID": 22
                       },
                       {
                          "value": 3.8676,
                             "ID": 23
                       },
                       {
                          "value": 4.4482,
                             "ID": 24
                       },
                       {
                          "value": 4.4481,
                             "ID": 25
                       }
                     ]
}
