{
       "J-coupling": [
                       {
                            "ID2": 13,
                            "ID1": 12,
                          "value": -14
                       },
                       {
                            "ID2": 14,
                            "ID1": 12,
                          "value": -14
                       },
                       {
                            "ID2": 14,
                            "ID1": 13,
                          "value": -14
                       },
                       {
                            "ID2": 16,
                            "ID1": 15,
                          "value": -14
                       },
                       {
                            "ID2": 17,
                            "ID1": 15,
                          "value": -14
                       },
                       {
                            "ID2": 17,
                            "ID1": 16,
                          "value": -14
                       },
                       {
                            "ID2": 19,
                            "ID1": 18,
                          "value": 8.745111
                       },
                       {
                            "ID2": 20,
                            "ID1": 18,
                          "value": 8.202051
                       }
                     ],
   "chemical shift": [
                       {
                          "value": 2.34741,
                             "ID": 12
                       },
                       {
                          "value": 2.34741,
                             "ID": 13
                       },
                       {
                          "value": 2.34741,
                             "ID": 14
                       },
                       {
                          "value": 2.32346,
                             "ID": 15
                       },
                       {
                          "value": 2.32346,
                             "ID": 16
                       },
                       {
                          "value": 2.32346,
                             "ID": 17
                       },
                       {
                          "value": 7.35052,
                             "ID": 18
                       },
                       {
                          "value": 6.94597,
                             "ID": 19
                       },
                       {
                          "value": 7.17956,
                             "ID": 20
                       },
                       {
                          "value": 6.99322,
                             "ID": 21
                       }
                     ]
}
