{
       "J-coupling": [
                       {
                            "ID2": 13,
                            "ID1": 12,
                          "value": -14
                       },
                       {
                            "ID2": 14,
                            "ID1": 12,
                          "value": -14
                       },
                       {
                            "ID2": 14,
                            "ID1": 13,
                          "value": -14
                       },
                       {
                            "ID2": 16,
                            "ID1": 15,
                          "value": 9.39071
                       },
                       {
                            "ID2": 17,
                            "ID1": 15,
                          "value": 2.541482
                       }
                     ],
   "chemical shift": [
                       {
                          "value": 3.8942,
                             "ID": 12
                       },
                       {
                          "value": 3.8942,
                             "ID": 13
                       },
                       {
                          "value": 3.8942,
                             "ID": 14
                       },
                       {
                          "value": 7.0278,
                             "ID": 15
                       },
                       {
                          "value": 7.6176,
                             "ID": 16
                       },
                       {
                          "value": 7.2728,
                             "ID": 17
                       },
                       {
                          "value": 8.4401,
                             "ID": 18
                       }
                     ]
}
