{
       "J-coupling": [
                       {
                            "ID2": 10,
                            "ID1": 9,
                          "value": -14
                       },
                       {
                            "ID2": 11,
                            "ID1": 9,
                          "value": -14
                       },
                       {
                            "ID2": 11,
                            "ID1": 10,
                          "value": -14
                       },
                       {
                            "ID2": 13,
                            "ID1": 12,
                          "value": 6.495185
                       },
                       {
                            "ID2": 14,
                            "ID1": 12,
                          "value": 1.243368
                       }
                     ],
   "chemical shift": [
                       {
                          "value": 2.30986,
                             "ID": 9
                       },
                       {
                          "value": 2.30986,
                             "ID": 10
                       },
                       {
                          "value": 2.30986,
                             "ID": 11
                       },
                       {
                          "value": 6.7218,
                             "ID": 12
                       },
                       {
                          "value": 7.7327,
                             "ID": 13
                       },
                       {
                          "value": 6.7027,
                             "ID": 14
                       }
                     ]
}
