{
       "J-coupling": [
                       {
                            "ID2": 10,
                            "ID1": 9,
                          "value": -14
                       },
                       {
                            "ID2": 11,
                            "ID1": 9,
                          "value": -14
                       },
                       {
                            "ID2": 11,
                            "ID1": 10,
                          "value": -14
                       }
                     ],
   "chemical shift": [
                       {
                          "value": 2.6238,
                             "ID": 9
                       },
                       {
                          "value": 2.6238,
                             "ID": 10
                       },
                       {
                          "value": 2.6238,
                             "ID": 11
                       }
                     ]
}
