{
       "J-coupling": [
                       {
                            "ID2": 13,
                            "ID1": 12,
                          "value": 7
                       },
                       {
                            "ID2": 17,
                            "ID1": 12,
                          "value": 2.351216
                       },
                       {
                            "ID2": 18,
                            "ID1": 12,
                          "value": 2.173673
                       },
                       {
                            "ID2": 17,
                            "ID1": 13,
                          "value": 2.173673
                       },
                       {
                            "ID2": 18,
                            "ID1": 13,
                          "value": 2.351216
                       },
                       {
                            "ID2": 15,
                            "ID1": 14,
                          "value": 6.78833
                       },
                       {
                            "ID2": 16,
                            "ID1": 14,
                          "value": 6.78833
                       },
                       {
                            "ID2": 16,
                            "ID1": 15,
                          "value": 1.371387
                       },
                       {
                            "ID2": 19,
                            "ID1": 15,
                          "value": 2.166531
                       },
                       {
                            "ID2": 18,
                            "ID1": 17,
                          "value": 1.5
                       }
                     ],
   "chemical shift": [
                       {
                          "value": 6.46314,
                             "ID": 12
                       },
                       {
                          "value": 6.46314,
                             "ID": 13
                       },
                       {
                          "value": 7.56237,
                             "ID": 14
                       },
                       {
                          "value": 8.4346,
                             "ID": 15
                       },
                       {
                          "value": 7.98716,
                             "ID": 16
                       },
                       {
                          "value": 7.32511,
                             "ID": 17
                       },
                       {
                          "value": 7.32511,
                             "ID": 18
                       },
                       {
                          "value": 8.7366,
                             "ID": 19
                       }
                     ]
}
