{
       "J-coupling": [
                       {
                            "ID2": 12,
                            "ID1": 11,
                          "value": -14
                       },
                       {
                            "ID2": 13,
                            "ID1": 11,
                          "value": -14
                       },
                       {
                            "ID2": 13,
                            "ID1": 12,
                          "value": -14
                       },
                       {
                            "ID2": 15,
                            "ID1": 14,
                          "value": 5.60753
                       }
                     ],
   "chemical shift": [
                       {
                          "value": 4.03641,
                             "ID": 11
                       },
                       {
                          "value": 4.03641,
                             "ID": 12
                       },
                       {
                          "value": 4.03641,
                             "ID": 13
                       },
                       {
                          "value": 7.10493,
                             "ID": 14
                       },
                       {
                          "value": 7.69464,
                             "ID": 15
                       }
                     ]
}
