{
       "J-coupling": [
                       {
                            "ID2": 14,
                            "ID1": 13,
                          "value": 5.388369
                       },
                       {
                            "ID2": 15,
                            "ID1": 13,
                          "value": 3.978354
                       },
                       {
                            "ID2": 17,
                            "ID1": 16,
                          "value": -14
                       }
                     ],
   "chemical shift": [
                       {
                          "value": 7.20043,
                             "ID": 13
                       },
                       {
                          "value": 7.62981,
                             "ID": 14
                       },
                       {
                          "value": 7.70102,
                             "ID": 15
                       },
                       {
                          "value": 4.289,
                             "ID": 16
                       },
                       {
                          "value": 4.289,
                             "ID": 17
                       },
                       {
                          "value": 7.56623,
                             "ID": 18
                       }
                     ]
}
