{
       "J-coupling": [
                       {
                            "ID2": 12,
                            "ID1": 11,
                          "value": 4.527322
                       },
                       {
                            "ID2": 15,
                            "ID1": 14,
                          "value": -14
                       }
                     ],
   "chemical shift": [
                       {
                          "value": 7.66731,
                             "ID": 11
                       },
                       {
                          "value": 7.0792,
                             "ID": 12
                       },
                       {
                          "value": 7.6668,
                             "ID": 13
                       },
                       {
                          "value": 4.6147,
                             "ID": 14
                       },
                       {
                          "value": 4.6147,
                             "ID": 15
                       }
                     ]
}
