{
       "J-coupling": [
                       {
                            "ID2": 15,
                            "ID1": 14,
                          "value": 7.190236
                       },
                       {
                            "ID2": 16,
                            "ID1": 14,
                          "value": 8.179025
                       },
                       {
                            "ID2": 17,
                            "ID1": 15,
                          "value": 8.179025
                       },
                       {
                            "ID2": 19,
                            "ID1": 18,
                          "value": -14
                       }
                     ],
   "chemical shift": [
                       {
                          "value": 7.32301,
                             "ID": 14
                       },
                       {
                          "value": 7.37666,
                             "ID": 15
                       },
                       {
                          "value": 7.62082,
                             "ID": 16
                       },
                       {
                          "value": 7.55494,
                             "ID": 17
                       },
                       {
                          "value": 3.59189,
                             "ID": 18
                       },
                       {
                          "value": 3.59189,
                             "ID": 19
                       },
                       {
                          "value": 7.648,
                             "ID": 20
                       }
                     ]
}
