{
       "J-coupling": [
                       {
                            "ID2": 16,
                            "ID1": 15,
                          "value": 9.296684
                       },
                       {
                            "ID2": 19,
                            "ID1": 15,
                          "value": 1.470725
                       },
                       {
                            "ID2": 18,
                            "ID1": 17,
                          "value": -14
                       }
                     ],
   "chemical shift": [
                       {
                          "value": 7.40908,
                             "ID": 15
                       },
                       {
                          "value": 7.91915,
                             "ID": 16
                       },
                       {
                          "value": 3.73763,
                             "ID": 17
                       },
                       {
                          "value": 3.73763,
                             "ID": 18
                       },
                       {
                          "value": 7.81,
                             "ID": 19
                       },
                       {
                          "value": 7.42746,
                             "ID": 20
                       }
                     ]
}
