{
       "J-coupling": [
                       {
                            "ID2": 15,
                            "ID1": 14,
                          "value": -14
                       },
                       {
                            "ID2": 16,
                            "ID1": 14,
                          "value": -14
                       },
                       {
                            "ID2": 22,
                            "ID1": 14,
                          "value": 6.581051
                       },
                       {
                            "ID2": 16,
                            "ID1": 15,
                          "value": -14
                       },
                       {
                            "ID2": 22,
                            "ID1": 15,
                          "value": 6.581051
                       },
                       {
                            "ID2": 22,
                            "ID1": 16,
                          "value": 6.581051
                       },
                       {
                            "ID2": 18,
                            "ID1": 17,
                          "value": 8.039709
                       },
                       {
                            "ID2": 19,
                            "ID1": 17,
                          "value": 8.039709
                       },
                       {
                            "ID2": 19,
                            "ID1": 18,
                          "value": 1.5
                       },
                       {
                            "ID2": 20,
                            "ID1": 18,
                          "value": 7.542497
                       },
                       {
                            "ID2": 21,
                            "ID1": 19,
                          "value": 7.542497
                       },
                       {
                            "ID2": 21,
                            "ID1": 20,
                          "value": 1.5
                       },
                       {
                            "ID2": 23,
                            "ID1": 22,
                          "value": 8.569219
                       }
                     ],
   "chemical shift": [
                       {
                          "value": 0.7705,
                             "ID": 14
                       },
                       {
                          "value": 0.7705,
                             "ID": 15
                       },
                       {
                          "value": 0.7705,
                             "ID": 16
                       },
                       {
                          "value": 7.44403,
                             "ID": 17
                       },
                       {
                          "value": 7.48394,
                             "ID": 18
                       },
                       {
                          "value": 7.48394,
                             "ID": 19
                       },
                       {
                          "value": 7.37928,
                             "ID": 20
                       },
                       {
                          "value": 7.37928,
                             "ID": 21
                       },
                       {
                          "value": 4.38072,
                             "ID": 22
                       },
                       {
                          "value": 5.8794,
                             "ID": 23
                       }
                     ]
}
