{
       "J-coupling": [
                       {
                            "ID2": 13,
                            "ID1": 12,
                          "value": 1.5
                       },
                       {
                            "ID2": 14,
                            "ID1": 12,
                          "value": 8.159749
                       },
                       {
                            "ID2": 15,
                            "ID1": 13,
                          "value": 8.159749
                       },
                       {
                            "ID2": 15,
                            "ID1": 14,
                          "value": 1.5
                       },
                       {
                            "ID2": 17,
                            "ID1": 16,
                          "value": -14
                       }
                     ],
   "chemical shift": [
                       {
                          "value": 6.88257,
                             "ID": 12
                       },
                       {
                          "value": 6.88257,
                             "ID": 13
                       },
                       {
                          "value": 7.2018,
                             "ID": 14
                       },
                       {
                          "value": 7.2018,
                             "ID": 15
                       },
                       {
                          "value": 3.5312,
                             "ID": 16
                       },
                       {
                          "value": 3.5312,
                             "ID": 17
                       }
                     ]
}
