{
       "J-coupling": [
                       {
                            "ID2": 11,
                            "ID1": 10,
                          "value": 9.668898
                       },
                       {
                            "ID2": 12,
                            "ID1": 10,
                          "value": 5.556749
                       },
                       {
                            "ID2": 14,
                            "ID1": 13,
                          "value": 11.89
                       }
                     ],
   "chemical shift": [
                       {
                          "value": 7.4707,
                             "ID": 10
                       },
                       {
                          "value": 7.6623,
                             "ID": 11
                       },
                       {
                          "value": 8.3431,
                             "ID": 12
                       },
                       {
                          "value": 4.3469,
                             "ID": 13
                       },
                       {
                          "value": 4.3418,
                             "ID": 14
                       }
                     ]
}
