{
       "J-coupling": [
                       {
                            "ID2": 15,
                            "ID1": 14,
                          "value": -14
                       },
                       {
                            "ID2": 16,
                            "ID1": 14,
                          "value": -14
                       },
                       {
                            "ID2": 16,
                            "ID1": 15,
                          "value": -14
                       },
                       {
                            "ID2": 18,
                            "ID1": 17,
                          "value": -14
                       },
                       {
                            "ID2": 19,
                            "ID1": 17,
                          "value": -14
                       },
                       {
                            "ID2": 19,
                            "ID1": 18,
                          "value": -14
                       },
                       {
                            "ID2": 21,
                            "ID1": 20,
                          "value": 8.516678
                       },
                       {
                            "ID2": 22,
                            "ID1": 20,
                          "value": 8.516678
                       },
                       {
                            "ID2": 23,
                            "ID1": 20,
                          "value": 1.564036
                       },
                       {
                            "ID2": 22,
                            "ID1": 21,
                          "value": 1.504775
                       },
                       {
                            "ID2": 23,
                            "ID1": 21,
                          "value": 8.516678
                       },
                       {
                            "ID2": 25,
                            "ID1": 24,
                          "value": -14
                       }
                     ],
   "chemical shift": [
                       {
                          "value": 2.77694,
                             "ID": 14
                       },
                       {
                          "value": 2.77694,
                             "ID": 15
                       },
                       {
                          "value": 2.77694,
                             "ID": 16
                       },
                       {
                          "value": 3.8533,
                             "ID": 17
                       },
                       {
                          "value": 3.8533,
                             "ID": 18
                       },
                       {
                          "value": 3.8533,
                             "ID": 19
                       },
                       {
                          "value": 7.39257,
                             "ID": 20
                       },
                       {
                          "value": 7.44614,
                             "ID": 21
                       },
                       {
                          "value": 7.61721,
                             "ID": 22
                       },
                       {
                          "value": 7.74745,
                             "ID": 23
                       },
                       {
                          "value": 3.6943,
                             "ID": 24
                       },
                       {
                          "value": 3.6943,
                             "ID": 25
                       }
                     ]
}
