{
       "J-coupling": [
                       {
                            "ID2": 13,
                            "ID1": 12,
                          "value": -14
                       },
                       {
                            "ID2": 14,
                            "ID1": 12,
                          "value": -14
                       },
                       {
                            "ID2": 14,
                            "ID1": 13,
                          "value": -14
                       }
                     ],
   "chemical shift": [
                       {
                          "value": 2.38696,
                             "ID": 12
                       },
                       {
                          "value": 2.38696,
                             "ID": 13
                       },
                       {
                          "value": 2.38696,
                             "ID": 14
                       },
                       {
                          "value": 7.78866,
                             "ID": 15
                       },
                       {
                          "value": 8.29319,
                             "ID": 16
                       }
                     ]
}
