{
       "J-coupling": [
                       {
                            "ID2": 11,
                            "ID1": 10,
                          "value": -14
                       },
                       {
                            "ID2": 12,
                            "ID1": 10,
                          "value": -14
                       },
                       {
                            "ID2": 12,
                            "ID1": 11,
                          "value": -14
                       },
                       {
                            "ID2": 14,
                            "ID1": 13,
                          "value": 9.096707
                       },
                       {
                            "ID2": 15,
                            "ID1": 13,
                          "value": 5.190022
                       },
                       {
                            "ID2": 15,
                            "ID1": 14,
                          "value": 1.597331
                       },
                       {
                            "ID2": 16,
                            "ID1": 14,
                          "value": 1.760829
                       }
                     ],
   "chemical shift": [
                       {
                          "value": 2.6996,
                             "ID": 10
                       },
                       {
                          "value": 2.6996,
                             "ID": 11
                       },
                       {
                          "value": 2.6996,
                             "ID": 12
                       },
                       {
                          "value": 7.61009,
                             "ID": 13
                       },
                       {
                          "value": 8.39025,
                             "ID": 14
                       },
                       {
                          "value": 8.73423,
                             "ID": 15
                       },
                       {
                          "value": 9.09507,
                             "ID": 16
                       }
                     ]
}
