{
       "J-coupling": [
                       {
                            "ID2": 15,
                            "ID1": 14,
                          "value": -14
                       },
                       {
                            "ID2": 16,
                            "ID1": 14,
                          "value": -14
                       },
                       {
                            "ID2": 16,
                            "ID1": 15,
                          "value": -14
                       },
                       {
                            "ID2": 18,
                            "ID1": 17,
                          "value": -14
                       },
                       {
                            "ID2": 19,
                            "ID1": 17,
                          "value": -14
                       },
                       {
                            "ID2": 19,
                            "ID1": 18,
                          "value": -14
                       },
                       {
                            "ID2": 21,
                            "ID1": 20,
                          "value": 7.45
                       },
                       {
                            "ID2": 24,
                            "ID1": 20,
                          "value": 1.555664
                       },
                       {
                            "ID2": 23,
                            "ID1": 22,
                          "value": 3.194092
                       },
                       {
                            "ID2": 26,
                            "ID1": 25,
                          "value": -14
                       }
                     ],
   "chemical shift": [
                       {
                          "value": 2.71963,
                             "ID": 14
                       },
                       {
                          "value": 2.71963,
                             "ID": 15
                       },
                       {
                          "value": 2.71963,
                             "ID": 16
                       },
                       {
                          "value": 3.83417,
                             "ID": 17
                       },
                       {
                          "value": 3.83417,
                             "ID": 18
                       },
                       {
                          "value": 3.83417,
                             "ID": 19
                       },
                       {
                          "value": 7.1781,
                             "ID": 20
                       },
                       {
                          "value": 7.74019,
                             "ID": 21
                       },
                       {
                          "value": 6.58664,
                             "ID": 22
                       },
                       {
                          "value": 7.36192,
                             "ID": 23
                       },
                       {
                          "value": 7.57018,
                             "ID": 24
                       },
                       {
                          "value": 4.3428,
                             "ID": 25
                       },
                       {
                          "value": 4.3428,
                             "ID": 26
                       }
                     ]
}
