{
       "J-coupling": [
                       {
                            "ID2": 18,
                            "ID1": 17,
                          "value": 4.019713
                       },
                       {
                            "ID2": 27,
                            "ID1": 17,
                          "value": 5.063057
                       },
                       {
                            "ID2": 20,
                            "ID1": 19,
                          "value": 1.5
                       },
                       {
                            "ID2": 23,
                            "ID1": 19,
                          "value": 5.505769
                       },
                       {
                            "ID2": 24,
                            "ID1": 20,
                          "value": 5.505769
                       },
                       {
                            "ID2": 22,
                            "ID1": 21,
                          "value": -14
                       },
                       {
                            "ID2": 25,
                            "ID1": 21,
                          "value": 6.979078
                       },
                       {
                            "ID2": 26,
                            "ID1": 21,
                          "value": 6.979078
                       },
                       {
                            "ID2": 25,
                            "ID1": 22,
                          "value": 6.979078
                       },
                       {
                            "ID2": 26,
                            "ID1": 22,
                          "value": 6.979078
                       },
                       {
                            "ID2": 24,
                            "ID1": 23,
                          "value": 1.5
                       },
                       {
                            "ID2": 26,
                            "ID1": 25,
                          "value": -14
                       }
                     ],
   "chemical shift": [
                       {
                          "value": 7.14679,
                             "ID": 17
                       },
                       {
                          "value": 7.56943,
                             "ID": 18
                       },
                       {
                          "value": 7.3584,
                             "ID": 19
                       },
                       {
                          "value": 7.3584,
                             "ID": 20
                       },
                       {
                          "value": 2.97972,
                             "ID": 21
                       },
                       {
                          "value": 2.97972,
                             "ID": 22
                       },
                       {
                          "value": 8.39713,
                             "ID": 23
                       },
                       {
                          "value": 8.39713,
                             "ID": 24
                       },
                       {
                          "value": 3.67881,
                             "ID": 25
                       },
                       {
                          "value": 3.67881,
                             "ID": 26
                       },
                       {
                          "value": 7.67519,
                             "ID": 27
                       }
                     ]
}
