{
       "J-coupling": [
                       {
                            "ID2": 13,
                            "ID1": 12,
                          "value": -14
                       },
                       {
                            "ID2": 14,
                            "ID1": 12,
                          "value": -14
                       },
                       {
                            "ID2": 14,
                            "ID1": 13,
                          "value": -14
                       },
                       {
                            "ID2": 16,
                            "ID1": 15,
                          "value": -14
                       },
                       {
                            "ID2": 17,
                            "ID1": 15,
                          "value": -14
                       },
                       {
                            "ID2": 17,
                            "ID1": 16,
                          "value": -14
                       },
                       {
                            "ID2": 19,
                            "ID1": 18,
                          "value": -14
                       },
                       {
                            "ID2": 20,
                            "ID1": 18,
                          "value": -14
                       },
                       {
                            "ID2": 20,
                            "ID1": 19,
                          "value": -14
                       },
                       {
                            "ID2": 22,
                            "ID1": 21,
                          "value": 5.188086
                       },
                       {
                            "ID2": 23,
                            "ID1": 21,
                          "value": 5.082987
                       },
                       {
                            "ID2": 23,
                            "ID1": 22,
                          "value": 1.106055
                       }
                     ],
   "chemical shift": [
                       {
                          "value": 1.393,
                             "ID": 12
                       },
                       {
                          "value": 1.393,
                             "ID": 13
                       },
                       {
                          "value": 1.393,
                             "ID": 14
                       },
                       {
                          "value": 1.393,
                             "ID": 15
                       },
                       {
                          "value": 1.393,
                             "ID": 16
                       },
                       {
                          "value": 1.393,
                             "ID": 17
                       },
                       {
                          "value": 1.393,
                             "ID": 18
                       },
                       {
                          "value": 1.393,
                             "ID": 19
                       },
                       {
                          "value": 1.393,
                             "ID": 20
                       },
                       {
                          "value": 7.23928,
                             "ID": 21
                       },
                       {
                          "value": 8.04524,
                             "ID": 22
                       },
                       {
                          "value": 7.82849,
                             "ID": 23
                       }
                     ]
}
