{
       "J-coupling": [
                       {
                            "ID2": 17,
                            "ID1": 16,
                          "value": -14
                       },
                       {
                            "ID2": 18,
                            "ID1": 16,
                          "value": -14
                       },
                       {
                            "ID2": 18,
                            "ID1": 17,
                          "value": -14
                       },
                       {
                            "ID2": 20,
                            "ID1": 19,
                          "value": 5.869094
                       },
                       {
                            "ID2": 29,
                            "ID1": 19,
                          "value": 1.086801
                       },
                       {
                            "ID2": 22,
                            "ID1": 21,
                          "value": -14
                       },
                       {
                            "ID2": 25,
                            "ID1": 21,
                          "value": 5.129277
                       },
                       {
                            "ID2": 26,
                            "ID1": 21,
                          "value": 5.408941
                       },
                       {
                            "ID2": 25,
                            "ID1": 22,
                          "value": 5.408941
                       },
                       {
                            "ID2": 26,
                            "ID1": 22,
                          "value": 5.129277
                       },
                       {
                            "ID2": 24,
                            "ID1": 23,
                          "value": -14
                       },
                       {
                            "ID2": 27,
                            "ID1": 23,
                          "value": 5.129277
                       },
                       {
                            "ID2": 28,
                            "ID1": 23,
                          "value": 5.408941
                       },
                       {
                            "ID2": 27,
                            "ID1": 24,
                          "value": 5.408941
                       },
                       {
                            "ID2": 28,
                            "ID1": 24,
                          "value": 5.129277
                       },
                       {
                            "ID2": 26,
                            "ID1": 25,
                          "value": -14
                       },
                       {
                            "ID2": 28,
                            "ID1": 27,
                          "value": -14
                       },
                       {
                            "ID2": 31,
                            "ID1": 30,
                          "value": -14
                       }
                     ],
   "chemical shift": [
                       {
                          "value": 2.73823,
                             "ID": 16
                       },
                       {
                          "value": 2.73823,
                             "ID": 17
                       },
                       {
                          "value": 2.73823,
                             "ID": 18
                       },
                       {
                          "value": 6.7906,
                             "ID": 19
                       },
                       {
                          "value": 8.1484,
                             "ID": 20
                       },
                       {
                          "value": 3.91287,
                             "ID": 21
                       },
                       {
                          "value": 3.91287,
                             "ID": 22
                       },
                       {
                          "value": 3.91287,
                             "ID": 23
                       },
                       {
                          "value": 3.91287,
                             "ID": 24
                       },
                       {
                          "value": 2.69988,
                             "ID": 25
                       },
                       {
                          "value": 2.69988,
                             "ID": 26
                       },
                       {
                          "value": 2.69988,
                             "ID": 27
                       },
                       {
                          "value": 2.69988,
                             "ID": 28
                       },
                       {
                          "value": 6.9252,
                             "ID": 29
                       },
                       {
                          "value": 4.1543,
                             "ID": 30
                       },
                       {
                          "value": 4.1543,
                             "ID": 31
                       }
                     ]
}
