{
       "J-coupling": [
                       {
                            "ID2": 16,
                            "ID1": 15,
                          "value": -14
                       },
                       {
                            "ID2": 17,
                            "ID1": 15,
                          "value": -14
                       },
                       {
                            "ID2": 23,
                            "ID1": 15,
                          "value": 6.835053
                       },
                       {
                            "ID2": 17,
                            "ID1": 16,
                          "value": -14
                       },
                       {
                            "ID2": 23,
                            "ID1": 16,
                          "value": 6.835053
                       },
                       {
                            "ID2": 23,
                            "ID1": 17,
                          "value": 6.835053
                       },
                       {
                            "ID2": 19,
                            "ID1": 18,
                          "value": -14
                       },
                       {
                            "ID2": 20,
                            "ID1": 18,
                          "value": -14
                       },
                       {
                            "ID2": 23,
                            "ID1": 18,
                          "value": 6.835053
                       },
                       {
                            "ID2": 20,
                            "ID1": 19,
                          "value": -14
                       },
                       {
                            "ID2": 23,
                            "ID1": 19,
                          "value": 6.835053
                       },
                       {
                            "ID2": 23,
                            "ID1": 20,
                          "value": 6.835053
                       },
                       {
                            "ID2": 22,
                            "ID1": 21,
                          "value": 5.519744
                       }
                     ],
   "chemical shift": [
                       {
                          "value": 1.22075,
                             "ID": 15
                       },
                       {
                          "value": 1.22075,
                             "ID": 16
                       },
                       {
                          "value": 1.22075,
                             "ID": 17
                       },
                       {
                          "value": 1.22075,
                             "ID": 18
                       },
                       {
                          "value": 1.22075,
                             "ID": 19
                       },
                       {
                          "value": 1.22075,
                             "ID": 20
                       },
                       {
                          "value": 6.9971,
                             "ID": 21
                       },
                       {
                          "value": 8.5088,
                             "ID": 22
                       },
                       {
                          "value": 4.0466,
                             "ID": 23
                       }
                     ]
}
