{
       "J-coupling": [
                       {
                            "ID2": 14,
                            "ID1": 13,
                          "value": -14
                       },
                       {
                            "ID2": 15,
                            "ID1": 13,
                          "value": -14
                       },
                       {
                            "ID2": 15,
                            "ID1": 14,
                          "value": -14
                       },
                       {
                            "ID2": 17,
                            "ID1": 16,
                          "value": 8.654014
                       },
                       {
                            "ID2": 18,
                            "ID1": 16,
                          "value": 8.244495
                       },
                       {
                            "ID2": 19,
                            "ID1": 17,
                          "value": 8.244495
                       }
                     ],
   "chemical shift": [
                       {
                          "value": 3.8714,
                             "ID": 13
                       },
                       {
                          "value": 3.8714,
                             "ID": 14
                       },
                       {
                          "value": 3.8714,
                             "ID": 15
                       },
                       {
                          "value": 7.07139,
                             "ID": 16
                       },
                       {
                          "value": 7.41539,
                             "ID": 17
                       },
                       {
                          "value": 7.29657,
                             "ID": 18
                       },
                       {
                          "value": 7.17197,
                             "ID": 19
                       }
                     ]
}
