{
       "J-coupling": [
                       {
                            "ID2": 14,
                            "ID1": 13,
                          "value": 8.600036
                       },
                       {
                            "ID2": 15,
                            "ID1": 13,
                          "value": 8.600036
                       },
                       {
                            "ID2": 15,
                            "ID1": 14,
                          "value": 1.5
                       },
                       {
                            "ID2": 16,
                            "ID1": 14,
                          "value": 7.915281
                       },
                       {
                            "ID2": 17,
                            "ID1": 15,
                          "value": 7.915281
                       },
                       {
                            "ID2": 17,
                            "ID1": 16,
                          "value": 1.5
                       },
                       {
                            "ID2": 19,
                            "ID1": 18,
                          "value": 10.59
                       },
                       {
                            "ID2": 21,
                            "ID1": 20,
                          "value": -14
                       }
                     ],
   "chemical shift": [
                       {
                          "value": 7.39776,
                             "ID": 13
                       },
                       {
                          "value": 7.44034,
                             "ID": 14
                       },
                       {
                          "value": 7.44034,
                             "ID": 15
                       },
                       {
                          "value": 7.43997,
                             "ID": 16
                       },
                       {
                          "value": 7.43997,
                             "ID": 17
                       },
                       {
                          "value": 4.4764,
                             "ID": 18
                       },
                       {
                          "value": 4.3364,
                             "ID": 19
                       },
                       {
                          "value": 3.9312,
                             "ID": 20
                       },
                       {
                          "value": 3.9312,
                             "ID": 21
                       }
                     ]
}
