{
       "J-coupling": [
                       {
                            "ID2": 16,
                            "ID1": 15,
                          "value": -14
                       },
                       {
                            "ID2": 17,
                            "ID1": 15,
                          "value": -14
                       },
                       {
                            "ID2": 17,
                            "ID1": 16,
                          "value": -14
                       },
                       {
                            "ID2": 19,
                            "ID1": 18,
                          "value": -14
                       },
                       {
                            "ID2": 20,
                            "ID1": 18,
                          "value": -14
                       },
                       {
                            "ID2": 20,
                            "ID1": 19,
                          "value": -14
                       },
                       {
                            "ID2": 22,
                            "ID1": 21,
                          "value": 1.5
                       }
                     ],
   "chemical shift": [
                       {
                          "value": 2.8638,
                             "ID": 15
                       },
                       {
                          "value": 2.8638,
                             "ID": 16
                       },
                       {
                          "value": 2.8638,
                             "ID": 17
                       },
                       {
                          "value": 2.8638,
                             "ID": 18
                       },
                       {
                          "value": 2.8638,
                             "ID": 19
                       },
                       {
                          "value": 2.8638,
                             "ID": 20
                       },
                       {
                          "value": 7.42555,
                             "ID": 21
                       },
                       {
                          "value": 7.42555,
                             "ID": 22
                       }
                     ]
}
