{
       "J-coupling": [
                       {
                            "ID2": 14,
                            "ID1": 13,
                          "value": 8.360321
                       },
                       {
                            "ID2": 15,
                            "ID1": 13,
                          "value": 8.96853
                       },
                       {
                            "ID2": 15,
                            "ID1": 14,
                          "value": 1.417236
                       },
                       {
                            "ID2": 16,
                            "ID1": 14,
                          "value": 1.966384
                       },
                       {
                            "ID2": 16,
                            "ID1": 15,
                          "value": 0.895082
                       },
                       {
                            "ID2": 18,
                            "ID1": 17,
                          "value": -14
                       }
                     ],
   "chemical shift": [
                       {
                          "value": 7.3067,
                             "ID": 13
                       },
                       {
                          "value": 7.0456,
                             "ID": 14
                       },
                       {
                          "value": 6.87453,
                             "ID": 15
                       },
                       {
                          "value": 7.0034,
                             "ID": 16
                       },
                       {
                          "value": 4.4769,
                             "ID": 17
                       },
                       {
                          "value": 4.4769,
                             "ID": 18
                       }
                     ]
}
