{
       "J-coupling": [
                       {
                            "ID2": 12,
                            "ID1": 11,
                          "value": 7.432326
                       },
                       {
                            "ID2": 13,
                            "ID1": 11,
                          "value": 7.817311
                       },
                       {
                            "ID2": 14,
                            "ID1": 11,
                          "value": 1.485791
                       },
                       {
                            "ID2": 13,
                            "ID1": 12,
                          "value": 1.355414
                       },
                       {
                            "ID2": 14,
                            "ID1": 12,
                          "value": 7.843948
                       },
                       {
                            "ID2": 16,
                            "ID1": 15,
                          "value": -14
                       },
                       {
                            "ID2": 17,
                            "ID1": 15,
                          "value": 7.165351
                       },
                       {
                            "ID2": 18,
                            "ID1": 15,
                          "value": 7.165351
                       },
                       {
                            "ID2": 17,
                            "ID1": 16,
                          "value": 7.165351
                       },
                       {
                            "ID2": 18,
                            "ID1": 16,
                          "value": 7.165351
                       },
                       {
                            "ID2": 18,
                            "ID1": 17,
                          "value": -14
                       }
                     ],
   "chemical shift": [
                       {
                          "value": 7.26608,
                             "ID": 11
                       },
                       {
                          "value": 7.29885,
                             "ID": 12
                       },
                       {
                          "value": 7.36129,
                             "ID": 13
                       },
                       {
                          "value": 7.45078,
                             "ID": 14
                       },
                       {
                          "value": 3.0101,
                             "ID": 15
                       },
                       {
                          "value": 3.0101,
                             "ID": 16
                       },
                       {
                          "value": 3.8468,
                             "ID": 17
                       },
                       {
                          "value": 3.8468,
                             "ID": 18
                       }
                     ]
}
