{
       "J-coupling": [
                       {
                            "ID2": 12,
                            "ID1": 11,
                          "value": 7.619129
                       },
                       {
                            "ID2": 13,
                            "ID1": 11,
                          "value": 7.619129
                       },
                       {
                            "ID2": 13,
                            "ID1": 12,
                          "value": 1.5
                       },
                       {
                            "ID2": 14,
                            "ID1": 12,
                          "value": 8.401077
                       },
                       {
                            "ID2": 15,
                            "ID1": 13,
                          "value": 8.401077
                       },
                       {
                            "ID2": 15,
                            "ID1": 14,
                          "value": 1.5
                       }
                     ],
   "chemical shift": [
                       {
                          "value": 7.32599,
                             "ID": 11
                       },
                       {
                          "value": 7.45726,
                             "ID": 12
                       },
                       {
                          "value": 7.45726,
                             "ID": 13
                       },
                       {
                          "value": 7.17189,
                             "ID": 14
                       },
                       {
                          "value": 7.17189,
                             "ID": 15
                       }
                     ]
}
