{
       "J-coupling": [
                       {
                            "ID2": 12,
                            "ID1": 11,
                          "value": -14
                       },
                       {
                            "ID2": 13,
                            "ID1": 11,
                          "value": -14
                       },
                       {
                            "ID2": 13,
                            "ID1": 12,
                          "value": -14
                       },
                       {
                            "ID2": 15,
                            "ID1": 14,
                          "value": 6.066503
                       }
                     ],
   "chemical shift": [
                       {
                          "value": 3.8182,
                             "ID": 11
                       },
                       {
                          "value": 3.8182,
                             "ID": 12
                       },
                       {
                          "value": 3.8182,
                             "ID": 13
                       },
                       {
                          "value": 6.40083,
                             "ID": 14
                       },
                       {
                          "value": 6.99882,
                             "ID": 15
                       }
                     ]
}
