{
       "J-coupling": [
                       {
                            "ID2": 13,
                            "ID1": 12,
                          "value": -14
                       },
                       {
                            "ID2": 14,
                            "ID1": 12,
                          "value": -14
                       },
                       {
                            "ID2": 14,
                            "ID1": 13,
                          "value": -14
                       },
                       {
                            "ID2": 16,
                            "ID1": 15,
                          "value": -14
                       },
                       {
                            "ID2": 17,
                            "ID1": 15,
                          "value": -14
                       },
                       {
                            "ID2": 17,
                            "ID1": 16,
                          "value": -14
                       },
                       {
                            "ID2": 19,
                            "ID1": 18,
                          "value": -14
                       },
                       {
                            "ID2": 20,
                            "ID1": 18,
                          "value": -14
                       },
                       {
                            "ID2": 20,
                            "ID1": 19,
                          "value": -14
                       }
                     ],
   "chemical shift": [
                       {
                          "value": 2.1561,
                             "ID": 12
                       },
                       {
                          "value": 2.1561,
                             "ID": 13
                       },
                       {
                          "value": 2.1561,
                             "ID": 14
                       },
                       {
                          "value": 2.4076,
                             "ID": 15
                       },
                       {
                          "value": 2.4076,
                             "ID": 16
                       },
                       {
                          "value": 2.4076,
                             "ID": 17
                       },
                       {
                          "value": 3.78,
                             "ID": 18
                       },
                       {
                          "value": 3.78,
                             "ID": 19
                       },
                       {
                          "value": 3.78,
                             "ID": 20
                       },
                       {
                          "value": 6.1692,
                             "ID": 21
                       }
                     ]
}
