{
       "J-coupling": [
                       {
                            "ID2": 14,
                            "ID1": 13,
                          "value": -14
                       },
                       {
                            "ID2": 15,
                            "ID1": 13,
                          "value": -14
                       },
                       {
                            "ID2": 19,
                            "ID1": 13,
                          "value": 7.194998
                       },
                       {
                            "ID2": 20,
                            "ID1": 13,
                          "value": 7.194998
                       },
                       {
                            "ID2": 15,
                            "ID1": 14,
                          "value": -14
                       },
                       {
                            "ID2": 19,
                            "ID1": 14,
                          "value": 7.194998
                       },
                       {
                            "ID2": 20,
                            "ID1": 14,
                          "value": 7.194998
                       },
                       {
                            "ID2": 19,
                            "ID1": 15,
                          "value": 7.194998
                       },
                       {
                            "ID2": 20,
                            "ID1": 15,
                          "value": 7.194998
                       },
                       {
                            "ID2": 17,
                            "ID1": 16,
                          "value": -14
                       },
                       {
                            "ID2": 18,
                            "ID1": 16,
                          "value": -14
                       },
                       {
                            "ID2": 18,
                            "ID1": 17,
                          "value": -14
                       },
                       {
                            "ID2": 20,
                            "ID1": 19,
                          "value": 10.01
                       }
                     ],
   "chemical shift": [
                       {
                          "value": 1.3386,
                             "ID": 13
                       },
                       {
                          "value": 1.3386,
                             "ID": 14
                       },
                       {
                          "value": 1.3386,
                             "ID": 15
                       },
                       {
                          "value": 2.60904,
                             "ID": 16
                       },
                       {
                          "value": 2.60904,
                             "ID": 17
                       },
                       {
                          "value": 2.60904,
                             "ID": 18
                       },
                       {
                          "value": 4.3066,
                             "ID": 19
                       },
                       {
                          "value": 4.2867,
                             "ID": 20
                       }
                     ]
}
