{
       "J-coupling": [
                       {
                            "ID2": 13,
                            "ID1": 12,
                          "value": 7.650523
                       },
                       {
                            "ID2": 14,
                            "ID1": 12,
                          "value": 7.650523
                       },
                       {
                            "ID2": 15,
                            "ID1": 13,
                          "value": 8.277053
                       },
                       {
                            "ID2": 16,
                            "ID1": 14,
                          "value": 8.277053
                       },
                       {
                            "ID2": 18,
                            "ID1": 17,
                          "value": 2.116577
                       }
                     ],
   "chemical shift": [
                       {
                          "value": 7.36306,
                             "ID": 12
                       },
                       {
                          "value": 7.48683,
                             "ID": 13
                       },
                       {
                          "value": 7.4845,
                             "ID": 14
                       },
                       {
                          "value": 7.7577,
                             "ID": 15
                       },
                       {
                          "value": 7.76048,
                             "ID": 16
                       },
                       {
                          "value": 7.5618,
                             "ID": 17
                       },
                       {
                          "value": 7.88,
                             "ID": 18
                       }
                     ]
}
