{
       "J-coupling": [
                       {
                            "ID2": 16,
                            "ID1": 15,
                          "value": 1.5
                       },
                       {
                            "ID2": 17,
                            "ID1": 15,
                          "value": 8.8
                       },
                       {
                            "ID2": 18,
                            "ID1": 16,
                          "value": 8.8
                       },
                       {
                            "ID2": 18,
                            "ID1": 17,
                          "value": 1.5
                       },
                       {
                            "ID2": 20,
                            "ID1": 19,
                          "value": -14
                       },
                       {
                            "ID2": 21,
                            "ID1": 19,
                          "value": 7.138745
                       },
                       {
                            "ID2": 22,
                            "ID1": 19,
                          "value": 7.138745
                       },
                       {
                            "ID2": 21,
                            "ID1": 20,
                          "value": 7.138745
                       },
                       {
                            "ID2": 22,
                            "ID1": 20,
                          "value": 7.138745
                       },
                       {
                            "ID2": 22,
                            "ID1": 21,
                          "value": -14
                       }
                     ],
   "chemical shift": [
                       {
                          "value": 7.2618,
                             "ID": 15
                       },
                       {
                          "value": 7.2618,
                             "ID": 16
                       },
                       {
                          "value": 8.0658,
                             "ID": 17
                       },
                       {
                          "value": 8.0658,
                             "ID": 18
                       },
                       {
                          "value": 3.30639,
                             "ID": 19
                       },
                       {
                          "value": 3.30639,
                             "ID": 20
                       },
                       {
                          "value": 2.54708,
                             "ID": 21
                       },
                       {
                          "value": 2.54708,
                             "ID": 22
                       }
                     ]
}
