{
       "J-coupling": [
                       {
                            "ID2": 14,
                            "ID1": 13,
                          "value": -14
                       },
                       {
                            "ID2": 15,
                            "ID1": 13,
                          "value": 6.746855
                       },
                       {
                            "ID2": 16,
                            "ID1": 13,
                          "value": 6.746855
                       },
                       {
                            "ID2": 17,
                            "ID1": 13,
                          "value": 6.54023
                       },
                       {
                            "ID2": 18,
                            "ID1": 13,
                          "value": 6.54023
                       },
                       {
                            "ID2": 15,
                            "ID1": 14,
                          "value": 6.746855
                       },
                       {
                            "ID2": 16,
                            "ID1": 14,
                          "value": 6.746855
                       },
                       {
                            "ID2": 17,
                            "ID1": 14,
                          "value": 6.54023
                       },
                       {
                            "ID2": 18,
                            "ID1": 14,
                          "value": 6.54023
                       },
                       {
                            "ID2": 16,
                            "ID1": 15,
                          "value": -14
                       },
                       {
                            "ID2": 18,
                            "ID1": 17,
                          "value": -14
                       },
                       {
                            "ID2": 20,
                            "ID1": 19,
                          "value": 9.386215
                       },
                       {
                            "ID2": 21,
                            "ID1": 19,
                          "value": 1.570843
                       }
                     ],
   "chemical shift": [
                       {
                          "value": 2.0331,
                             "ID": 13
                       },
                       {
                          "value": 2.0331,
                             "ID": 14
                       },
                       {
                          "value": 2.58226,
                             "ID": 15
                       },
                       {
                          "value": 2.58226,
                             "ID": 16
                       },
                       {
                          "value": 2.84704,
                             "ID": 17
                       },
                       {
                          "value": 2.84704,
                             "ID": 18
                       },
                       {
                          "value": 6.6839,
                             "ID": 19
                       },
                       {
                          "value": 7.772,
                             "ID": 20
                       },
                       {
                          "value": 6.6199,
                             "ID": 21
                       }
                     ]
}
