{
       "J-coupling": [
                       {
                            "ID2": 10,
                            "ID1": 9,
                          "value": 7.826896
                       },
                       {
                            "ID2": 11,
                            "ID1": 9,
                          "value": 9.894058
                       },
                       {
                            "ID2": 12,
                            "ID1": 10,
                          "value": 5.279692
                       },
                       {
                            "ID2": 14,
                            "ID1": 13,
                          "value": 11.8
                       }
                     ],
   "chemical shift": [
                       {
                          "value": 7.898,
                             "ID": 9
                       },
                       {
                          "value": 7.3793,
                             "ID": 10
                       },
                       {
                          "value": 7.518,
                             "ID": 11
                       },
                       {
                          "value": 8.47734,
                             "ID": 12
                       },
                       {
                          "value": 4.5179,
                             "ID": 13
                       },
                       {
                          "value": 4.518,
                             "ID": 14
                       }
                     ]
}
