{
       "J-coupling": [
                       {
                            "ID2": 17,
                            "ID1": 16,
                          "value": -14
                       },
                       {
                            "ID2": 18,
                            "ID1": 16,
                          "value": -14
                       },
                       {
                            "ID2": 18,
                            "ID1": 17,
                          "value": -14
                       },
                       {
                            "ID2": 20,
                            "ID1": 19,
                          "value": 1.5
                       },
                       {
                            "ID2": 21,
                            "ID1": 19,
                          "value": 8.213804
                       },
                       {
                            "ID2": 22,
                            "ID1": 20,
                          "value": 8.213804
                       },
                       {
                            "ID2": 22,
                            "ID1": 21,
                          "value": 1.5
                       },
                       {
                            "ID2": 24,
                            "ID1": 23,
                          "value": -14
                       },
                       {
                            "ID2": 26,
                            "ID1": 25,
                          "value": 1.5
                       }
                     ],
   "chemical shift": [
                       {
                          "value": 2.7578,
                             "ID": 16
                       },
                       {
                          "value": 2.7578,
                             "ID": 17
                       },
                       {
                          "value": 2.7578,
                             "ID": 18
                       },
                       {
                          "value": 7.82457,
                             "ID": 19
                       },
                       {
                          "value": 7.82457,
                             "ID": 20
                       },
                       {
                          "value": 7.65203,
                             "ID": 21
                       },
                       {
                          "value": 7.65203,
                             "ID": 22
                       },
                       {
                          "value": 4.3028,
                             "ID": 23
                       },
                       {
                          "value": 4.3028,
                             "ID": 24
                       },
                       {
                          "value": 9.1004,
                             "ID": 25
                       },
                       {
                          "value": 9.1004,
                             "ID": 26
                       },
                       {
                          "value": 9.1355,
                             "ID": 27
                       }
                     ]
}
