{
       "J-coupling": [
                       {
                            "ID2": 14,
                            "ID1": 13,
                          "value": 5.5649
                       }
                     ],
   "chemical shift": [
                       {
                          "value": 7.34848,
                             "ID": 13
                       },
                       {
                          "value": 7.60115,
                             "ID": 14
                       }
                     ]
}
