{
       "J-coupling": [
                       {
                            "ID2": 14,
                            "ID1": 13,
                          "value": -14
                       },
                       {
                            "ID2": 15,
                            "ID1": 13,
                          "value": -14
                       },
                       {
                            "ID2": 15,
                            "ID1": 14,
                          "value": -14
                       },
                       {
                            "ID2": 17,
                            "ID1": 16,
                          "value": 1.5
                       },
                       {
                            "ID2": 18,
                            "ID1": 16,
                          "value": 8.416538
                       },
                       {
                            "ID2": 19,
                            "ID1": 17,
                          "value": 8.416538
                       },
                       {
                            "ID2": 19,
                            "ID1": 18,
                          "value": 1.5
                       }
                     ],
   "chemical shift": [
                       {
                          "value": 2.1905,
                             "ID": 13
                       },
                       {
                          "value": 2.1905,
                             "ID": 14
                       },
                       {
                          "value": 2.1905,
                             "ID": 15
                       },
                       {
                          "value": 7.76233,
                             "ID": 16
                       },
                       {
                          "value": 7.76233,
                             "ID": 17
                       },
                       {
                          "value": 7.63556,
                             "ID": 18
                       },
                       {
                          "value": 7.63556,
                             "ID": 19
                       }
                     ]
}
