{
       "J-coupling": [
                       {
                            "ID2": 18,
                            "ID1": 17,
                          "value": -14
                       },
                       {
                            "ID2": 19,
                            "ID1": 17,
                          "value": -14
                       },
                       {
                            "ID2": 19,
                            "ID1": 18,
                          "value": -14
                       },
                       {
                            "ID2": 21,
                            "ID1": 20,
                          "value": 9.207989
                       },
                       {
                            "ID2": 22,
                            "ID1": 20,
                          "value": 9.010318
                       },
                       {
                            "ID2": 24,
                            "ID1": 23,
                          "value": 13.44
                       }
                     ],
   "chemical shift": [
                       {
                          "value": 3.9536,
                             "ID": 17
                       },
                       {
                          "value": 3.9536,
                             "ID": 18
                       },
                       {
                          "value": 3.9536,
                             "ID": 19
                       },
                       {
                          "value": 7.64408,
                             "ID": 20
                       },
                       {
                          "value": 6.82305,
                             "ID": 21
                       },
                       {
                          "value": 6.88831,
                             "ID": 22
                       },
                       {
                          "value": 4.759,
                             "ID": 23
                       },
                       {
                          "value": 4.7581,
                             "ID": 24
                       }
                     ]
}
