{
       "J-coupling": [
                       {
                            "ID2": 16,
                            "ID1": 14,
                          "value": 8.259571
                       },
                       {
                            "ID2": 17,
                            "ID1": 14,
                          "value": 8.008317
                       },
                       {
                            "ID2": 18,
                            "ID1": 15,
                          "value": 5.325141
                       },
                       {
                            "ID2": 19,
                            "ID1": 15,
                          "value": 5.325141
                       },
                       {
                            "ID2": 17,
                            "ID1": 16,
                          "value": 1.643677
                       },
                       {
                            "ID2": 20,
                            "ID1": 16,
                          "value": 1.643677
                       },
                       {
                            "ID2": 20,
                            "ID1": 17,
                          "value": 1.504972
                       },
                       {
                            "ID2": 19,
                            "ID1": 18,
                          "value": 1.5
                       }
                     ],
   "chemical shift": [
                       {
                          "value": 7.40764,
                             "ID": 14
                       },
                       {
                          "value": 7.50348,
                             "ID": 15
                       },
                       {
                          "value": 7.04163,
                             "ID": 16
                       },
                       {
                          "value": 7.5822,
                             "ID": 17
                       },
                       {
                          "value": 8.85862,
                             "ID": 18
                       },
                       {
                          "value": 8.85862,
                             "ID": 19
                       },
                       {
                          "value": 7.5617,
                             "ID": 20
                       }
                     ]
}
