{
       "J-coupling": [
                       {
                            "ID2": 12,
                            "ID1": 11,
                          "value": -14
                       },
                       {
                            "ID2": 13,
                            "ID1": 11,
                          "value": -14
                       },
                       {
                            "ID2": 13,
                            "ID1": 12,
                          "value": -14
                       },
                       {
                            "ID2": 15,
                            "ID1": 14,
                          "value": -14
                       },
                       {
                            "ID2": 16,
                            "ID1": 14,
                          "value": -14
                       },
                       {
                            "ID2": 16,
                            "ID1": 15,
                          "value": -14
                       },
                       {
                            "ID2": 18,
                            "ID1": 17,
                          "value": 5.861641
                       },
                       {
                            "ID2": 20,
                            "ID1": 19,
                          "value": -14
                       }
                     ],
   "chemical shift": [
                       {
                          "value": 2.68571,
                             "ID": 11
                       },
                       {
                          "value": 2.68571,
                             "ID": 12
                       },
                       {
                          "value": 2.68571,
                             "ID": 13
                       },
                       {
                          "value": 3.9076,
                             "ID": 14
                       },
                       {
                          "value": 3.9076,
                             "ID": 15
                       },
                       {
                          "value": 3.9076,
                             "ID": 16
                       },
                       {
                          "value": 7.06536,
                             "ID": 17
                       },
                       {
                          "value": 7.48981,
                             "ID": 18
                       },
                       {
                          "value": 4.2951,
                             "ID": 19
                       },
                       {
                          "value": 4.2951,
                             "ID": 20
                       }
                     ]
}
