{
       "J-coupling": [
                       {
                            "ID2": 15,
                            "ID1": 14,
                          "value": -14
                       },
                       {
                            "ID2": 16,
                            "ID1": 14,
                          "value": -14
                       },
                       {
                            "ID2": 24,
                            "ID1": 14,
                          "value": 7.54086
                       },
                       {
                            "ID2": 16,
                            "ID1": 15,
                          "value": -14
                       },
                       {
                            "ID2": 24,
                            "ID1": 15,
                          "value": 7.54086
                       },
                       {
                            "ID2": 24,
                            "ID1": 16,
                          "value": 7.54086
                       },
                       {
                            "ID2": 18,
                            "ID1": 17,
                          "value": 8.896113
                       },
                       {
                            "ID2": 19,
                            "ID1": 17,
                          "value": 8.896113
                       },
                       {
                            "ID2": 19,
                            "ID1": 18,
                          "value": 1.5
                       },
                       {
                            "ID2": 20,
                            "ID1": 18,
                          "value": 8.921318
                       },
                       {
                            "ID2": 21,
                            "ID1": 19,
                          "value": 8.921318
                       },
                       {
                            "ID2": 21,
                            "ID1": 20,
                          "value": 1.5
                       },
                       {
                            "ID2": 23,
                            "ID1": 22,
                          "value": -12.645387
                       }
                     ],
   "chemical shift": [
                       {
                          "value": 1.32796,
                             "ID": 14
                       },
                       {
                          "value": 1.32796,
                             "ID": 15
                       },
                       {
                          "value": 1.32796,
                             "ID": 16
                       },
                       {
                          "value": 7.31852,
                             "ID": 17
                       },
                       {
                          "value": 7.38636,
                             "ID": 18
                       },
                       {
                          "value": 7.38636,
                             "ID": 19
                       },
                       {
                          "value": 7.38411,
                             "ID": 20
                       },
                       {
                          "value": 7.38411,
                             "ID": 21
                       },
                       {
                          "value": 3.79772,
                             "ID": 22
                       },
                       {
                          "value": 3.76307,
                             "ID": 23
                       },
                       {
                          "value": 3.308,
                             "ID": 24
                       }
                     ]
}
