{
       "J-coupling": [
                       {
                            "ID2": 13,
                            "ID1": 12,
                          "value": -14
                       },
                       {
                            "ID2": 14,
                            "ID1": 12,
                          "value": -14
                       },
                       {
                            "ID2": 14,
                            "ID1": 13,
                          "value": -14
                       },
                       {
                            "ID2": 16,
                            "ID1": 15,
                          "value": -14
                       },
                       {
                            "ID2": 17,
                            "ID1": 15,
                          "value": -14
                       },
                       {
                            "ID2": 17,
                            "ID1": 16,
                          "value": -14
                       },
                       {
                            "ID2": 19,
                            "ID1": 18,
                          "value": 9.048576
                       },
                       {
                            "ID2": 20,
                            "ID1": 18,
                          "value": 1.512445
                       }
                     ],
   "chemical shift": [
                       {
                          "value": 2.8035,
                             "ID": 12
                       },
                       {
                          "value": 2.8035,
                             "ID": 13
                       },
                       {
                          "value": 2.8035,
                             "ID": 14
                       },
                       {
                          "value": 2.4776,
                             "ID": 15
                       },
                       {
                          "value": 2.4776,
                             "ID": 16
                       },
                       {
                          "value": 2.4776,
                             "ID": 17
                       },
                       {
                          "value": 7.3214,
                             "ID": 18
                       },
                       {
                          "value": 7.85367,
                             "ID": 19
                       },
                       {
                          "value": 7.75319,
                             "ID": 20
                       }
                     ]
}
