{
       "J-coupling": [
                       {
                            "ID2": 12,
                            "ID1": 11,
                          "value": -14
                       },
                       {
                            "ID2": 13,
                            "ID1": 11,
                          "value": -14
                       },
                       {
                            "ID2": 13,
                            "ID1": 12,
                          "value": -14
                       },
                       {
                            "ID2": 15,
                            "ID1": 14,
                          "value": -14
                       },
                       {
                            "ID2": 17,
                            "ID1": 14,
                          "value": 6.462979
                       },
                       {
                            "ID2": 18,
                            "ID1": 14,
                          "value": 6.462979
                       },
                       {
                            "ID2": 17,
                            "ID1": 15,
                          "value": 6.462979
                       },
                       {
                            "ID2": 18,
                            "ID1": 15,
                          "value": 6.462979
                       },
                       {
                            "ID2": 18,
                            "ID1": 17,
                          "value": -14
                       }
                     ],
   "chemical shift": [
                       {
                          "value": 2.4969,
                             "ID": 11
                       },
                       {
                          "value": 2.4969,
                             "ID": 12
                       },
                       {
                          "value": 2.4969,
                             "ID": 13
                       },
                       {
                          "value": 3.03787,
                             "ID": 14
                       },
                       {
                          "value": 3.03787,
                             "ID": 15
                       },
                       {
                          "value": 7.1033,
                             "ID": 16
                       },
                       {
                          "value": 4,
                             "ID": 17
                       },
                       {
                          "value": 4,
                             "ID": 18
                       },
                       {
                          "value": 7.2648,
                             "ID": 19
                       }
                     ]
}
