{
       "J-coupling": [
                       {
                            "ID2": 13,
                            "ID1": 12,
                          "value": -14
                       },
                       {
                            "ID2": 14,
                            "ID1": 12,
                          "value": -14
                       },
                       {
                            "ID2": 14,
                            "ID1": 13,
                          "value": -14
                       },
                       {
                            "ID2": 16,
                            "ID1": 15,
                          "value": -14
                       },
                       {
                            "ID2": 17,
                            "ID1": 15,
                          "value": -14
                       },
                       {
                            "ID2": 17,
                            "ID1": 16,
                          "value": -14
                       },
                       {
                            "ID2": 19,
                            "ID1": 18,
                          "value": 8.820301
                       },
                       {
                            "ID2": 20,
                            "ID1": 18,
                          "value": 2.233037
                       }
                     ],
   "chemical shift": [
                       {
                          "value": 3.8687,
                             "ID": 12
                       },
                       {
                          "value": 3.8687,
                             "ID": 13
                       },
                       {
                          "value": 3.8687,
                             "ID": 14
                       },
                       {
                          "value": 3.794,
                             "ID": 15
                       },
                       {
                          "value": 3.794,
                             "ID": 16
                       },
                       {
                          "value": 3.794,
                             "ID": 17
                       },
                       {
                          "value": 6.9509,
                             "ID": 18
                       },
                       {
                          "value": 7.1109,
                             "ID": 19
                       },
                       {
                          "value": 7.1353,
                             "ID": 20
                       }
                     ]
}
