{
       "J-coupling": [
                       {
                            "ID2": 16,
                            "ID1": 15,
                          "value": 4.964821
                       },
                       {
                            "ID2": 21,
                            "ID1": 15,
                          "value": 4.622302
                       },
                       {
                            "ID2": 21,
                            "ID1": 16,
                          "value": 1.617174
                       },
                       {
                            "ID2": 18,
                            "ID1": 17,
                          "value": 10.81
                       },
                       {
                            "ID2": 22,
                            "ID1": 17,
                          "value": 7.94402
                       },
                       {
                            "ID2": 23,
                            "ID1": 17,
                          "value": 3.101794
                       },
                       {
                            "ID2": 22,
                            "ID1": 18,
                          "value": 3.101794
                       },
                       {
                            "ID2": 23,
                            "ID1": 18,
                          "value": 7.94402
                       },
                       {
                            "ID2": 20,
                            "ID1": 19,
                          "value": 10.81
                       },
                       {
                            "ID2": 24,
                            "ID1": 19,
                          "value": 7.94402
                       },
                       {
                            "ID2": 25,
                            "ID1": 19,
                          "value": 3.101794
                       },
                       {
                            "ID2": 24,
                            "ID1": 20,
                          "value": 3.101794
                       },
                       {
                            "ID2": 25,
                            "ID1": 20,
                          "value": 7.94402
                       },
                       {
                            "ID2": 23,
                            "ID1": 22,
                          "value": 15.3
                       },
                       {
                            "ID2": 25,
                            "ID1": 24,
                          "value": 15.3
                       },
                       {
                            "ID2": 27,
                            "ID1": 26,
                          "value": -14
                       }
                     ],
   "chemical shift": [
                       {
                          "value": 7.06691,
                             "ID": 15
                       },
                       {
                          "value": 7.4469,
                             "ID": 16
                       },
                       {
                          "value": 3.27582,
                             "ID": 17
                       },
                       {
                          "value": 3.27582,
                             "ID": 18
                       },
                       {
                          "value": 3.27582,
                             "ID": 19
                       },
                       {
                          "value": 3.27582,
                             "ID": 20
                       },
                       {
                          "value": 7.0947,
                             "ID": 21
                       },
                       {
                          "value": 3.10675,
                             "ID": 22
                       },
                       {
                          "value": 3.10675,
                             "ID": 23
                       },
                       {
                          "value": 3.10675,
                             "ID": 24
                       },
                       {
                          "value": 3.10675,
                             "ID": 25
                       },
                       {
                          "value": 3.9881,
                             "ID": 26
                       },
                       {
                          "value": 3.9881,
                             "ID": 27
                       }
                     ]
}
