{
       "J-coupling": [
                       {
                            "ID2": 14,
                            "ID1": 13,
                          "value": -14
                       },
                       {
                            "ID2": 15,
                            "ID1": 13,
                          "value": -14
                       },
                       {
                            "ID2": 16,
                            "ID1": 13,
                          "value": 7.630595
                       },
                       {
                            "ID2": 17,
                            "ID1": 13,
                          "value": 7.630595
                       },
                       {
                            "ID2": 15,
                            "ID1": 14,
                          "value": -14
                       },
                       {
                            "ID2": 16,
                            "ID1": 14,
                          "value": 7.630595
                       },
                       {
                            "ID2": 17,
                            "ID1": 14,
                          "value": 7.630595
                       },
                       {
                            "ID2": 16,
                            "ID1": 15,
                          "value": 7.630595
                       },
                       {
                            "ID2": 17,
                            "ID1": 15,
                          "value": 7.630595
                       },
                       {
                            "ID2": 17,
                            "ID1": 16,
                          "value": -14
                       },
                       {
                            "ID2": 19,
                            "ID1": 18,
                          "value": 8.512552
                       },
                       {
                            "ID2": 20,
                            "ID1": 18,
                          "value": 5.56229
                       },
                       {
                            "ID2": 20,
                            "ID1": 19,
                          "value": 1.756201
                       }
                     ],
   "chemical shift": [
                       {
                          "value": 1.271,
                             "ID": 13
                       },
                       {
                          "value": 1.271,
                             "ID": 14
                       },
                       {
                          "value": 1.271,
                             "ID": 15
                       },
                       {
                          "value": 3.09,
                             "ID": 16
                       },
                       {
                          "value": 3.09,
                             "ID": 17
                       },
                       {
                          "value": 7.21506,
                             "ID": 18
                       },
                       {
                          "value": 7.8107,
                             "ID": 19
                       },
                       {
                          "value": 8.3928,
                             "ID": 20
                       }
                     ]
}
