{
       "J-coupling": [
                       {
                            "ID2": 13,
                            "ID1": 12,
                          "value": 1.5
                       },
                       {
                            "ID2": 14,
                            "ID1": 12,
                          "value": 8.427864
                       },
                       {
                            "ID2": 15,
                            "ID1": 13,
                          "value": 8.427864
                       },
                       {
                            "ID2": 15,
                            "ID1": 14,
                          "value": 1.5
                       },
                       {
                            "ID2": 17,
                            "ID1": 16,
                          "value": -14
                       },
                       {
                            "ID2": 18,
                            "ID1": 16,
                          "value": 6.772888
                       },
                       {
                            "ID2": 19,
                            "ID1": 16,
                          "value": 6.772888
                       },
                       {
                            "ID2": 18,
                            "ID1": 17,
                          "value": 6.772888
                       },
                       {
                            "ID2": 19,
                            "ID1": 17,
                          "value": 6.772888
                       },
                       {
                            "ID2": 19,
                            "ID1": 18,
                          "value": -14
                       }
                     ],
   "chemical shift": [
                       {
                          "value": 7.4507,
                             "ID": 12
                       },
                       {
                          "value": 7.4507,
                             "ID": 13
                       },
                       {
                          "value": 7.7224,
                             "ID": 14
                       },
                       {
                          "value": 7.7224,
                             "ID": 15
                       },
                       {
                          "value": 2.93175,
                             "ID": 16
                       },
                       {
                          "value": 2.93175,
                             "ID": 17
                       },
                       {
                          "value": 3.86308,
                             "ID": 18
                       },
                       {
                          "value": 3.86308,
                             "ID": 19
                       }
                     ]
}
