{
       "J-coupling": [
                       {
                            "ID2": 13,
                            "ID1": 12,
                          "value": 4.243825
                       },
                       {
                            "ID2": 14,
                            "ID1": 12,
                          "value": 4.998023
                       },
                       {
                            "ID2": 14,
                            "ID1": 13,
                          "value": 1.527766
                       },
                       {
                            "ID2": 16,
                            "ID1": 15,
                          "value": -14
                       }
                     ],
   "chemical shift": [
                       {
                          "value": 7.3609,
                             "ID": 12
                       },
                       {
                          "value": 8.0032,
                             "ID": 13
                       },
                       {
                          "value": 8.1391,
                             "ID": 14
                       },
                       {
                          "value": 4.5577,
                             "ID": 15
                       },
                       {
                          "value": 4.5579,
                             "ID": 16
                       }
                     ]
}
