{
       "J-coupling": [
                       {
                            "ID2": 18,
                            "ID1": 17,
                          "value": 7.22877
                       },
                       {
                            "ID2": 19,
                            "ID1": 17,
                          "value": 7.22877
                       },
                       {
                            "ID2": 19,
                            "ID1": 18,
                          "value": 1.5
                       },
                       {
                            "ID2": 21,
                            "ID1": 18,
                          "value": 7.662226
                       },
                       {
                            "ID2": 22,
                            "ID1": 19,
                          "value": 7.662226
                       },
                       {
                            "ID2": 23,
                            "ID1": 20,
                          "value": 3.660136
                       },
                       {
                            "ID2": 28,
                            "ID1": 20,
                          "value": 1.998765
                       },
                       {
                            "ID2": 22,
                            "ID1": 21,
                          "value": 1.5
                       },
                       {
                            "ID2": 25,
                            "ID1": 24,
                          "value": -14
                       },
                       {
                            "ID2": 26,
                            "ID1": 24,
                          "value": 7.036187
                       },
                       {
                            "ID2": 27,
                            "ID1": 24,
                          "value": 7.036187
                       },
                       {
                            "ID2": 26,
                            "ID1": 25,
                          "value": 7.036187
                       },
                       {
                            "ID2": 27,
                            "ID1": 25,
                          "value": 7.036187
                       },
                       {
                            "ID2": 27,
                            "ID1": 26,
                          "value": -14
                       }
                     ],
   "chemical shift": [
                       {
                          "value": 7.27397,
                             "ID": 17
                       },
                       {
                          "value": 7.34461,
                             "ID": 18
                       },
                       {
                          "value": 7.34461,
                             "ID": 19
                       },
                       {
                          "value": 6.58395,
                             "ID": 20
                       },
                       {
                          "value": 7.30279,
                             "ID": 21
                       },
                       {
                          "value": 7.30279,
                             "ID": 22
                       },
                       {
                          "value": 7.06424,
                             "ID": 23
                       },
                       {
                          "value": 2.9132,
                             "ID": 24
                       },
                       {
                          "value": 2.9132,
                             "ID": 25
                       },
                       {
                          "value": 3.6255,
                             "ID": 26
                       },
                       {
                          "value": 3.6255,
                             "ID": 27
                       },
                       {
                          "value": 7.6177,
                             "ID": 28
                       }
                     ]
}
