{
       "J-coupling": [
                       {
                            "ID2": 15,
                            "ID1": 14,
                          "value": 8.587948
                       },
                       {
                            "ID2": 16,
                            "ID1": 14,
                          "value": 8.587948
                       },
                       {
                            "ID2": 21,
                            "ID1": 15,
                          "value": 1.547168
                       },
                       {
                            "ID2": 21,
                            "ID1": 16,
                          "value": 1.547168
                       },
                       {
                            "ID2": 18,
                            "ID1": 17,
                          "value": 1.5
                       },
                       {
                            "ID2": 19,
                            "ID1": 17,
                          "value": 5.970663
                       },
                       {
                            "ID2": 20,
                            "ID1": 18,
                          "value": 5.970663
                       },
                       {
                            "ID2": 20,
                            "ID1": 19,
                          "value": 1.5
                       }
                     ],
   "chemical shift": [
                       {
                          "value": 7.381,
                             "ID": 14
                       },
                       {
                          "value": 6.9594,
                             "ID": 15
                       },
                       {
                          "value": 7.2452,
                             "ID": 16
                       },
                       {
                          "value": 7.71593,
                             "ID": 17
                       },
                       {
                          "value": 7.71593,
                             "ID": 18
                       },
                       {
                          "value": 8.56392,
                             "ID": 19
                       },
                       {
                          "value": 8.56392,
                             "ID": 20
                       },
                       {
                          "value": 7.22133,
                             "ID": 21
                       }
                     ]
}
