{
       "J-coupling": [
                       {
                            "ID2": 10,
                            "ID1": 9,
                          "value": 2.091009
                       },
                       {
                            "ID2": 11,
                            "ID1": 9,
                          "value": 2.091009
                       },
                       {
                            "ID2": 11,
                            "ID1": 10,
                          "value": 0.293434
                       }
                     ],
   "chemical shift": [
                       {
                          "value": 7.25406,
                             "ID": 9
                       },
                       {
                          "value": 7.91525,
                             "ID": 10
                       },
                       {
                          "value": 7.92604,
                             "ID": 11
                       }
                     ]
}
