{
       "J-coupling": [
                       {
                            "ID2": 14,
                            "ID1": 13,
                          "value": 5.735361
                       }
                     ],
   "chemical shift": [
                       {
                          "value": 7.98055,
                             "ID": 13
                       },
                       {
                          "value": 9.03404,
                             "ID": 14
                       },
                       {
                          "value": 9.15118,
                             "ID": 15
                       }
                     ]
}
