{
       "J-coupling": [
                       {
                            "ID2": 14,
                            "ID1": 13,
                          "value": -14
                       },
                       {
                            "ID2": 15,
                            "ID1": 13,
                          "value": -14
                       },
                       {
                            "ID2": 15,
                            "ID1": 14,
                          "value": -14
                       },
                       {
                            "ID2": 17,
                            "ID1": 16,
                          "value": -14
                       },
                       {
                            "ID2": 18,
                            "ID1": 16,
                          "value": -14
                       },
                       {
                            "ID2": 18,
                            "ID1": 17,
                          "value": -14
                       },
                       {
                            "ID2": 20,
                            "ID1": 19,
                          "value": 9.391501
                       },
                       {
                            "ID2": 21,
                            "ID1": 19,
                          "value": 1.525528
                       }
                     ],
   "chemical shift": [
                       {
                          "value": 2.6028,
                             "ID": 13
                       },
                       {
                          "value": 2.6028,
                             "ID": 14
                       },
                       {
                          "value": 2.6028,
                             "ID": 15
                       },
                       {
                          "value": 3.8799,
                             "ID": 16
                       },
                       {
                          "value": 3.8799,
                             "ID": 17
                       },
                       {
                          "value": 3.8799,
                             "ID": 18
                       },
                       {
                          "value": 6.62777,
                             "ID": 19
                       },
                       {
                          "value": 7.89391,
                             "ID": 20
                       },
                       {
                          "value": 6.52753,
                             "ID": 21
                       }
                     ]
}
