{
       "J-coupling": [
                       {
                            "ID2": 14,
                            "ID1": 13,
                          "value": -14
                       },
                       {
                            "ID2": 15,
                            "ID1": 13,
                          "value": -14
                       },
                       {
                            "ID2": 16,
                            "ID1": 13,
                          "value": 7.974353
                       },
                       {
                            "ID2": 17,
                            "ID1": 13,
                          "value": 7.974353
                       },
                       {
                            "ID2": 15,
                            "ID1": 14,
                          "value": -14
                       },
                       {
                            "ID2": 16,
                            "ID1": 14,
                          "value": 7.974353
                       },
                       {
                            "ID2": 17,
                            "ID1": 14,
                          "value": 7.974353
                       },
                       {
                            "ID2": 16,
                            "ID1": 15,
                          "value": 7.974353
                       },
                       {
                            "ID2": 17,
                            "ID1": 15,
                          "value": 7.974353
                       },
                       {
                            "ID2": 17,
                            "ID1": 16,
                          "value": -14
                       },
                       {
                            "ID2": 22,
                            "ID1": 16,
                          "value": 6.986063
                       },
                       {
                            "ID2": 23,
                            "ID1": 16,
                          "value": 6.986063
                       },
                       {
                            "ID2": 22,
                            "ID1": 17,
                          "value": 6.986063
                       },
                       {
                            "ID2": 23,
                            "ID1": 17,
                          "value": 6.986063
                       },
                       {
                            "ID2": 19,
                            "ID1": 18,
                          "value": 1.5
                       },
                       {
                            "ID2": 20,
                            "ID1": 18,
                          "value": 8.84237
                       },
                       {
                            "ID2": 21,
                            "ID1": 19,
                          "value": 8.84237
                       },
                       {
                            "ID2": 21,
                            "ID1": 20,
                          "value": 1.5
                       },
                       {
                            "ID2": 23,
                            "ID1": 22,
                          "value": -14
                       }
                     ],
   "chemical shift": [
                       {
                          "value": 0.9941,
                             "ID": 13
                       },
                       {
                          "value": 0.9941,
                             "ID": 14
                       },
                       {
                          "value": 0.9941,
                             "ID": 15
                       },
                       {
                          "value": 1.7955,
                             "ID": 16
                       },
                       {
                          "value": 1.7955,
                             "ID": 17
                       },
                       {
                          "value": 7.7268,
                             "ID": 18
                       },
                       {
                          "value": 7.7268,
                             "ID": 19
                       },
                       {
                          "value": 7.099,
                             "ID": 20
                       },
                       {
                          "value": 7.099,
                             "ID": 21
                       },
                       {
                          "value": 4.0915,
                             "ID": 22
                       },
                       {
                          "value": 4.0915,
                             "ID": 23
                       }
                     ]
}
