{
       "J-coupling": [
                       {
                            "ID2": 13,
                            "ID1": 12,
                          "value": -14
                       },
                       {
                            "ID2": 14,
                            "ID1": 12,
                          "value": -14
                       },
                       {
                            "ID2": 14,
                            "ID1": 13,
                          "value": -14
                       },
                       {
                            "ID2": 16,
                            "ID1": 15,
                          "value": -14
                       },
                       {
                            "ID2": 17,
                            "ID1": 15,
                          "value": 6.618032
                       },
                       {
                            "ID2": 18,
                            "ID1": 15,
                          "value": 6.618032
                       },
                       {
                            "ID2": 21,
                            "ID1": 15,
                          "value": 5.783975
                       },
                       {
                            "ID2": 22,
                            "ID1": 15,
                          "value": 5.783975
                       },
                       {
                            "ID2": 17,
                            "ID1": 16,
                          "value": 6.618032
                       },
                       {
                            "ID2": 18,
                            "ID1": 16,
                          "value": 6.618032
                       },
                       {
                            "ID2": 21,
                            "ID1": 16,
                          "value": 5.783975
                       },
                       {
                            "ID2": 22,
                            "ID1": 16,
                          "value": 5.783975
                       },
                       {
                            "ID2": 18,
                            "ID1": 17,
                          "value": -14
                       },
                       {
                            "ID2": 20,
                            "ID1": 19,
                          "value": 8.20541
                       },
                       {
                            "ID2": 22,
                            "ID1": 21,
                          "value": -14
                       }
                     ],
   "chemical shift": [
                       {
                          "value": 2.35578,
                             "ID": 12
                       },
                       {
                          "value": 2.35578,
                             "ID": 13
                       },
                       {
                          "value": 2.35578,
                             "ID": 14
                       },
                       {
                          "value": 1.89461,
                             "ID": 15
                       },
                       {
                          "value": 1.89461,
                             "ID": 16
                       },
                       {
                          "value": 2.74864,
                             "ID": 17
                       },
                       {
                          "value": 2.74864,
                             "ID": 18
                       },
                       {
                          "value": 7.46887,
                             "ID": 19
                       },
                       {
                          "value": 6.53376,
                             "ID": 20
                       },
                       {
                          "value": 3.4234,
                             "ID": 21
                       },
                       {
                          "value": 3.4234,
                             "ID": 22
                       }
                     ]
}
