{
       "J-coupling": [
                       {
                            "ID2": 15,
                            "ID1": 14,
                          "value": -14
                       },
                       {
                            "ID2": 16,
                            "ID1": 14,
                          "value": -14
                       },
                       {
                            "ID2": 16,
                            "ID1": 15,
                          "value": -14
                       },
                       {
                            "ID2": 18,
                            "ID1": 17,
                          "value": -14
                       },
                       {
                            "ID2": 19,
                            "ID1": 17,
                          "value": -14
                       },
                       {
                            "ID2": 19,
                            "ID1": 18,
                          "value": -14
                       },
                       {
                            "ID2": 21,
                            "ID1": 20,
                          "value": 7.238528
                       },
                       {
                            "ID2": 22,
                            "ID1": 20,
                          "value": 8.407631
                       },
                       {
                            "ID2": 23,
                            "ID1": 21,
                          "value": 8.407631
                       },
                       {
                            "ID2": 25,
                            "ID1": 24,
                          "value": 12.87
                       }
                     ],
   "chemical shift": [
                       {
                          "value": 3.8715,
                             "ID": 14
                       },
                       {
                          "value": 3.8715,
                             "ID": 15
                       },
                       {
                          "value": 3.8715,
                             "ID": 16
                       },
                       {
                          "value": 3.4369,
                             "ID": 17
                       },
                       {
                          "value": 3.4369,
                             "ID": 18
                       },
                       {
                          "value": 3.4369,
                             "ID": 19
                       },
                       {
                          "value": 7.4343,
                             "ID": 20
                       },
                       {
                          "value": 7.3778,
                             "ID": 21
                       },
                       {
                          "value": 7.7197,
                             "ID": 22
                       },
                       {
                          "value": 7.6145,
                             "ID": 23
                       },
                       {
                          "value": 4.5523,
                             "ID": 24
                       },
                       {
                          "value": 4.5481,
                             "ID": 25
                       }
                     ]
}
