{
       "J-coupling": [
                       {
                            "ID2": 12,
                            "ID1": 11,
                          "value": -14
                       },
                       {
                            "ID2": 13,
                            "ID1": 11,
                          "value": -14
                       },
                       {
                            "ID2": 13,
                            "ID1": 12,
                          "value": -14
                       },
                       {
                            "ID2": 15,
                            "ID1": 14,
                          "value": 7.665229
                       },
                       {
                            "ID2": 16,
                            "ID1": 14,
                          "value": 8.525855
                       },
                       {
                            "ID2": 17,
                            "ID1": 15,
                          "value": 1.554327
                       },
                       {
                            "ID2": 17,
                            "ID1": 16,
                          "value": 2.171279
                       }
                     ],
   "chemical shift": [
                       {
                          "value": 2.6233,
                             "ID": 11
                       },
                       {
                          "value": 2.6233,
                             "ID": 12
                       },
                       {
                          "value": 2.6233,
                             "ID": 13
                       },
                       {
                          "value": 7.35973,
                             "ID": 14
                       },
                       {
                          "value": 7.45325,
                             "ID": 15
                       },
                       {
                          "value": 7.10584,
                             "ID": 16
                       },
                       {
                          "value": 7.38036,
                             "ID": 17
                       }
                     ]
}
