{
       "J-coupling": [
                       {
                            "ID2": 12,
                            "ID1": 11,
                          "value": -14
                       },
                       {
                            "ID2": 13,
                            "ID1": 11,
                          "value": -14
                       },
                       {
                            "ID2": 13,
                            "ID1": 12,
                          "value": -14
                       },
                       {
                            "ID2": 15,
                            "ID1": 14,
                          "value": -14
                       },
                       {
                            "ID2": 16,
                            "ID1": 14,
                          "value": -14
                       },
                       {
                            "ID2": 16,
                            "ID1": 15,
                          "value": -14
                       },
                       {
                            "ID2": 18,
                            "ID1": 17,
                          "value": -14
                       },
                       {
                            "ID2": 19,
                            "ID1": 17,
                          "value": -14
                       },
                       {
                            "ID2": 19,
                            "ID1": 18,
                          "value": -14
                       }
                     ],
   "chemical shift": [
                       {
                          "value": 1.2202,
                             "ID": 11
                       },
                       {
                          "value": 1.2202,
                             "ID": 12
                       },
                       {
                          "value": 1.2202,
                             "ID": 13
                       },
                       {
                          "value": 1.2202,
                             "ID": 14
                       },
                       {
                          "value": 1.2202,
                             "ID": 15
                       },
                       {
                          "value": 1.2202,
                             "ID": 16
                       },
                       {
                          "value": 1.2202,
                             "ID": 17
                       },
                       {
                          "value": 1.2202,
                             "ID": 18
                       },
                       {
                          "value": 1.2202,
                             "ID": 19
                       },
                       {
                          "value": 6.3166,
                             "ID": 20
                       }
                     ]
}
