{
       "J-coupling": [
                       {
                            "ID2": 16,
                            "ID1": 15,
                          "value": 1.5
                       },
                       {
                            "ID2": 17,
                            "ID1": 15,
                          "value": 8.43108
                       },
                       {
                            "ID2": 18,
                            "ID1": 16,
                          "value": 8.43108
                       },
                       {
                            "ID2": 18,
                            "ID1": 17,
                          "value": 1.5
                       },
                       {
                            "ID2": 20,
                            "ID1": 19,
                          "value": 0.08
                       },
                       {
                            "ID2": 23,
                            "ID1": 19,
                          "value": 0.4
                       },
                       {
                            "ID2": 23,
                            "ID1": 20,
                          "value": 0.4
                       },
                       {
                            "ID2": 22,
                            "ID1": 21,
                          "value": -14
                       }
                     ],
   "chemical shift": [
                       {
                          "value": 7.77482,
                             "ID": 15
                       },
                       {
                          "value": 7.77482,
                             "ID": 16
                       },
                       {
                          "value": 7.39205,
                             "ID": 17
                       },
                       {
                          "value": 7.39205,
                             "ID": 18
                       },
                       {
                          "value": 7.1055,
                             "ID": 19
                       },
                       {
                          "value": 7.19991,
                             "ID": 20
                       },
                       {
                          "value": 5.3627,
                             "ID": 21
                       },
                       {
                          "value": 5.3627,
                             "ID": 22
                       },
                       {
                          "value": 7.9148,
                             "ID": 23
                       }
                     ]
}
