{
       "J-coupling": [
                       {
                            "ID2": 15,
                            "ID1": 14,
                          "value": -14
                       },
                       {
                            "ID2": 16,
                            "ID1": 14,
                          "value": -14
                       },
                       {
                            "ID2": 16,
                            "ID1": 15,
                          "value": -14
                       },
                       {
                            "ID2": 18,
                            "ID1": 17,
                          "value": -14
                       },
                       {
                            "ID2": 19,
                            "ID1": 17,
                          "value": -14
                       },
                       {
                            "ID2": 19,
                            "ID1": 18,
                          "value": -14
                       },
                       {
                            "ID2": 21,
                            "ID1": 20,
                          "value": 8.543003
                       },
                       {
                            "ID2": 22,
                            "ID1": 20,
                          "value": 1.715782
                       }
                     ],
   "chemical shift": [
                       {
                          "value": 2.7182,
                             "ID": 14
                       },
                       {
                          "value": 2.7182,
                             "ID": 15
                       },
                       {
                          "value": 2.7182,
                             "ID": 16
                       },
                       {
                          "value": 2.7107,
                             "ID": 17
                       },
                       {
                          "value": 2.7107,
                             "ID": 18
                       },
                       {
                          "value": 2.7107,
                             "ID": 19
                       },
                       {
                          "value": 7.7699,
                             "ID": 20
                       },
                       {
                          "value": 7.93022,
                             "ID": 21
                       },
                       {
                          "value": 7.9985,
                             "ID": 22
                       }
                     ]
}
