{
       "J-coupling": [
                       {
                            "ID2": 12,
                            "ID1": 11,
                          "value": 6.81
                       },
                       {
                            "ID2": 13,
                            "ID1": 11,
                          "value": 6.55
                       },
                       {
                            "ID2": 13,
                            "ID1": 12,
                          "value": 1.5
                       },
                       {
                            "ID2": 14,
                            "ID1": 12,
                          "value": 7.290073
                       },
                       {
                            "ID2": 14,
                            "ID1": 13,
                          "value": 0.5
                       },
                       {
                            "ID2": 16,
                            "ID1": 15,
                          "value": -14
                       },
                       {
                            "ID2": 17,
                            "ID1": 15,
                          "value": 6.753538
                       },
                       {
                            "ID2": 18,
                            "ID1": 15,
                          "value": 6.753538
                       },
                       {
                            "ID2": 17,
                            "ID1": 16,
                          "value": 6.753538
                       },
                       {
                            "ID2": 18,
                            "ID1": 16,
                          "value": 6.753538
                       },
                       {
                            "ID2": 18,
                            "ID1": 17,
                          "value": -14
                       },
                       {
                            "ID2": 20,
                            "ID1": 19,
                          "value": -14
                       }
                     ],
   "chemical shift": [
                       {
                          "value": 7.3416,
                             "ID": 11
                       },
                       {
                          "value": 7.29714,
                             "ID": 12
                       },
                       {
                          "value": 7.33637,
                             "ID": 13
                       },
                       {
                          "value": 7.23155,
                             "ID": 14
                       },
                       {
                          "value": 3.12831,
                             "ID": 15
                       },
                       {
                          "value": 3.12831,
                             "ID": 16
                       },
                       {
                          "value": 3.52826,
                             "ID": 17
                       },
                       {
                          "value": 3.52826,
                             "ID": 18
                       },
                       {
                          "value": 4.37991,
                             "ID": 19
                       },
                       {
                          "value": 4.37991,
                             "ID": 20
                       }
                     ]
}
