{
       "J-coupling": [
                       {
                            "ID2": 19,
                            "ID1": 18,
                          "value": -14
                       },
                       {
                            "ID2": 20,
                            "ID1": 18,
                          "value": -14
                       },
                       {
                            "ID2": 20,
                            "ID1": 19,
                          "value": -14
                       },
                       {
                            "ID2": 23,
                            "ID1": 21,
                          "value": 7.859573
                       },
                       {
                            "ID2": 24,
                            "ID1": 21,
                          "value": 7.859573
                       },
                       {
                            "ID2": 25,
                            "ID1": 22,
                          "value": 7.859573
                       },
                       {
                            "ID2": 26,
                            "ID1": 22,
                          "value": 7.859573
                       },
                       {
                            "ID2": 24,
                            "ID1": 23,
                          "value": 1.5
                       },
                       {
                            "ID2": 27,
                            "ID1": 23,
                          "value": 8.148548
                       },
                       {
                            "ID2": 28,
                            "ID1": 24,
                          "value": 8.148548
                       },
                       {
                            "ID2": 26,
                            "ID1": 25,
                          "value": 1.5
                       },
                       {
                            "ID2": 29,
                            "ID1": 25,
                          "value": 8.148548
                       },
                       {
                            "ID2": 30,
                            "ID1": 26,
                          "value": 8.148548
                       },
                       {
                            "ID2": 28,
                            "ID1": 27,
                          "value": 1.5
                       },
                       {
                            "ID2": 30,
                            "ID1": 29,
                          "value": 1.5
                       }
                     ],
   "chemical shift": [
                       {
                          "value": 2.70097,
                             "ID": 18
                       },
                       {
                          "value": 2.70097,
                             "ID": 19
                       },
                       {
                          "value": 2.70097,
                             "ID": 20
                       },
                       {
                          "value": 7.34019,
                             "ID": 21
                       },
                       {
                          "value": 7.34019,
                             "ID": 22
                       },
                       {
                          "value": 7.44338,
                             "ID": 23
                       },
                       {
                          "value": 7.44338,
                             "ID": 24
                       },
                       {
                          "value": 7.44338,
                             "ID": 25
                       },
                       {
                          "value": 7.44338,
                             "ID": 26
                       },
                       {
                          "value": 7.34902,
                             "ID": 27
                       },
                       {
                          "value": 7.34902,
                             "ID": 28
                       },
                       {
                          "value": 7.34902,
                             "ID": 29
                       },
                       {
                          "value": 7.34902,
                             "ID": 30
                       }
                     ]
}
