{
       "J-coupling": [
                       {
                            "ID2": 17,
                            "ID1": 16,
                          "value": -14
                       },
                       {
                            "ID2": 18,
                            "ID1": 16,
                          "value": -14
                       },
                       {
                            "ID2": 18,
                            "ID1": 17,
                          "value": -14
                       },
                       {
                            "ID2": 20,
                            "ID1": 19,
                          "value": -14
                       },
                       {
                            "ID2": 21,
                            "ID1": 19,
                          "value": -14
                       },
                       {
                            "ID2": 21,
                            "ID1": 20,
                          "value": -14
                       },
                       {
                            "ID2": 23,
                            "ID1": 22,
                          "value": 1.5
                       },
                       {
                            "ID2": 24,
                            "ID1": 22,
                          "value": 8.928696
                       },
                       {
                            "ID2": 25,
                            "ID1": 23,
                          "value": 8.928696
                       },
                       {
                            "ID2": 25,
                            "ID1": 24,
                          "value": 1.5
                       }
                     ],
   "chemical shift": [
                       {
                          "value": 2.25764,
                             "ID": 16
                       },
                       {
                          "value": 2.25764,
                             "ID": 17
                       },
                       {
                          "value": 2.25764,
                             "ID": 18
                       },
                       {
                          "value": 2.33078,
                             "ID": 19
                       },
                       {
                          "value": 2.33078,
                             "ID": 20
                       },
                       {
                          "value": 2.33078,
                             "ID": 21
                       },
                       {
                          "value": 7.93209,
                             "ID": 22
                       },
                       {
                          "value": 7.93209,
                             "ID": 23
                       },
                       {
                          "value": 7.62632,
                             "ID": 24
                       },
                       {
                          "value": 7.62632,
                             "ID": 25
                       },
                       {
                          "value": 6.2204,
                             "ID": 26
                       }
                     ]
}
