{
       "J-coupling": [
                       {
                            "ID2": 13,
                            "ID1": 12,
                          "value": -14
                       },
                       {
                            "ID2": 14,
                            "ID1": 12,
                          "value": -14
                       },
                       {
                            "ID2": 14,
                            "ID1": 13,
                          "value": -14
                       },
                       {
                            "ID2": 16,
                            "ID1": 15,
                          "value": 8.474742
                       },
                       {
                            "ID2": 17,
                            "ID1": 15,
                          "value": 1.519036
                       },
                       {
                            "ID2": 17,
                            "ID1": 16,
                          "value": 0.479086
                       }
                     ],
   "chemical shift": [
                       {
                          "value": 2.2506,
                             "ID": 12
                       },
                       {
                          "value": 2.2506,
                             "ID": 13
                       },
                       {
                          "value": 2.2506,
                             "ID": 14
                       },
                       {
                          "value": 6.6458,
                             "ID": 15
                       },
                       {
                          "value": 7.6042,
                             "ID": 16
                       },
                       {
                          "value": 6.6864,
                             "ID": 17
                       }
                     ]
}
