{
       "J-coupling": [
                       {
                            "ID2": 17,
                            "ID1": 16,
                          "value": -14
                       },
                       {
                            "ID2": 18,
                            "ID1": 16,
                          "value": -14
                       },
                       {
                            "ID2": 18,
                            "ID1": 17,
                          "value": -14
                       },
                       {
                            "ID2": 20,
                            "ID1": 19,
                          "value": 8.703091
                       },
                       {
                            "ID2": 21,
                            "ID1": 19,
                          "value": 1.684054
                       },
                       {
                            "ID2": 23,
                            "ID1": 22,
                          "value": 16.18
                       }
                     ],
   "chemical shift": [
                       {
                          "value": 2.4012,
                             "ID": 16
                       },
                       {
                          "value": 2.4012,
                             "ID": 17
                       },
                       {
                          "value": 2.4012,
                             "ID": 18
                       },
                       {
                          "value": 7.94064,
                             "ID": 19
                       },
                       {
                          "value": 7.49009,
                             "ID": 20
                       },
                       {
                          "value": 8.66514,
                             "ID": 21
                       },
                       {
                          "value": 3.9865,
                             "ID": 22
                       },
                       {
                          "value": 3.9434,
                             "ID": 23
                       }
                     ]
}
