{
       "J-coupling": [
                       {
                            "ID2": 10,
                            "ID1": 9,
                          "value": -14
                       },
                       {
                            "ID2": 11,
                            "ID1": 9,
                          "value": -14
                       },
                       {
                            "ID2": 11,
                            "ID1": 10,
                          "value": -14
                       },
                       {
                            "ID2": 13,
                            "ID1": 12,
                          "value": 3.698509
                       },
                       {
                            "ID2": 14,
                            "ID1": 12,
                          "value": 2.218187
                       },
                       {
                            "ID2": 14,
                            "ID1": 13,
                          "value": 2.205528
                       }
                     ],
   "chemical shift": [
                       {
                          "value": 2.47407,
                             "ID": 9
                       },
                       {
                          "value": 2.47407,
                             "ID": 10
                       },
                       {
                          "value": 2.47407,
                             "ID": 11
                       },
                       {
                          "value": 6.63252,
                             "ID": 12
                       },
                       {
                          "value": 6.92415,
                             "ID": 13
                       },
                       {
                          "value": 7.7075,
                             "ID": 14
                       }
                     ]
}
