{
       "J-coupling": [
                       {
                            "ID2": 14,
                            "ID1": 13,
                          "value": -14
                       },
                       {
                            "ID2": 15,
                            "ID1": 13,
                          "value": -14
                       },
                       {
                            "ID2": 15,
                            "ID1": 14,
                          "value": -14
                       },
                       {
                            "ID2": 17,
                            "ID1": 16,
                          "value": 7.074466
                       },
                       {
                            "ID2": 18,
                            "ID1": 16,
                          "value": 8.696094
                       },
                       {
                            "ID2": 19,
                            "ID1": 16,
                          "value": 1.379887
                       },
                       {
                            "ID2": 18,
                            "ID1": 17,
                          "value": 1.379887
                       },
                       {
                            "ID2": 19,
                            "ID1": 17,
                          "value": 8.696094
                       },
                       {
                            "ID2": 22,
                            "ID1": 21,
                          "value": 16.22
                       }
                     ],
   "chemical shift": [
                       {
                          "value": 2.77596,
                             "ID": 13
                       },
                       {
                          "value": 2.77596,
                             "ID": 14
                       },
                       {
                          "value": 2.77596,
                             "ID": 15
                       },
                       {
                          "value": 7.47418,
                             "ID": 16
                       },
                       {
                          "value": 7.48294,
                             "ID": 17
                       },
                       {
                          "value": 7.92582,
                             "ID": 18
                       },
                       {
                          "value": 7.98611,
                             "ID": 19
                       },
                       {
                          "value": 7.5839,
                             "ID": 20
                       },
                       {
                          "value": 4.53631,
                             "ID": 21
                       },
                       {
                          "value": 4.54802,
                             "ID": 22
                       }
                     ]
}
