{
       "J-coupling": [
                       {
                            "ID2": 11,
                            "ID1": 10,
                          "value": -14
                       },
                       {
                            "ID2": 12,
                            "ID1": 10,
                          "value": -14
                       },
                       {
                            "ID2": 12,
                            "ID1": 11,
                          "value": -14
                       },
                       {
                            "ID2": 14,
                            "ID1": 13,
                          "value": 8.482302
                       },
                       {
                            "ID2": 15,
                            "ID1": 13,
                          "value": 5.97155
                       },
                       {
                            "ID2": 15,
                            "ID1": 14,
                          "value": 1.468799
                       },
                       {
                            "ID2": 18,
                            "ID1": 14,
                          "value": 1.982373
                       },
                       {
                            "ID2": 17,
                            "ID1": 16,
                          "value": -14
                       }
                     ],
   "chemical shift": [
                       {
                          "value": 2.7482,
                             "ID": 10
                       },
                       {
                          "value": 2.7482,
                             "ID": 11
                       },
                       {
                          "value": 2.7482,
                             "ID": 12
                       },
                       {
                          "value": 7.557,
                             "ID": 13
                       },
                       {
                          "value": 7.97073,
                             "ID": 14
                       },
                       {
                          "value": 8.61425,
                             "ID": 15
                       },
                       {
                          "value": 3.69322,
                             "ID": 16
                       },
                       {
                          "value": 3.69322,
                             "ID": 17
                       },
                       {
                          "value": 8.61534,
                             "ID": 18
                       }
                     ]
}
