{
       "J-coupling": [
                       {
                            "ID2": 13,
                            "ID1": 12,
                          "value": 8.801693
                       },
                       {
                            "ID2": 14,
                            "ID1": 13,
                          "value": 1.424701
                       },
                       {
                            "ID2": 16,
                            "ID1": 15,
                          "value": -14
                       }
                     ],
   "chemical shift": [
                       {
                          "value": 7.42724,
                             "ID": 12
                       },
                       {
                          "value": 7.23285,
                             "ID": 13
                       },
                       {
                          "value": 7.22778,
                             "ID": 14
                       },
                       {
                          "value": 5.3573,
                             "ID": 15
                       },
                       {
                          "value": 5.3573,
                             "ID": 16
                       }
                     ]
}
