{
       "J-coupling": [
                       {
                            "ID2": 14,
                            "ID1": 13,
                          "value": 8.75784
                       },
                       {
                            "ID2": 15,
                            "ID1": 13,
                          "value": 1.615366
                       }
                     ],
   "chemical shift": [
                       {
                          "value": 7.4389,
                             "ID": 13
                       },
                       {
                          "value": 7.004,
                             "ID": 14
                       },
                       {
                          "value": 7.6785,
                             "ID": 15
                       }
                     ]
}
