{
       "J-coupling": [
                       {
                            "ID2": 10,
                            "ID1": 9,
                          "value": -14
                       },
                       {
                            "ID2": 11,
                            "ID1": 9,
                          "value": -14
                       },
                       {
                            "ID2": 11,
                            "ID1": 10,
                          "value": -14
                       },
                       {
                            "ID2": 13,
                            "ID1": 12,
                          "value": -14
                       },
                       {
                            "ID2": 14,
                            "ID1": 12,
                          "value": -14
                       },
                       {
                            "ID2": 14,
                            "ID1": 13,
                          "value": -14
                       },
                       {
                            "ID2": 16,
                            "ID1": 15,
                          "value": -14
                       },
                       {
                            "ID2": 17,
                            "ID1": 15,
                          "value": 6.323648
                       },
                       {
                            "ID2": 18,
                            "ID1": 15,
                          "value": 6.323648
                       },
                       {
                            "ID2": 19,
                            "ID1": 15,
                          "value": 6.105418
                       },
                       {
                            "ID2": 20,
                            "ID1": 15,
                          "value": 6.105418
                       },
                       {
                            "ID2": 17,
                            "ID1": 16,
                          "value": 6.323648
                       },
                       {
                            "ID2": 18,
                            "ID1": 16,
                          "value": 6.323648
                       },
                       {
                            "ID2": 19,
                            "ID1": 16,
                          "value": 6.105418
                       },
                       {
                            "ID2": 20,
                            "ID1": 16,
                          "value": 6.105418
                       },
                       {
                            "ID2": 18,
                            "ID1": 17,
                          "value": -14
                       },
                       {
                            "ID2": 20,
                            "ID1": 19,
                          "value": -14
                       },
                       {
                            "ID2": 22,
                            "ID1": 21,
                          "value": -14
                       }
                     ],
   "chemical shift": [
                       {
                          "value": 1.0235,
                             "ID": 9
                       },
                       {
                          "value": 1.0235,
                             "ID": 10
                       },
                       {
                          "value": 1.0235,
                             "ID": 11
                       },
                       {
                          "value": 1.0235,
                             "ID": 12
                       },
                       {
                          "value": 1.0235,
                             "ID": 13
                       },
                       {
                          "value": 1.0235,
                             "ID": 14
                       },
                       {
                          "value": 1.7987,
                             "ID": 15
                       },
                       {
                          "value": 1.7987,
                             "ID": 16
                       },
                       {
                          "value": 1.496,
                             "ID": 17
                       },
                       {
                          "value": 1.496,
                             "ID": 18
                       },
                       {
                          "value": 3.0888,
                             "ID": 19
                       },
                       {
                          "value": 3.0888,
                             "ID": 20
                       },
                       {
                          "value": 2.8961,
                             "ID": 21
                       },
                       {
                          "value": 2.8961,
                             "ID": 22
                       }
                     ]
}
