{
       "J-coupling": [
                       {
                            "ID2": 13,
                            "ID1": 12,
                          "value": 3.380117
                       },
                       {
                            "ID2": 14,
                            "ID1": 12,
                          "value": 5.300292
                       },
                       {
                            "ID2": 16,
                            "ID1": 15,
                          "value": 14.01
                       }
                     ],
   "chemical shift": [
                       {
                          "value": 7.02806,
                             "ID": 12
                       },
                       {
                          "value": 7.07575,
                             "ID": 13
                       },
                       {
                          "value": 7.35994,
                             "ID": 14
                       },
                       {
                          "value": 4.9685,
                             "ID": 15
                       },
                       {
                          "value": 4.986,
                             "ID": 16
                       }
                     ]
}
