{
       "J-coupling": [
                       {
                            "ID2": 12,
                            "ID1": 11,
                          "value": 7.418949
                       },
                       {
                            "ID2": 13,
                            "ID1": 11,
                          "value": 7.418949
                       },
                       {
                            "ID2": 13,
                            "ID1": 12,
                          "value": 1.5
                       },
                       {
                            "ID2": 14,
                            "ID1": 12,
                          "value": 8.283774
                       },
                       {
                            "ID2": 15,
                            "ID1": 13,
                          "value": 8.283774
                       },
                       {
                            "ID2": 15,
                            "ID1": 14,
                          "value": 1.5
                       }
                     ],
   "chemical shift": [
                       {
                          "value": 7.19088,
                             "ID": 11
                       },
                       {
                          "value": 7.39184,
                             "ID": 12
                       },
                       {
                          "value": 7.39184,
                             "ID": 13
                       },
                       {
                          "value": 7.31414,
                             "ID": 14
                       },
                       {
                          "value": 7.31414,
                             "ID": 15
                       }
                     ]
}
