{
       "J-coupling": [
                       {
                            "ID2": 12,
                            "ID1": 11,
                          "value": -14
                       },
                       {
                            "ID2": 13,
                            "ID1": 11,
                          "value": -14
                       },
                       {
                            "ID2": 14,
                            "ID1": 11,
                          "value": 8.345742
                       },
                       {
                            "ID2": 15,
                            "ID1": 11,
                          "value": 8.345742
                       },
                       {
                            "ID2": 13,
                            "ID1": 12,
                          "value": -14
                       },
                       {
                            "ID2": 14,
                            "ID1": 12,
                          "value": 8.345742
                       },
                       {
                            "ID2": 15,
                            "ID1": 12,
                          "value": 8.345742
                       },
                       {
                            "ID2": 14,
                            "ID1": 13,
                          "value": 8.345742
                       },
                       {
                            "ID2": 15,
                            "ID1": 13,
                          "value": 8.345742
                       },
                       {
                            "ID2": 15,
                            "ID1": 14,
                          "value": -14
                       },
                       {
                            "ID2": 17,
                            "ID1": 16,
                          "value": 7.62593
                       },
                       {
                            "ID2": 18,
                            "ID1": 16,
                          "value": 7.62593
                       }
                     ],
   "chemical shift": [
                       {
                          "value": 1.2052,
                             "ID": 11
                       },
                       {
                          "value": 1.2052,
                             "ID": 12
                       },
                       {
                          "value": 1.2052,
                             "ID": 13
                       },
                       {
                          "value": 2.6908,
                             "ID": 14
                       },
                       {
                          "value": 2.6908,
                             "ID": 15
                       },
                       {
                          "value": 7.4735,
                             "ID": 16
                       },
                       {
                          "value": 7.59688,
                             "ID": 17
                       },
                       {
                          "value": 7.58952,
                             "ID": 18
                       },
                       {
                          "value": 7.6613,
                             "ID": 19
                       }
                     ]
}
