{
       "J-coupling": [
                       {
                            "ID2": 14,
                            "ID1": 13,
                          "value": 6.879677
                       },
                       {
                            "ID2": 15,
                            "ID1": 13,
                          "value": 6.488458
                       },
                       {
                            "ID2": 16,
                            "ID1": 14,
                          "value": 6.488458
                       },
                       {
                            "ID2": 18,
                            "ID1": 17,
                          "value": 11.2
                       }
                     ],
   "chemical shift": [
                       {
                          "value": 7.66474,
                             "ID": 13
                       },
                       {
                          "value": 7.51293,
                             "ID": 14
                       },
                       {
                          "value": 7.76194,
                             "ID": 15
                       },
                       {
                          "value": 7.6607,
                             "ID": 16
                       },
                       {
                          "value": 3.685,
                             "ID": 17
                       },
                       {
                          "value": 3.6856,
                             "ID": 18
                       }
                     ]
}
