{
       "J-coupling": [
                       {
                            "ID2": 13,
                            "ID1": 12,
                          "value": 8.572193
                       },
                       {
                            "ID2": 14,
                            "ID1": 12,
                          "value": 8.572193
                       },
                       {
                            "ID2": 15,
                            "ID1": 13,
                          "value": 2.468839
                       },
                       {
                            "ID2": 15,
                            "ID1": 14,
                          "value": 2.468839
                       }
                     ],
   "chemical shift": [
                       {
                          "value": 7.4458,
                             "ID": 12
                       },
                       {
                          "value": 7.1141,
                             "ID": 13
                       },
                       {
                          "value": 7.2681,
                             "ID": 14
                       },
                       {
                          "value": 7.1792,
                             "ID": 15
                       }
                     ]
}
