{
       "J-coupling": [
                       {
                            "ID2": 14,
                            "ID1": 13,
                          "value": -14
                       },
                       {
                            "ID2": 15,
                            "ID1": 13,
                          "value": 1.905615
                       },
                       {
                            "ID2": 15,
                            "ID1": 14,
                          "value": 1.905615
                       },
                       {
                            "ID2": 16,
                            "ID1": 15,
                          "value": 0.79
                       },
                       {
                            "ID2": 17,
                            "ID1": 15,
                          "value": 0.79
                       },
                       {
                            "ID2": 17,
                            "ID1": 16,
                          "value": 1.5
                       }
                     ],
   "chemical shift": [
                       {
                          "value": 7.12403,
                             "ID": 13
                       },
                       {
                          "value": 7.12403,
                             "ID": 14
                       },
                       {
                          "value": 7.2478,
                             "ID": 15
                       },
                       {
                          "value": 5.0338,
                             "ID": 16
                       },
                       {
                          "value": 5.0338,
                             "ID": 17
                       }
                     ]
}
