{
       "J-coupling": [
                       {
                            "ID2": 11,
                            "ID1": 10,
                          "value": -14
                       },
                       {
                            "ID2": 12,
                            "ID1": 10,
                          "value": -14
                       },
                       {
                            "ID2": 12,
                            "ID1": 11,
                          "value": -14
                       },
                       {
                            "ID2": 14,
                            "ID1": 13,
                          "value": -14
                       },
                       {
                            "ID2": 15,
                            "ID1": 13,
                          "value": -14
                       },
                       {
                            "ID2": 15,
                            "ID1": 14,
                          "value": -14
                       }
                     ],
   "chemical shift": [
                       {
                          "value": 2.3529,
                             "ID": 10
                       },
                       {
                          "value": 2.3529,
                             "ID": 11
                       },
                       {
                          "value": 2.3529,
                             "ID": 12
                       },
                       {
                          "value": 2.3219,
                             "ID": 13
                       },
                       {
                          "value": 2.3219,
                             "ID": 14
                       },
                       {
                          "value": 2.3219,
                             "ID": 15
                       },
                       {
                          "value": 7.7385,
                             "ID": 16
                       }
                     ]
}
