{
       "J-coupling": [
                       {
                            "ID2": 17,
                            "ID1": 16,
                          "value": -14
                       },
                       {
                            "ID2": 18,
                            "ID1": 16,
                          "value": -14
                       },
                       {
                            "ID2": 18,
                            "ID1": 17,
                          "value": -14
                       },
                       {
                            "ID2": 20,
                            "ID1": 19,
                          "value": 7.989255
                       },
                       {
                            "ID2": 21,
                            "ID1": 19,
                          "value": 7.989255
                       },
                       {
                            "ID2": 21,
                            "ID1": 20,
                          "value": 1.5
                       },
                       {
                            "ID2": 22,
                            "ID1": 20,
                          "value": 7.66268
                       },
                       {
                            "ID2": 23,
                            "ID1": 21,
                          "value": 7.66268
                       },
                       {
                            "ID2": 23,
                            "ID1": 22,
                          "value": 1.5
                       }
                     ],
   "chemical shift": [
                       {
                          "value": 2.3212,
                             "ID": 16
                       },
                       {
                          "value": 2.3212,
                             "ID": 17
                       },
                       {
                          "value": 2.3212,
                             "ID": 18
                       },
                       {
                          "value": 7.378,
                             "ID": 19
                       },
                       {
                          "value": 7.4533,
                             "ID": 20
                       },
                       {
                          "value": 7.4533,
                             "ID": 21
                       },
                       {
                          "value": 7.74197,
                             "ID": 22
                       },
                       {
                          "value": 7.74197,
                             "ID": 23
                       },
                       {
                          "value": 6.28049,
                             "ID": 24
                       }
                     ]
}
