{
       "J-coupling": [
                       {
                            "ID2": 13,
                            "ID1": 12,
                          "value": -14
                       },
                       {
                            "ID2": 14,
                            "ID1": 12,
                          "value": -14
                       },
                       {
                            "ID2": 14,
                            "ID1": 13,
                          "value": -14
                       },
                       {
                            "ID2": 16,
                            "ID1": 15,
                          "value": 8.124166
                       },
                       {
                            "ID2": 17,
                            "ID1": 15,
                          "value": 5.260132
                       },
                       {
                            "ID2": 17,
                            "ID1": 16,
                          "value": 1.509521
                       }
                     ],
   "chemical shift": [
                       {
                          "value": 2.4858,
                             "ID": 12
                       },
                       {
                          "value": 2.4858,
                             "ID": 13
                       },
                       {
                          "value": 2.4858,
                             "ID": 14
                       },
                       {
                          "value": 7.2078,
                             "ID": 15
                       },
                       {
                          "value": 7.8522,
                             "ID": 16
                       },
                       {
                          "value": 8.4101,
                             "ID": 17
                       }
                     ]
}
