{
       "J-coupling": [
                       {
                            "ID2": 13,
                            "ID1": 12,
                          "value": -14
                       },
                       {
                            "ID2": 14,
                            "ID1": 12,
                          "value": -14
                       },
                       {
                            "ID2": 14,
                            "ID1": 13,
                          "value": -14
                       },
                       {
                            "ID2": 16,
                            "ID1": 15,
                          "value": 1.5
                       },
                       {
                            "ID2": 17,
                            "ID1": 15,
                          "value": 9.286448
                       },
                       {
                            "ID2": 18,
                            "ID1": 16,
                          "value": 9.286448
                       },
                       {
                            "ID2": 18,
                            "ID1": 17,
                          "value": 1.5
                       }
                     ],
   "chemical shift": [
                       {
                          "value": 3.8915,
                             "ID": 12
                       },
                       {
                          "value": 3.8915,
                             "ID": 13
                       },
                       {
                          "value": 3.8915,
                             "ID": 14
                       },
                       {
                          "value": 7.8207,
                             "ID": 15
                       },
                       {
                          "value": 7.8207,
                             "ID": 16
                       },
                       {
                          "value": 7.0842,
                             "ID": 17
                       },
                       {
                          "value": 7.0842,
                             "ID": 18
                       }
                     ]
}
