{
       "J-coupling": [
                       {
                            "ID2": 12,
                            "ID1": 11,
                          "value": 7.38835
                       },
                       {
                            "ID2": 13,
                            "ID1": 11,
                          "value": 7.500381
                       },
                       {
                            "ID2": 14,
                            "ID1": 12,
                          "value": 7.363438
                       },
                       {
                            "ID2": 16,
                            "ID1": 15,
                          "value": -14
                       },
                       {
                            "ID2": 17,
                            "ID1": 15,
                          "value": 5.719012
                       },
                       {
                            "ID2": 18,
                            "ID1": 15,
                          "value": 5.719012
                       },
                       {
                            "ID2": 17,
                            "ID1": 16,
                          "value": 5.719012
                       },
                       {
                            "ID2": 18,
                            "ID1": 16,
                          "value": 5.719012
                       },
                       {
                            "ID2": 18,
                            "ID1": 17,
                          "value": -14
                       }
                     ],
   "chemical shift": [
                       {
                          "value": 7.4639,
                             "ID": 11
                       },
                       {
                          "value": 7.74501,
                             "ID": 12
                       },
                       {
                          "value": 7.7246,
                             "ID": 13
                       },
                       {
                          "value": 7.63001,
                             "ID": 14
                       },
                       {
                          "value": 3.2018,
                             "ID": 15
                       },
                       {
                          "value": 3.2018,
                             "ID": 16
                       },
                       {
                          "value": 2.7705,
                             "ID": 17
                       },
                       {
                          "value": 2.7705,
                             "ID": 18
                       }
                     ]
}
