{
       "J-coupling": [
                       {
                            "ID2": 16,
                            "ID1": 15,
                          "value": -14
                       },
                       {
                            "ID2": 17,
                            "ID1": 15,
                          "value": -14
                       },
                       {
                            "ID2": 21,
                            "ID1": 15,
                          "value": 7.584937
                       },
                       {
                            "ID2": 22,
                            "ID1": 15,
                          "value": 7.584937
                       },
                       {
                            "ID2": 17,
                            "ID1": 16,
                          "value": -14
                       },
                       {
                            "ID2": 21,
                            "ID1": 16,
                          "value": 7.584937
                       },
                       {
                            "ID2": 22,
                            "ID1": 16,
                          "value": 7.584937
                       },
                       {
                            "ID2": 21,
                            "ID1": 17,
                          "value": 7.584937
                       },
                       {
                            "ID2": 22,
                            "ID1": 17,
                          "value": 7.584937
                       },
                       {
                            "ID2": 19,
                            "ID1": 18,
                          "value": -14
                       },
                       {
                            "ID2": 20,
                            "ID1": 18,
                          "value": -14
                       },
                       {
                            "ID2": 20,
                            "ID1": 19,
                          "value": -14
                       },
                       {
                            "ID2": 22,
                            "ID1": 21,
                          "value": -14
                       }
                     ],
   "chemical shift": [
                       {
                          "value": 1.2941,
                             "ID": 15
                       },
                       {
                          "value": 1.2941,
                             "ID": 16
                       },
                       {
                          "value": 1.2941,
                             "ID": 17
                       },
                       {
                          "value": 3.82434,
                             "ID": 18
                       },
                       {
                          "value": 3.82434,
                             "ID": 19
                       },
                       {
                          "value": 3.82434,
                             "ID": 20
                       },
                       {
                          "value": 4.2671,
                             "ID": 21
                       },
                       {
                          "value": 4.2671,
                             "ID": 22
                       },
                       {
                          "value": 7.88441,
                             "ID": 23
                       }
                     ]
}
