{
       "J-coupling": [
                       {
                            "ID2": 12,
                            "ID1": 11,
                          "value": -14
                       },
                       {
                            "ID2": 13,
                            "ID1": 11,
                          "value": -14
                       },
                       {
                            "ID2": 13,
                            "ID1": 12,
                          "value": -14
                       },
                       {
                            "ID2": 15,
                            "ID1": 14,
                          "value": 2.925134
                       }
                     ],
   "chemical shift": [
                       {
                          "value": 3.833,
                             "ID": 11
                       },
                       {
                          "value": 3.833,
                             "ID": 12
                       },
                       {
                          "value": 3.833,
                             "ID": 13
                       },
                       {
                          "value": 7.73536,
                             "ID": 14
                       },
                       {
                          "value": 6.51774,
                             "ID": 15
                       }
                     ]
}
