{
       "J-coupling": [
                       {
                            "ID2": 15,
                            "ID1": 14,
                          "value": 8.631292
                       },
                       {
                            "ID2": 20,
                            "ID1": 14,
                          "value": 7.817519
                       },
                       {
                            "ID2": 21,
                            "ID1": 15,
                          "value": 7.817519
                       },
                       {
                            "ID2": 17,
                            "ID1": 16,
                          "value": -14
                       },
                       {
                            "ID2": 18,
                            "ID1": 16,
                          "value": 6.319726
                       },
                       {
                            "ID2": 19,
                            "ID1": 16,
                          "value": 6.319726
                       },
                       {
                            "ID2": 22,
                            "ID1": 16,
                          "value": 6.869796
                       },
                       {
                            "ID2": 23,
                            "ID1": 16,
                          "value": 6.869796
                       },
                       {
                            "ID2": 18,
                            "ID1": 17,
                          "value": 6.319726
                       },
                       {
                            "ID2": 19,
                            "ID1": 17,
                          "value": 6.319726
                       },
                       {
                            "ID2": 22,
                            "ID1": 17,
                          "value": 6.869796
                       },
                       {
                            "ID2": 23,
                            "ID1": 17,
                          "value": 6.869796
                       },
                       {
                            "ID2": 19,
                            "ID1": 18,
                          "value": -14
                       },
                       {
                            "ID2": 24,
                            "ID1": 18,
                          "value": 6.869796
                       },
                       {
                            "ID2": 25,
                            "ID1": 18,
                          "value": 6.869796
                       },
                       {
                            "ID2": 24,
                            "ID1": 19,
                          "value": 6.869796
                       },
                       {
                            "ID2": 25,
                            "ID1": 19,
                          "value": 6.869796
                       },
                       {
                            "ID2": 23,
                            "ID1": 22,
                          "value": -14
                       },
                       {
                            "ID2": 25,
                            "ID1": 24,
                          "value": -14
                       },
                       {
                            "ID2": 27,
                            "ID1": 26,
                          "value": -14
                       }
                     ],
   "chemical shift": [
                       {
                          "value": 7.13484,
                             "ID": 14
                       },
                       {
                          "value": 7.41557,
                             "ID": 15
                       },
                       {
                          "value": 1.9567,
                             "ID": 16
                       },
                       {
                          "value": 1.9567,
                             "ID": 17
                       },
                       {
                          "value": 1.9567,
                             "ID": 18
                       },
                       {
                          "value": 1.9567,
                             "ID": 19
                       },
                       {
                          "value": 7.33725,
                             "ID": 20
                       },
                       {
                          "value": 7.31343,
                             "ID": 21
                       },
                       {
                          "value": 3.1343,
                             "ID": 22
                       },
                       {
                          "value": 3.1343,
                             "ID": 23
                       },
                       {
                          "value": 3.1343,
                             "ID": 24
                       },
                       {
                          "value": 3.1343,
                             "ID": 25
                       },
                       {
                          "value": 4.2993,
                             "ID": 26
                       },
                       {
                          "value": 4.2993,
                             "ID": 27
                       }
                     ]
}
