{
       "J-coupling": [
                       {
                            "ID2": 18,
                            "ID1": 17,
                          "value": -14
                       },
                       {
                            "ID2": 19,
                            "ID1": 17,
                          "value": -14
                       },
                       {
                            "ID2": 20,
                            "ID1": 17,
                          "value": 7.407642
                       },
                       {
                            "ID2": 21,
                            "ID1": 17,
                          "value": 7.407642
                       },
                       {
                            "ID2": 19,
                            "ID1": 18,
                          "value": -14
                       },
                       {
                            "ID2": 20,
                            "ID1": 18,
                          "value": 7.407642
                       },
                       {
                            "ID2": 21,
                            "ID1": 18,
                          "value": 7.407642
                       },
                       {
                            "ID2": 20,
                            "ID1": 19,
                          "value": 7.407642
                       },
                       {
                            "ID2": 21,
                            "ID1": 19,
                          "value": 7.407642
                       },
                       {
                            "ID2": 21,
                            "ID1": 20,
                          "value": -14
                       },
                       {
                            "ID2": 23,
                            "ID1": 22,
                          "value": 7.883744
                       },
                       {
                            "ID2": 24,
                            "ID1": 22,
                          "value": 7.883744
                       },
                       {
                            "ID2": 24,
                            "ID1": 23,
                          "value": 1.366113
                       },
                       {
                            "ID2": 27,
                            "ID1": 23,
                          "value": 1.571463
                       },
                       {
                            "ID2": 27,
                            "ID1": 24,
                          "value": 1.571463
                       },
                       {
                            "ID2": 26,
                            "ID1": 25,
                          "value": 3.779598
                       }
                     ],
   "chemical shift": [
                       {
                          "value": 1.41199,
                             "ID": 17
                       },
                       {
                          "value": 1.41199,
                             "ID": 18
                       },
                       {
                          "value": 1.41199,
                             "ID": 19
                       },
                       {
                          "value": 4.4404,
                             "ID": 20
                       },
                       {
                          "value": 4.4404,
                             "ID": 21
                       },
                       {
                          "value": 7.67239,
                             "ID": 22
                       },
                       {
                          "value": 8.14893,
                             "ID": 23
                       },
                       {
                          "value": 8.18999,
                             "ID": 24
                       },
                       {
                          "value": 7.92274,
                             "ID": 25
                       },
                       {
                          "value": 7.6748,
                             "ID": 26
                       },
                       {
                          "value": 8.5375,
                             "ID": 27
                       }
                     ]
}
