{
       "J-coupling": [
                       {
                            "ID2": 18,
                            "ID1": 17,
                          "value": -14
                       },
                       {
                            "ID2": 19,
                            "ID1": 17,
                          "value": -14
                       },
                       {
                            "ID2": 29,
                            "ID1": 17,
                          "value": 7.384549
                       },
                       {
                            "ID2": 30,
                            "ID1": 17,
                          "value": 7.384549
                       },
                       {
                            "ID2": 19,
                            "ID1": 18,
                          "value": -14
                       },
                       {
                            "ID2": 29,
                            "ID1": 18,
                          "value": 7.384549
                       },
                       {
                            "ID2": 30,
                            "ID1": 18,
                          "value": 7.384549
                       },
                       {
                            "ID2": 29,
                            "ID1": 19,
                          "value": 7.384549
                       },
                       {
                            "ID2": 30,
                            "ID1": 19,
                          "value": 7.384549
                       },
                       {
                            "ID2": 21,
                            "ID1": 20,
                          "value": -14
                       },
                       {
                            "ID2": 22,
                            "ID1": 20,
                          "value": -14
                       },
                       {
                            "ID2": 22,
                            "ID1": 21,
                          "value": -14
                       },
                       {
                            "ID2": 24,
                            "ID1": 23,
                          "value": -14
                       },
                       {
                            "ID2": 25,
                            "ID1": 23,
                          "value": -14
                       },
                       {
                            "ID2": 25,
                            "ID1": 24,
                          "value": -14
                       },
                       {
                            "ID2": 27,
                            "ID1": 26,
                          "value": -14
                       },
                       {
                            "ID2": 28,
                            "ID1": 26,
                          "value": -14
                       },
                       {
                            "ID2": 28,
                            "ID1": 27,
                          "value": -14
                       },
                       {
                            "ID2": 30,
                            "ID1": 29,
                          "value": -14
                       }
                     ],
   "chemical shift": [
                       {
                          "value": 1.3497,
                             "ID": 17
                       },
                       {
                          "value": 1.3497,
                             "ID": 18
                       },
                       {
                          "value": 1.3497,
                             "ID": 19
                       },
                       {
                          "value": 2.60211,
                             "ID": 20
                       },
                       {
                          "value": 2.60211,
                             "ID": 21
                       },
                       {
                          "value": 2.60211,
                             "ID": 22
                       },
                       {
                          "value": 2.62925,
                             "ID": 23
                       },
                       {
                          "value": 2.62925,
                             "ID": 24
                       },
                       {
                          "value": 2.62925,
                             "ID": 25
                       },
                       {
                          "value": 2.70817,
                             "ID": 26
                       },
                       {
                          "value": 2.70817,
                             "ID": 27
                       },
                       {
                          "value": 2.70817,
                             "ID": 28
                       },
                       {
                          "value": 4.34266,
                             "ID": 29
                       },
                       {
                          "value": 4.34266,
                             "ID": 30
                       }
                     ]
}
