{
       "J-coupling": [
                       {
                            "ID2": 12,
                            "ID1": 11,
                          "value": -14
                       },
                       {
                            "ID2": 13,
                            "ID1": 11,
                          "value": -14
                       },
                       {
                            "ID2": 13,
                            "ID1": 12,
                          "value": -14
                       },
                       {
                            "ID2": 15,
                            "ID1": 14,
                          "value": 8.700072
                       },
                       {
                            "ID2": 16,
                            "ID1": 14,
                          "value": 5.231936
                       }
                     ],
   "chemical shift": [
                       {
                          "value": 2.1977,
                             "ID": 11
                       },
                       {
                          "value": 2.1977,
                             "ID": 12
                       },
                       {
                          "value": 2.1977,
                             "ID": 13
                       },
                       {
                          "value": 7.46358,
                             "ID": 14
                       },
                       {
                          "value": 7.94061,
                             "ID": 15
                       },
                       {
                          "value": 8.33284,
                             "ID": 16
                       },
                       {
                          "value": 8.58888,
                             "ID": 17
                       }
                     ]
}
