{
       "J-coupling": [
                       {
                            "ID2": 17,
                            "ID1": 16,
                          "value": 8.628061
                       },
                       {
                            "ID2": 18,
                            "ID1": 16,
                          "value": 1.5
                       }
                     ],
   "chemical shift": [
                       {
                          "value": 7.92,
                             "ID": 16
                       },
                       {
                          "value": 8.05862,
                             "ID": 17
                       },
                       {
                          "value": 8.03608,
                             "ID": 18
                       }
                     ]
}
