{
       "J-coupling": [
                       {
                            "ID2": 15,
                            "ID1": 14,
                          "value": 7
                       },
                       {
                            "ID2": 17,
                            "ID1": 14,
                          "value": 8.195565
                       },
                       {
                            "ID2": 18,
                            "ID1": 14,
                          "value": 0.780267
                       },
                       {
                            "ID2": 17,
                            "ID1": 15,
                          "value": 0.780267
                       },
                       {
                            "ID2": 18,
                            "ID1": 15,
                          "value": 8.195565
                       },
                       {
                            "ID2": 19,
                            "ID1": 16,
                          "value": 3.136237
                       },
                       {
                            "ID2": 20,
                            "ID1": 16,
                          "value": 1.885085
                       },
                       {
                            "ID2": 20,
                            "ID1": 19,
                          "value": 0.936549
                       },
                       {
                            "ID2": 22,
                            "ID1": 21,
                          "value": 11.2
                       }
                     ],
   "chemical shift": [
                       {
                          "value": 7.45716,
                             "ID": 14
                       },
                       {
                          "value": 7.4286,
                             "ID": 15
                       },
                       {
                          "value": 7.66696,
                             "ID": 16
                       },
                       {
                          "value": 7.74055,
                             "ID": 17
                       },
                       {
                          "value": 7.5449,
                             "ID": 18
                       },
                       {
                          "value": 6.75627,
                             "ID": 19
                       },
                       {
                          "value": 6.63087,
                             "ID": 20
                       },
                       {
                          "value": 4.7307,
                             "ID": 21
                       },
                       {
                          "value": 4.7406,
                             "ID": 22
                       }
                     ]
}
