{
       "J-coupling": [
                       {
                            "ID2": 11,
                            "ID1": 10,
                          "value": 4.592041
                       }
                     ],
   "chemical shift": [
                       {
                          "value": 7.67863,
                             "ID": 10
                       },
                       {
                          "value": 7.16566,
                             "ID": 11
                       },
                       {
                          "value": 7.70031,
                             "ID": 12
                       }
                     ]
}
