{
       "J-coupling": [
                       {
                            "ID2": 13,
                            "ID1": 12,
                          "value": -14
                       },
                       {
                            "ID2": 14,
                            "ID1": 12,
                          "value": -14
                       },
                       {
                            "ID2": 15,
                            "ID1": 12,
                          "value": 7.832089
                       },
                       {
                            "ID2": 16,
                            "ID1": 12,
                          "value": 7.832089
                       },
                       {
                            "ID2": 14,
                            "ID1": 13,
                          "value": -14
                       },
                       {
                            "ID2": 15,
                            "ID1": 13,
                          "value": 7.832089
                       },
                       {
                            "ID2": 16,
                            "ID1": 13,
                          "value": 7.832089
                       },
                       {
                            "ID2": 15,
                            "ID1": 14,
                          "value": 7.832089
                       },
                       {
                            "ID2": 16,
                            "ID1": 14,
                          "value": 7.832089
                       },
                       {
                            "ID2": 16,
                            "ID1": 15,
                          "value": -14
                       },
                       {
                            "ID2": 17,
                            "ID1": 15,
                          "value": 8.924045
                       },
                       {
                            "ID2": 18,
                            "ID1": 15,
                          "value": 8.924045
                       },
                       {
                            "ID2": 17,
                            "ID1": 16,
                          "value": 8.924045
                       },
                       {
                            "ID2": 18,
                            "ID1": 16,
                          "value": 8.924045
                       },
                       {
                            "ID2": 18,
                            "ID1": 17,
                          "value": -14
                       },
                       {
                            "ID2": 19,
                            "ID1": 17,
                          "value": 7.799052
                       },
                       {
                            "ID2": 20,
                            "ID1": 17,
                          "value": 7.799052
                       },
                       {
                            "ID2": 19,
                            "ID1": 18,
                          "value": 7.799052
                       },
                       {
                            "ID2": 20,
                            "ID1": 18,
                          "value": 7.799052
                       },
                       {
                            "ID2": 20,
                            "ID1": 19,
                          "value": -14
                       },
                       {
                            "ID2": 23,
                            "ID1": 22,
                          "value": 12.55
                       }
                     ],
   "chemical shift": [
                       {
                          "value": 0.88617,
                             "ID": 12
                       },
                       {
                          "value": 0.88617,
                             "ID": 13
                       },
                       {
                          "value": 0.88617,
                             "ID": 14
                       },
                       {
                          "value": 1.31008,
                             "ID": 15
                       },
                       {
                          "value": 1.31008,
                             "ID": 16
                       },
                       {
                          "value": 1.6948,
                             "ID": 17
                       },
                       {
                          "value": 1.6948,
                             "ID": 18
                       },
                       {
                          "value": 2.83782,
                             "ID": 19
                       },
                       {
                          "value": 2.83782,
                             "ID": 20
                       },
                       {
                          "value": 7.12495,
                             "ID": 21
                       },
                       {
                          "value": 4.687,
                             "ID": 22
                       },
                       {
                          "value": 4.6938,
                             "ID": 23
                       }
                     ]
}
