{
       "J-coupling": [
                       {
                            "ID2": 18,
                            "ID1": 17,
                          "value": -14
                       },
                       {
                            "ID2": 19,
                            "ID1": 17,
                          "value": -14
                       },
                       {
                            "ID2": 19,
                            "ID1": 18,
                          "value": -14
                       },
                       {
                            "ID2": 21,
                            "ID1": 20,
                          "value": -14
                       },
                       {
                            "ID2": 22,
                            "ID1": 20,
                          "value": -14
                       },
                       {
                            "ID2": 22,
                            "ID1": 21,
                          "value": -14
                       },
                       {
                            "ID2": 26,
                            "ID1": 23,
                          "value": 8.667564
                       },
                       {
                            "ID2": 27,
                            "ID1": 23,
                          "value": 9.083519
                       },
                       {
                            "ID2": 25,
                            "ID1": 24,
                          "value": -14
                       },
                       {
                            "ID2": 28,
                            "ID1": 24,
                          "value": 7.096396
                       },
                       {
                            "ID2": 29,
                            "ID1": 24,
                          "value": 7.096396
                       },
                       {
                            "ID2": 30,
                            "ID1": 24,
                          "value": 5.323802
                       },
                       {
                            "ID2": 31,
                            "ID1": 24,
                          "value": 11.926324
                       },
                       {
                            "ID2": 28,
                            "ID1": 25,
                          "value": 7.096396
                       },
                       {
                            "ID2": 29,
                            "ID1": 25,
                          "value": 7.096396
                       },
                       {
                            "ID2": 30,
                            "ID1": 25,
                          "value": 11.926324
                       },
                       {
                            "ID2": 31,
                            "ID1": 25,
                          "value": 5.323802
                       },
                       {
                            "ID2": 27,
                            "ID1": 26,
                          "value": 1.535157
                       },
                       {
                            "ID2": 29,
                            "ID1": 28,
                          "value": -14
                       },
                       {
                            "ID2": 31,
                            "ID1": 30,
                          "value": -14
                       }
                     ],
   "chemical shift": [
                       {
                          "value": 2.8773,
                             "ID": 17
                       },
                       {
                          "value": 2.8773,
                             "ID": 18
                       },
                       {
                          "value": 2.8773,
                             "ID": 19
                       },
                       {
                          "value": 2.8773,
                             "ID": 20
                       },
                       {
                          "value": 2.8773,
                             "ID": 21
                       },
                       {
                          "value": 2.8773,
                             "ID": 22
                       },
                       {
                          "value": 6.5554,
                             "ID": 23
                       },
                       {
                          "value": 2.054,
                             "ID": 24
                       },
                       {
                          "value": 2.054,
                             "ID": 25
                       },
                       {
                          "value": 16.65084,
                             "ID": 26
                       },
                       {
                          "value": 6.65429,
                             "ID": 27
                       },
                       {
                          "value": 3.3963,
                             "ID": 28
                       },
                       {
                          "value": 3.3963,
                             "ID": 29
                       },
                       {
                          "value": 3.2408,
                             "ID": 30
                       },
                       {
                          "value": 3.2408,
                             "ID": 31
                       }
                     ]
}
