{
       "J-coupling": [
                       {
                            "ID2": 12,
                            "ID1": 11,
                          "value": 1.5
                       },
                       {
                            "ID2": 14,
                            "ID1": 13,
                          "value": 11.11
                       }
                     ],
   "chemical shift": [
                       {
                          "value": 7.4411,
                             "ID": 11
                       },
                       {
                          "value": 7.4411,
                             "ID": 12
                       },
                       {
                          "value": 4.5253,
                             "ID": 13
                       },
                       {
                          "value": 4.525,
                             "ID": 14
                       }
                     ]
}
