{
       "J-coupling": [
                       {
                            "ID2": 18,
                            "ID1": 17,
                          "value": -14
                       },
                       {
                            "ID2": 19,
                            "ID1": 17,
                          "value": -14
                       },
                       {
                            "ID2": 19,
                            "ID1": 18,
                          "value": -14
                       },
                       {
                            "ID2": 25,
                            "ID1": 20,
                          "value": 9.937441
                       },
                       {
                            "ID2": 22,
                            "ID1": 21,
                          "value": 1.5
                       },
                       {
                            "ID2": 23,
                            "ID1": 21,
                          "value": 7.284912
                       },
                       {
                            "ID2": 24,
                            "ID1": 22,
                          "value": 7.284912
                       },
                       {
                            "ID2": 24,
                            "ID1": 23,
                          "value": 1.5
                       },
                       {
                            "ID2": 27,
                            "ID1": 26,
                          "value": -14
                       }
                     ],
   "chemical shift": [
                       {
                          "value": 2.3663,
                             "ID": 17
                       },
                       {
                          "value": 2.3663,
                             "ID": 18
                       },
                       {
                          "value": 2.3663,
                             "ID": 19
                       },
                       {
                          "value": 7.04964,
                             "ID": 20
                       },
                       {
                          "value": 7.2635,
                             "ID": 21
                       },
                       {
                          "value": 7.2635,
                             "ID": 22
                       },
                       {
                          "value": 7.3983,
                             "ID": 23
                       },
                       {
                          "value": 7.3983,
                             "ID": 24
                       },
                       {
                          "value": 7.48361,
                             "ID": 25
                       },
                       {
                          "value": 5.3025,
                             "ID": 26
                       },
                       {
                          "value": 5.3025,
                             "ID": 27
                       }
                     ]
}
