{
       "J-coupling": [
                       {
                            "ID2": 14,
                            "ID1": 13,
                          "value": 1.5
                       }
                     ],
   "chemical shift": [
                       {
                          "value": 7.9751,
                             "ID": 13
                       },
                       {
                          "value": 8.2277,
                             "ID": 14
                       }
                     ]
}
