{
       "J-coupling": [
                       {
                            "ID2": 16,
                            "ID1": 15,
                          "value": -14
                       },
                       {
                            "ID2": 17,
                            "ID1": 15,
                          "value": -14
                       },
                       {
                            "ID2": 26,
                            "ID1": 15,
                          "value": 6.881437
                       },
                       {
                            "ID2": 17,
                            "ID1": 16,
                          "value": -14
                       },
                       {
                            "ID2": 26,
                            "ID1": 16,
                          "value": 6.881437
                       },
                       {
                            "ID2": 26,
                            "ID1": 17,
                          "value": 6.881437
                       },
                       {
                            "ID2": 19,
                            "ID1": 18,
                          "value": -14
                       },
                       {
                            "ID2": 20,
                            "ID1": 18,
                          "value": -14
                       },
                       {
                            "ID2": 26,
                            "ID1": 18,
                          "value": 6.881437
                       },
                       {
                            "ID2": 20,
                            "ID1": 19,
                          "value": -14
                       },
                       {
                            "ID2": 26,
                            "ID1": 19,
                          "value": 6.881437
                       },
                       {
                            "ID2": 26,
                            "ID1": 20,
                          "value": 6.881437
                       },
                       {
                            "ID2": 22,
                            "ID1": 21,
                          "value": -14
                       },
                       {
                            "ID2": 23,
                            "ID1": 21,
                          "value": -14
                       },
                       {
                            "ID2": 23,
                            "ID1": 22,
                          "value": -14
                       }
                     ],
   "chemical shift": [
                       {
                          "value": 1.29119,
                             "ID": 15
                       },
                       {
                          "value": 1.29119,
                             "ID": 16
                       },
                       {
                          "value": 1.29119,
                             "ID": 17
                       },
                       {
                          "value": 1.29119,
                             "ID": 18
                       },
                       {
                          "value": 1.29119,
                             "ID": 19
                       },
                       {
                          "value": 1.29119,
                             "ID": 20
                       },
                       {
                          "value": 2.3663,
                             "ID": 21
                       },
                       {
                          "value": 2.3663,
                             "ID": 22
                       },
                       {
                          "value": 2.3663,
                             "ID": 23
                       },
                       {
                          "value": 7.6219,
                             "ID": 24
                       },
                       {
                          "value": 8.3934,
                             "ID": 25
                       },
                       {
                          "value": 4.3372,
                             "ID": 26
                       }
                     ]
}
