{
       "J-coupling": [
                       {
                            "ID2": 11,
                            "ID1": 10,
                          "value": -14
                       },
                       {
                            "ID2": 12,
                            "ID1": 10,
                          "value": -14
                       },
                       {
                            "ID2": 13,
                            "ID1": 10,
                          "value": 7.995764
                       },
                       {
                            "ID2": 14,
                            "ID1": 10,
                          "value": 7.995764
                       },
                       {
                            "ID2": 12,
                            "ID1": 11,
                          "value": -14
                       },
                       {
                            "ID2": 13,
                            "ID1": 11,
                          "value": 7.995764
                       },
                       {
                            "ID2": 14,
                            "ID1": 11,
                          "value": 7.995764
                       },
                       {
                            "ID2": 13,
                            "ID1": 12,
                          "value": 7.995764
                       },
                       {
                            "ID2": 14,
                            "ID1": 12,
                          "value": 7.995764
                       },
                       {
                            "ID2": 14,
                            "ID1": 13,
                          "value": -14
                       },
                       {
                            "ID2": 15,
                            "ID1": 13,
                          "value": 8.026084
                       },
                       {
                            "ID2": 16,
                            "ID1": 13,
                          "value": 8.026084
                       },
                       {
                            "ID2": 15,
                            "ID1": 14,
                          "value": 8.026084
                       },
                       {
                            "ID2": 16,
                            "ID1": 14,
                          "value": 8.026084
                       },
                       {
                            "ID2": 16,
                            "ID1": 15,
                          "value": -14
                       }
                     ],
   "chemical shift": [
                       {
                          "value": 0.88734,
                             "ID": 10
                       },
                       {
                          "value": 0.88734,
                             "ID": 11
                       },
                       {
                          "value": 0.88734,
                             "ID": 12
                       },
                       {
                          "value": 1.59519,
                             "ID": 13
                       },
                       {
                          "value": 1.59519,
                             "ID": 14
                       },
                       {
                          "value": 2.521,
                             "ID": 15
                       },
                       {
                          "value": 2.521,
                             "ID": 16
                       },
                       {
                          "value": 5.5855,
                             "ID": 17
                       }
                     ]
}
