{
       "J-coupling": [
                       {
                            "ID2": 14,
                            "ID1": 13,
                          "value": 1.5
                       },
                       {
                            "ID2": 15,
                            "ID1": 13,
                          "value": 8.272119
                       },
                       {
                            "ID2": 16,
                            "ID1": 14,
                          "value": 8.272119
                       },
                       {
                            "ID2": 16,
                            "ID1": 15,
                          "value": 1.5
                       },
                       {
                            "ID2": 18,
                            "ID1": 17,
                          "value": 11.11
                       }
                     ],
   "chemical shift": [
                       {
                          "value": 7.5485,
                             "ID": 13
                       },
                       {
                          "value": 7.5485,
                             "ID": 14
                       },
                       {
                          "value": 7.7323,
                             "ID": 15
                       },
                       {
                          "value": 7.7323,
                             "ID": 16
                       },
                       {
                          "value": 4.456,
                             "ID": 17
                       },
                       {
                          "value": 4.4542,
                             "ID": 18
                       }
                     ]
}
