{
       "J-coupling": [
                       {
                            "ID2": 20,
                            "ID1": 19,
                          "value": -14
                       },
                       {
                            "ID2": 21,
                            "ID1": 19,
                          "value": -14
                       },
                       {
                            "ID2": 21,
                            "ID1": 20,
                          "value": -14
                       },
                       {
                            "ID2": 23,
                            "ID1": 22,
                          "value": 1.5
                       },
                       {
                            "ID2": 24,
                            "ID1": 22,
                          "value": 8.429487
                       },
                       {
                            "ID2": 25,
                            "ID1": 23,
                          "value": 8.429487
                       },
                       {
                            "ID2": 25,
                            "ID1": 24,
                          "value": 1.5
                       }
                     ],
   "chemical shift": [
                       {
                          "value": 2.708,
                             "ID": 19
                       },
                       {
                          "value": 2.708,
                             "ID": 20
                       },
                       {
                          "value": 2.708,
                             "ID": 21
                       },
                       {
                          "value": 8.1665,
                             "ID": 22
                       },
                       {
                          "value": 8.1665,
                             "ID": 23
                       },
                       {
                          "value": 7.8904,
                             "ID": 24
                       },
                       {
                          "value": 7.8904,
                             "ID": 25
                       },
                       {
                          "value": 8.6106,
                             "ID": 26
                       }
                     ]
}
