{
       "J-coupling": [
                       {
                            "ID2": 11,
                            "ID1": 10,
                          "value": 7
                       },
                       {
                            "ID2": 14,
                            "ID1": 10,
                          "value": 3.361188
                       },
                       {
                            "ID2": 15,
                            "ID1": 11,
                          "value": 3.361188
                       },
                       {
                            "ID2": 13,
                            "ID1": 12,
                          "value": 9.96
                       },
                       {
                            "ID2": 16,
                            "ID1": 12,
                          "value": 6.374902
                       },
                       {
                            "ID2": 17,
                            "ID1": 12,
                          "value": 6.374902
                       },
                       {
                            "ID2": 16,
                            "ID1": 13,
                          "value": 6.374902
                       },
                       {
                            "ID2": 17,
                            "ID1": 13,
                          "value": 6.374902
                       },
                       {
                            "ID2": 15,
                            "ID1": 14,
                          "value": 1.5
                       },
                       {
                            "ID2": 17,
                            "ID1": 16,
                          "value": -14
                       }
                     ],
   "chemical shift": [
                       {
                          "value": 6.22243,
                             "ID": 10
                       },
                       {
                          "value": 6.22243,
                             "ID": 11
                       },
                       {
                          "value": 2.95024,
                             "ID": 12
                       },
                       {
                          "value": 2.9501,
                             "ID": 13
                       },
                       {
                          "value": 6.90859,
                             "ID": 14
                       },
                       {
                          "value": 6.90859,
                             "ID": 15
                       },
                       {
                          "value": 4.26769,
                             "ID": 16
                       },
                       {
                          "value": 4.26769,
                             "ID": 17
                       }
                     ]
}
