{
       "J-coupling": [
                       {
                            "ID2": 12,
                            "ID1": 11,
                          "value": 1.5
                       },
                       {
                            "ID2": 13,
                            "ID1": 11,
                          "value": 9.1
                       },
                       {
                            "ID2": 14,
                            "ID1": 12,
                          "value": 9.1
                       },
                       {
                            "ID2": 14,
                            "ID1": 13,
                          "value": 1.5
                       },
                       {
                            "ID2": 16,
                            "ID1": 15,
                          "value": -14
                       },
                       {
                            "ID2": 17,
                            "ID1": 15,
                          "value": 7.066726
                       },
                       {
                            "ID2": 18,
                            "ID1": 15,
                          "value": 7.066726
                       },
                       {
                            "ID2": 17,
                            "ID1": 16,
                          "value": 7.066726
                       },
                       {
                            "ID2": 18,
                            "ID1": 16,
                          "value": 7.066726
                       },
                       {
                            "ID2": 18,
                            "ID1": 17,
                          "value": -14
                       }
                     ],
   "chemical shift": [
                       {
                          "value": 7.0868,
                             "ID": 11
                       },
                       {
                          "value": 7.0868,
                             "ID": 12
                       },
                       {
                          "value": 7.2848,
                             "ID": 13
                       },
                       {
                          "value": 7.2848,
                             "ID": 14
                       },
                       {
                          "value": 2.83225,
                             "ID": 15
                       },
                       {
                          "value": 2.83225,
                             "ID": 16
                       },
                       {
                          "value": 3.81078,
                             "ID": 17
                       },
                       {
                          "value": 3.81078,
                             "ID": 18
                       }
                     ]
}
