{
       "J-coupling": [
                       {
                            "ID2": 13,
                            "ID1": 12,
                          "value": -14
                       },
                       {
                            "ID2": 14,
                            "ID1": 12,
                          "value": -14
                       },
                       {
                            "ID2": 14,
                            "ID1": 13,
                          "value": -14
                       },
                       {
                            "ID2": 16,
                            "ID1": 15,
                          "value": 11.156575
                       },
                       {
                            "ID2": 17,
                            "ID1": 15,
                          "value": 2.136928
                       }
                     ],
   "chemical shift": [
                       {
                          "value": 2.6406,
                             "ID": 12
                       },
                       {
                          "value": 2.6406,
                             "ID": 13
                       },
                       {
                          "value": 2.6406,
                             "ID": 14
                       },
                       {
                          "value": 7.8965,
                             "ID": 15
                       },
                       {
                          "value": 7.409,
                             "ID": 16
                       },
                       {
                          "value": 7.8558,
                             "ID": 17
                       }
                     ]
}
