{
       "J-coupling": [
                       {
                            "ID2": 15,
                            "ID1": 14,
                          "value": -14
                       },
                       {
                            "ID2": 16,
                            "ID1": 14,
                          "value": -14
                       },
                       {
                            "ID2": 16,
                            "ID1": 15,
                          "value": -14
                       },
                       {
                            "ID2": 18,
                            "ID1": 17,
                          "value": 8.287865
                       },
                       {
                            "ID2": 19,
                            "ID1": 17,
                          "value": 7.961797
                       },
                       {
                            "ID2": 19,
                            "ID1": 18,
                          "value": 1.035893
                       },
                       {
                            "ID2": 22,
                            "ID1": 18,
                          "value": 2.038237
                       },
                       {
                            "ID2": 22,
                            "ID1": 19,
                          "value": 1.549676
                       },
                       {
                            "ID2": 21,
                            "ID1": 20,
                          "value": 2.533042
                       }
                     ],
   "chemical shift": [
                       {
                          "value": 3.91392,
                             "ID": 14
                       },
                       {
                          "value": 3.91392,
                             "ID": 15
                       },
                       {
                          "value": 3.91392,
                             "ID": 16
                       },
                       {
                          "value": 7.3003,
                             "ID": 17
                       },
                       {
                          "value": 6.8451,
                             "ID": 18
                       },
                       {
                          "value": 7.23373,
                             "ID": 19
                       },
                       {
                          "value": 6.67364,
                             "ID": 20
                       },
                       {
                          "value": 7.64999,
                             "ID": 21
                       },
                       {
                          "value": 7.21814,
                             "ID": 22
                       }
                     ]
}
