{
       "J-coupling": [
                       {
                            "ID2": 15,
                            "ID1": 14,
                          "value": -14
                       },
                       {
                            "ID2": 16,
                            "ID1": 14,
                          "value": -14
                       },
                       {
                            "ID2": 16,
                            "ID1": 15,
                          "value": -14
                       },
                       {
                            "ID2": 18,
                            "ID1": 17,
                          "value": -14
                       },
                       {
                            "ID2": 19,
                            "ID1": 17,
                          "value": 6.016949
                       },
                       {
                            "ID2": 20,
                            "ID1": 17,
                          "value": 6.016949
                       },
                       {
                            "ID2": 21,
                            "ID1": 17,
                          "value": 6.809061
                       },
                       {
                            "ID2": 22,
                            "ID1": 17,
                          "value": 6.809061
                       },
                       {
                            "ID2": 19,
                            "ID1": 18,
                          "value": 6.016949
                       },
                       {
                            "ID2": 20,
                            "ID1": 18,
                          "value": 6.016949
                       },
                       {
                            "ID2": 21,
                            "ID1": 18,
                          "value": 6.809061
                       },
                       {
                            "ID2": 22,
                            "ID1": 18,
                          "value": 6.809061
                       },
                       {
                            "ID2": 20,
                            "ID1": 19,
                          "value": -14
                       },
                       {
                            "ID2": 22,
                            "ID1": 21,
                          "value": -14
                       },
                       {
                            "ID2": 24,
                            "ID1": 23,
                          "value": 8.291375
                       },
                       {
                            "ID2": 25,
                            "ID1": 24,
                          "value": 2.389683
                       }
                     ],
   "chemical shift": [
                       {
                          "value": 3.8561,
                             "ID": 14
                       },
                       {
                          "value": 3.8561,
                             "ID": 15
                       },
                       {
                          "value": 3.8561,
                             "ID": 16
                       },
                       {
                          "value": 2.09548,
                             "ID": 17
                       },
                       {
                          "value": 2.09548,
                             "ID": 18
                       },
                       {
                          "value": 2.68536,
                             "ID": 19
                       },
                       {
                          "value": 2.68536,
                             "ID": 20
                       },
                       {
                          "value": 2.92994,
                             "ID": 21
                       },
                       {
                          "value": 2.92994,
                             "ID": 22
                       },
                       {
                          "value": 7.34922,
                             "ID": 23
                       },
                       {
                          "value": 7.23098,
                             "ID": 24
                       },
                       {
                          "value": 7.48111,
                             "ID": 25
                       }
                     ]
}
