{
       "J-coupling": [
                       {
                            "ID2": 13,
                            "ID1": 12,
                          "value": -14
                       },
                       {
                            "ID2": 14,
                            "ID1": 12,
                          "value": 4.195242
                       },
                       {
                            "ID2": 15,
                            "ID1": 12,
                          "value": 4.124863
                       },
                       {
                            "ID2": 14,
                            "ID1": 13,
                          "value": 4.124863
                       },
                       {
                            "ID2": 15,
                            "ID1": 13,
                          "value": 4.195242
                       },
                       {
                            "ID2": 15,
                            "ID1": 14,
                          "value": -25.982364
                       }
                     ],
   "chemical shift": [
                       {
                          "value": 4.4067,
                             "ID": 12
                       },
                       {
                          "value": 4.4067,
                             "ID": 13
                       },
                       {
                          "value": 4.304,
                             "ID": 14
                       },
                       {
                          "value": 4.2923,
                             "ID": 15
                       },
                       {
                          "value": 6.8907,
                             "ID": 16
                       }
                     ]
}
