{
       "J-coupling": [
                       {
                            "ID2": 18,
                            "ID1": 17,
                          "value": -14
                       },
                       {
                            "ID2": 21,
                            "ID1": 17,
                          "value": 5.936027
                       },
                       {
                            "ID2": 22,
                            "ID1": 17,
                          "value": 5.936027
                       },
                       {
                            "ID2": 23,
                            "ID1": 17,
                          "value": 5.936027
                       },
                       {
                            "ID2": 24,
                            "ID1": 17,
                          "value": 5.936027
                       },
                       {
                            "ID2": 21,
                            "ID1": 18,
                          "value": 5.936027
                       },
                       {
                            "ID2": 22,
                            "ID1": 18,
                          "value": 5.936027
                       },
                       {
                            "ID2": 23,
                            "ID1": 18,
                          "value": 5.936027
                       },
                       {
                            "ID2": 24,
                            "ID1": 18,
                          "value": 5.936027
                       },
                       {
                            "ID2": 20,
                            "ID1": 19,
                          "value": 7
                       },
                       {
                            "ID2": 25,
                            "ID1": 19,
                          "value": 7.5933
                       },
                       {
                            "ID2": 26,
                            "ID1": 19,
                          "value": 1.5
                       },
                       {
                            "ID2": 25,
                            "ID1": 20,
                          "value": 1.5
                       },
                       {
                            "ID2": 26,
                            "ID1": 20,
                          "value": 7.5933
                       },
                       {
                            "ID2": 22,
                            "ID1": 21,
                          "value": -14
                       },
                       {
                            "ID2": 27,
                            "ID1": 21,
                          "value": 5.936027
                       },
                       {
                            "ID2": 28,
                            "ID1": 21,
                          "value": 5.936027
                       },
                       {
                            "ID2": 27,
                            "ID1": 22,
                          "value": 5.936027
                       },
                       {
                            "ID2": 28,
                            "ID1": 22,
                          "value": 5.936027
                       },
                       {
                            "ID2": 24,
                            "ID1": 23,
                          "value": -14
                       },
                       {
                            "ID2": 29,
                            "ID1": 23,
                          "value": 5.936027
                       },
                       {
                            "ID2": 30,
                            "ID1": 23,
                          "value": 5.936027
                       },
                       {
                            "ID2": 29,
                            "ID1": 24,
                          "value": 5.936027
                       },
                       {
                            "ID2": 30,
                            "ID1": 24,
                          "value": 5.936027
                       },
                       {
                            "ID2": 28,
                            "ID1": 27,
                          "value": -14
                       },
                       {
                            "ID2": 30,
                            "ID1": 29,
                          "value": -14
                       },
                       {
                            "ID2": 33,
                            "ID1": 32,
                          "value": -14
                       }
                     ],
   "chemical shift": [
                       {
                          "value": 1.6566,
                             "ID": 17
                       },
                       {
                          "value": 1.6566,
                             "ID": 18
                       },
                       {
                          "value": 7.71911,
                             "ID": 19
                       },
                       {
                          "value": 7.71911,
                             "ID": 20
                       },
                       {
                          "value": 1.77007,
                             "ID": 21
                       },
                       {
                          "value": 1.77007,
                             "ID": 22
                       },
                       {
                          "value": 1.77007,
                             "ID": 23
                       },
                       {
                          "value": 1.77007,
                             "ID": 24
                       },
                       {
                          "value": 7.3784,
                             "ID": 25
                       },
                       {
                          "value": 7.3784,
                             "ID": 26
                       },
                       {
                          "value": 3.15264,
                             "ID": 27
                       },
                       {
                          "value": 3.15264,
                             "ID": 28
                       },
                       {
                          "value": 3.15264,
                             "ID": 29
                       },
                       {
                          "value": 3.15264,
                             "ID": 30
                       },
                       {
                          "value": 8.2607,
                             "ID": 31
                       },
                       {
                          "value": 4.75563,
                             "ID": 32
                       },
                       {
                          "value": 4.75563,
                             "ID": 33
                       }
                     ]
}
