{
       "J-coupling": [
                       {
                            "ID2": 13,
                            "ID1": 12,
                          "value": 8.323771
                       },
                       {
                            "ID2": 14,
                            "ID1": 12,
                          "value": 8.528251
                       },
                       {
                            "ID2": 15,
                            "ID1": 13,
                          "value": 8.528251
                       },
                       {
                            "ID2": 15,
                            "ID1": 14,
                          "value": 0.5
                       },
                       {
                            "ID2": 17,
                            "ID1": 16,
                          "value": -14
                       }
                     ],
   "chemical shift": [
                       {
                          "value": 7.46701,
                             "ID": 12
                       },
                       {
                          "value": 7.50523,
                             "ID": 13
                       },
                       {
                          "value": 8.01426,
                             "ID": 14
                       },
                       {
                          "value": 7.93246,
                             "ID": 15
                       },
                       {
                          "value": 4.9091,
                             "ID": 16
                       },
                       {
                          "value": 4.9091,
                             "ID": 17
                       },
                       {
                          "value": 7.5971,
                             "ID": 18
                       }
                     ]
}
