{
       "J-coupling": [
                       {
                            "ID2": 16,
                            "ID1": 15,
                          "value": -14
                       },
                       {
                            "ID2": 17,
                            "ID1": 15,
                          "value": -14
                       },
                       {
                            "ID2": 17,
                            "ID1": 16,
                          "value": -14
                       },
                       {
                            "ID2": 19,
                            "ID1": 18,
                          "value": 3.55764
                       },
                       {
                            "ID2": 20,
                            "ID1": 18,
                          "value": 5.404812
                       }
                     ],
   "chemical shift": [
                       {
                          "value": 2.5247,
                             "ID": 15
                       },
                       {
                          "value": 2.5247,
                             "ID": 16
                       },
                       {
                          "value": 2.5247,
                             "ID": 17
                       },
                       {
                          "value": 7.11673,
                             "ID": 18
                       },
                       {
                          "value": 7.34558,
                             "ID": 19
                       },
                       {
                          "value": 7.39027,
                             "ID": 20
                       },
                       {
                          "value": 6.7327,
                             "ID": 21
                       }
                     ]
}
