{
       "J-coupling": [
                       {
                            "ID2": 11,
                            "ID1": 10,
                          "value": 8.500046
                       },
                       {
                            "ID2": 14,
                            "ID1": 10,
                          "value": 5.393811
                       },
                       {
                            "ID2": 17,
                            "ID1": 10,
                          "value": 0.5
                       },
                       {
                            "ID2": 17,
                            "ID1": 11,
                          "value": 1.5
                       },
                       {
                            "ID2": 13,
                            "ID1": 12,
                          "value": -14
                       },
                       {
                            "ID2": 15,
                            "ID1": 12,
                          "value": 6.926255
                       },
                       {
                            "ID2": 16,
                            "ID1": 12,
                          "value": 6.926255
                       },
                       {
                            "ID2": 15,
                            "ID1": 13,
                          "value": 6.926255
                       },
                       {
                            "ID2": 16,
                            "ID1": 13,
                          "value": 6.926255
                       },
                       {
                            "ID2": 17,
                            "ID1": 14,
                          "value": 0.4
                       },
                       {
                            "ID2": 16,
                            "ID1": 15,
                          "value": -14
                       }
                     ],
   "chemical shift": [
                       {
                          "value": 7.41601,
                             "ID": 10
                       },
                       {
                          "value": 7.78429,
                             "ID": 11
                       },
                       {
                          "value": 2.887,
                             "ID": 12
                       },
                       {
                          "value": 2.887,
                             "ID": 13
                       },
                       {
                          "value": 8.3912,
                             "ID": 14
                       },
                       {
                          "value": 3.8513,
                             "ID": 15
                       },
                       {
                          "value": 3.8513,
                             "ID": 16
                       },
                       {
                          "value": 8.4401,
                             "ID": 17
                       }
                     ]
}
