{
       "J-coupling": [
                       {
                            "ID2": 12,
                            "ID1": 11,
                          "value": 7.433669
                       },
                       {
                            "ID2": 13,
                            "ID1": 11,
                          "value": 8.736908
                       },
                       {
                            "ID2": 14,
                            "ID1": 11,
                          "value": 1.5
                       },
                       {
                            "ID2": 13,
                            "ID1": 12,
                          "value": 1.5
                       },
                       {
                            "ID2": 14,
                            "ID1": 12,
                          "value": 8.736908
                       },
                       {
                            "ID2": 14,
                            "ID1": 13,
                          "value": 0.5
                       },
                       {
                            "ID2": 16,
                            "ID1": 15,
                          "value": 0.4
                       }
                     ],
   "chemical shift": [
                       {
                          "value": 7.83899,
                             "ID": 11
                       },
                       {
                          "value": 8.10968,
                             "ID": 12
                       },
                       {
                          "value": 8.17937,
                             "ID": 13
                       },
                       {
                          "value": 8.05935,
                             "ID": 14
                       },
                       {
                          "value": 9.21343,
                             "ID": 15
                       },
                       {
                          "value": 9.55812,
                             "ID": 16
                       }
                     ]
}
