{
       "J-coupling": [
                       {
                            "ID2": 12,
                            "ID1": 11,
                          "value": -14
                       },
                       {
                            "ID2": 13,
                            "ID1": 11,
                          "value": 6.502762
                       },
                       {
                            "ID2": 14,
                            "ID1": 11,
                          "value": 6.502762
                       },
                       {
                            "ID2": 16,
                            "ID1": 11,
                          "value": 7.125202
                       },
                       {
                            "ID2": 17,
                            "ID1": 11,
                          "value": 7.125202
                       },
                       {
                            "ID2": 13,
                            "ID1": 12,
                          "value": 6.502762
                       },
                       {
                            "ID2": 14,
                            "ID1": 12,
                          "value": 6.502762
                       },
                       {
                            "ID2": 16,
                            "ID1": 12,
                          "value": 7.125202
                       },
                       {
                            "ID2": 17,
                            "ID1": 12,
                          "value": 7.125202
                       },
                       {
                            "ID2": 14,
                            "ID1": 13,
                          "value": -14
                       },
                       {
                            "ID2": 18,
                            "ID1": 13,
                          "value": 7.125202
                       },
                       {
                            "ID2": 19,
                            "ID1": 13,
                          "value": 7.125202
                       },
                       {
                            "ID2": 18,
                            "ID1": 14,
                          "value": 7.125202
                       },
                       {
                            "ID2": 19,
                            "ID1": 14,
                          "value": 7.125202
                       },
                       {
                            "ID2": 20,
                            "ID1": 15,
                          "value": 3.678002
                       },
                       {
                            "ID2": 17,
                            "ID1": 16,
                          "value": -14
                       },
                       {
                            "ID2": 19,
                            "ID1": 18,
                          "value": -14
                       }
                     ],
   "chemical shift": [
                       {
                          "value": 2.0389,
                             "ID": 11
                       },
                       {
                          "value": 2.0389,
                             "ID": 12
                       },
                       {
                          "value": 2.0389,
                             "ID": 13
                       },
                       {
                          "value": 2.0389,
                             "ID": 14
                       },
                       {
                          "value": 7.11252,
                             "ID": 15
                       },
                       {
                          "value": 3.4171,
                             "ID": 16
                       },
                       {
                          "value": 3.4171,
                             "ID": 17
                       },
                       {
                          "value": 3.4171,
                             "ID": 18
                       },
                       {
                          "value": 3.4171,
                             "ID": 19
                       },
                       {
                          "value": 6.63282,
                             "ID": 20
                       }
                     ]
}
