{
       "J-coupling": [
                       {
                            "ID2": 11,
                            "ID1": 10,
                          "value": -14
                       },
                       {
                            "ID2": 12,
                            "ID1": 10,
                          "value": -14
                       },
                       {
                            "ID2": 12,
                            "ID1": 11,
                          "value": -14
                       },
                       {
                            "ID2": 14,
                            "ID1": 13,
                          "value": -14
                       },
                       {
                            "ID2": 15,
                            "ID1": 13,
                          "value": -14
                       },
                       {
                            "ID2": 15,
                            "ID1": 14,
                          "value": -14
                       },
                       {
                            "ID2": 17,
                            "ID1": 16,
                          "value": -9.317362
                       }
                     ],
   "chemical shift": [
                       {
                          "value": 1.0115,
                             "ID": 10
                       },
                       {
                          "value": 1.0115,
                             "ID": 11
                       },
                       {
                          "value": 1.0115,
                             "ID": 12
                       },
                       {
                          "value": 1.1836,
                             "ID": 13
                       },
                       {
                          "value": 1.1836,
                             "ID": 14
                       },
                       {
                          "value": 1.1836,
                             "ID": 15
                       },
                       {
                          "value": 4.09221,
                             "ID": 16
                       },
                       {
                          "value": 4.137,
                             "ID": 17
                       },
                       {
                          "value": 4.3737,
                             "ID": 18
                       }
                     ]
}
