{
       "J-coupling": [
                       {
                            "ID2": 18,
                            "ID1": 17,
                          "value": -14
                       },
                       {
                            "ID2": 19,
                            "ID1": 17,
                          "value": -14
                       },
                       {
                            "ID2": 19,
                            "ID1": 18,
                          "value": -14
                       },
                       {
                            "ID2": 21,
                            "ID1": 20,
                          "value": 1.5
                       },
                       {
                            "ID2": 22,
                            "ID1": 20,
                          "value": 7.805469
                       },
                       {
                            "ID2": 23,
                            "ID1": 21,
                          "value": 7.805469
                       },
                       {
                            "ID2": 23,
                            "ID1": 22,
                          "value": 1.5
                       },
                       {
                            "ID2": 25,
                            "ID1": 24,
                          "value": -14
                       },
                       {
                            "ID2": 28,
                            "ID1": 24,
                          "value": 5.76
                       },
                       {
                            "ID2": 29,
                            "ID1": 24,
                          "value": 5.76
                       },
                       {
                            "ID2": 28,
                            "ID1": 25,
                          "value": 5.76
                       },
                       {
                            "ID2": 29,
                            "ID1": 25,
                          "value": 5.76
                       },
                       {
                            "ID2": 27,
                            "ID1": 26,
                          "value": -14
                       },
                       {
                            "ID2": 30,
                            "ID1": 26,
                          "value": 5.76
                       },
                       {
                            "ID2": 31,
                            "ID1": 26,
                          "value": 5.76
                       },
                       {
                            "ID2": 30,
                            "ID1": 27,
                          "value": 5.76
                       },
                       {
                            "ID2": 31,
                            "ID1": 27,
                          "value": 5.76
                       },
                       {
                            "ID2": 29,
                            "ID1": 28,
                          "value": -14
                       },
                       {
                            "ID2": 31,
                            "ID1": 30,
                          "value": -14
                       },
                       {
                            "ID2": 33,
                            "ID1": 32,
                          "value": 10.22
                       },
                       {
                            "ID2": 35,
                            "ID1": 34,
                          "value": 11.11
                       }
                     ],
   "chemical shift": [
                       {
                          "value": 2.67988,
                             "ID": 17
                       },
                       {
                          "value": 2.67988,
                             "ID": 18
                       },
                       {
                          "value": 2.67988,
                             "ID": 19
                       },
                       {
                          "value": 7.4133,
                             "ID": 20
                       },
                       {
                          "value": 7.4133,
                             "ID": 21
                       },
                       {
                          "value": 7.39462,
                             "ID": 22
                       },
                       {
                          "value": 7.39462,
                             "ID": 23
                       },
                       {
                          "value": 3.6845,
                             "ID": 24
                       },
                       {
                          "value": 3.6845,
                             "ID": 25
                       },
                       {
                          "value": 3.6845,
                             "ID": 26
                       },
                       {
                          "value": 3.6845,
                             "ID": 27
                       },
                       {
                          "value": 3.6845,
                             "ID": 28
                       },
                       {
                          "value": 3.6845,
                             "ID": 29
                       },
                       {
                          "value": 3.6845,
                             "ID": 30
                       },
                       {
                          "value": 3.6845,
                             "ID": 31
                       },
                       {
                          "value": 3.5617,
                             "ID": 32
                       },
                       {
                          "value": 3.5616,
                             "ID": 33
                       },
                       {
                          "value": 4.4486,
                             "ID": 34
                       },
                       {
                          "value": 4.4484,
                             "ID": 35
                       }
                     ]
}
