{
       "J-coupling": [
                       {
                            "ID2": 16,
                            "ID1": 15,
                          "value": 1.5
                       },
                       {
                            "ID2": 17,
                            "ID1": 15,
                          "value": 9.311102
                       },
                       {
                            "ID2": 18,
                            "ID1": 16,
                          "value": 9.311102
                       },
                       {
                            "ID2": 18,
                            "ID1": 17,
                          "value": 1.5
                       },
                       {
                            "ID2": 20,
                            "ID1": 19,
                          "value": -14
                       },
                       {
                            "ID2": 23,
                            "ID1": 19,
                          "value": 4.856289
                       },
                       {
                            "ID2": 24,
                            "ID1": 19,
                          "value": 4.856289
                       },
                       {
                            "ID2": 23,
                            "ID1": 20,
                          "value": 4.856289
                       },
                       {
                            "ID2": 24,
                            "ID1": 20,
                          "value": 4.856289
                       },
                       {
                            "ID2": 22,
                            "ID1": 21,
                          "value": -14
                       },
                       {
                            "ID2": 25,
                            "ID1": 21,
                          "value": 4.856289
                       },
                       {
                            "ID2": 26,
                            "ID1": 21,
                          "value": 4.856289
                       },
                       {
                            "ID2": 25,
                            "ID1": 22,
                          "value": 4.856289
                       },
                       {
                            "ID2": 26,
                            "ID1": 22,
                          "value": 4.856289
                       },
                       {
                            "ID2": 24,
                            "ID1": 23,
                          "value": -14
                       },
                       {
                            "ID2": 26,
                            "ID1": 25,
                          "value": -14
                       }
                     ],
   "chemical shift": [
                       {
                          "value": 7.11138,
                             "ID": 15
                       },
                       {
                          "value": 7.11138,
                             "ID": 16
                       },
                       {
                          "value": 7.67417,
                             "ID": 17
                       },
                       {
                          "value": 7.67417,
                             "ID": 18
                       },
                       {
                          "value": 3.33629,
                             "ID": 19
                       },
                       {
                          "value": 3.33629,
                             "ID": 20
                       },
                       {
                          "value": 3.33629,
                             "ID": 21
                       },
                       {
                          "value": 3.33629,
                             "ID": 22
                       },
                       {
                          "value": 3.8847,
                             "ID": 23
                       },
                       {
                          "value": 3.8847,
                             "ID": 24
                       },
                       {
                          "value": 3.8847,
                             "ID": 25
                       },
                       {
                          "value": 3.8847,
                             "ID": 26
                       }
                     ]
}
