{
       "J-coupling": [
                       {
                            "ID2": 16,
                            "ID1": 15,
                          "value": 7.56
                       },
                       {
                            "ID2": 17,
                            "ID1": 15,
                          "value": 7.56
                       },
                       {
                            "ID2": 17,
                            "ID1": 16,
                          "value": -14
                       },
                       {
                            "ID2": 19,
                            "ID1": 18,
                          "value": 6.81
                       },
                       {
                            "ID2": 20,
                            "ID1": 18,
                          "value": 6.81
                       },
                       {
                            "ID2": 21,
                            "ID1": 18,
                          "value": 1.5
                       },
                       {
                            "ID2": 22,
                            "ID1": 18,
                          "value": 1.5
                       },
                       {
                            "ID2": 20,
                            "ID1": 19,
                          "value": 1.5
                       },
                       {
                            "ID2": 21,
                            "ID1": 19,
                          "value": 6.55
                       },
                       {
                            "ID2": 22,
                            "ID1": 19,
                          "value": 0.5
                       },
                       {
                            "ID2": 21,
                            "ID1": 20,
                          "value": 0.5
                       },
                       {
                            "ID2": 22,
                            "ID1": 20,
                          "value": 6.55
                       },
                       {
                            "ID2": 22,
                            "ID1": 21,
                          "value": 1.5
                       },
                       {
                            "ID2": 25,
                            "ID1": 24,
                          "value": 12.55
                       }
                     ],
   "chemical shift": [
                       {
                          "value": 3.8678,
                             "ID": 15
                       },
                       {
                          "value": 3.8779,
                             "ID": 16
                       },
                       {
                          "value": 3.8779,
                             "ID": 17
                       },
                       {
                          "value": 5.6861,
                             "ID": 18
                       },
                       {
                          "value": 5.9362,
                             "ID": 19
                       },
                       {
                          "value": 5.9362,
                             "ID": 20
                       },
                       {
                          "value": 6.3949,
                             "ID": 21
                       },
                       {
                          "value": 6.3949,
                             "ID": 22
                       },
                       {
                          "value": 6.5396,
                             "ID": 23
                       },
                       {
                          "value": 4.712,
                             "ID": 24
                       },
                       {
                          "value": 4.7114,
                             "ID": 25
                       }
                     ]
}
