{
       "J-coupling": [
                       {
                            "ID2": 9,
                            "ID1": 8,
                          "value": 12.88
                       },
                       {
                            "ID2": 10,
                            "ID1": 8,
                          "value": 7.189943
                       },
                       {
                            "ID2": 11,
                            "ID1": 8,
                          "value": 7.189943
                       },
                       {
                            "ID2": 12,
                            "ID1": 8,
                          "value": 7.189943
                       },
                       {
                            "ID2": 13,
                            "ID1": 8,
                          "value": 7.189943
                       },
                       {
                            "ID2": 10,
                            "ID1": 9,
                          "value": 7.189943
                       },
                       {
                            "ID2": 11,
                            "ID1": 9,
                          "value": 7.189943
                       },
                       {
                            "ID2": 12,
                            "ID1": 9,
                          "value": 7.189943
                       },
                       {
                            "ID2": 13,
                            "ID1": 9,
                          "value": 7.189943
                       },
                       {
                            "ID2": 11,
                            "ID1": 10,
                          "value": 12.88
                       },
                       {
                            "ID2": 14,
                            "ID1": 10,
                          "value": 7.189943
                       },
                       {
                            "ID2": 15,
                            "ID1": 10,
                          "value": 7.189943
                       },
                       {
                            "ID2": 14,
                            "ID1": 11,
                          "value": 7.189943
                       },
                       {
                            "ID2": 15,
                            "ID1": 11,
                          "value": 7.189943
                       },
                       {
                            "ID2": 13,
                            "ID1": 12,
                          "value": -14
                       },
                       {
                            "ID2": 15,
                            "ID1": 14,
                          "value": -14
                       }
                     ],
   "chemical shift": [
                       {
                          "value": 1.87854,
                             "ID": 8
                       },
                       {
                          "value": 1.87855,
                             "ID": 9
                       },
                       {
                          "value": 1.87858,
                             "ID": 10
                       },
                       {
                          "value": 1.87863,
                             "ID": 11
                       },
                       {
                          "value": 3.39228,
                             "ID": 12
                       },
                       {
                          "value": 3.39228,
                             "ID": 13
                       },
                       {
                          "value": 3.39228,
                             "ID": 14
                       },
                       {
                          "value": 3.39228,
                             "ID": 15
                       }
                     ]
}
