{
       "J-coupling": [
                       {
                            "ID2": 13,
                            "ID1": 12,
                          "value": 7.797667
                       },
                       {
                            "ID2": 14,
                            "ID1": 12,
                          "value": 7.797667
                       },
                       {
                            "ID2": 14,
                            "ID1": 13,
                          "value": 1.5
                       },
                       {
                            "ID2": 15,
                            "ID1": 13,
                          "value": 8.023751
                       },
                       {
                            "ID2": 16,
                            "ID1": 14,
                          "value": 8.023751
                       },
                       {
                            "ID2": 16,
                            "ID1": 15,
                          "value": 1.5
                       }
                     ],
   "chemical shift": [
                       {
                          "value": 7.44368,
                             "ID": 12
                       },
                       {
                          "value": 7.5223,
                             "ID": 13
                       },
                       {
                          "value": 7.5223,
                             "ID": 14
                       },
                       {
                          "value": 7.78026,
                             "ID": 15
                       },
                       {
                          "value": 7.78026,
                             "ID": 16
                       },
                       {
                          "value": 7.5081,
                             "ID": 17
                       },
                       {
                          "value": 8.2119,
                             "ID": 18
                       }
                     ]
}
