{
       "J-coupling": [
                       {
                            "ID2": 14,
                            "ID1": 13,
                          "value": -14
                       },
                       {
                            "ID2": 15,
                            "ID1": 13,
                          "value": -14
                       },
                       {
                            "ID2": 16,
                            "ID1": 13,
                          "value": 7.589947
                       },
                       {
                            "ID2": 17,
                            "ID1": 13,
                          "value": 7.589947
                       },
                       {
                            "ID2": 15,
                            "ID1": 14,
                          "value": -14
                       },
                       {
                            "ID2": 16,
                            "ID1": 14,
                          "value": 7.589947
                       },
                       {
                            "ID2": 17,
                            "ID1": 14,
                          "value": 7.589947
                       },
                       {
                            "ID2": 16,
                            "ID1": 15,
                          "value": 7.589947
                       },
                       {
                            "ID2": 17,
                            "ID1": 15,
                          "value": 7.589947
                       },
                       {
                            "ID2": 17,
                            "ID1": 16,
                          "value": -14
                       },
                       {
                            "ID2": 19,
                            "ID1": 18,
                          "value": 1.5
                       },
                       {
                            "ID2": 20,
                            "ID1": 18,
                          "value": 9.172905
                       },
                       {
                            "ID2": 21,
                            "ID1": 19,
                          "value": 9.172905
                       },
                       {
                            "ID2": 21,
                            "ID1": 20,
                          "value": 1.5
                       }
                     ],
   "chemical shift": [
                       {
                          "value": 1.3479,
                             "ID": 13
                       },
                       {
                          "value": 1.3479,
                             "ID": 14
                       },
                       {
                          "value": 1.3479,
                             "ID": 15
                       },
                       {
                          "value": 4.32617,
                             "ID": 16
                       },
                       {
                          "value": 4.32617,
                             "ID": 17
                       },
                       {
                          "value": 7.8523,
                             "ID": 18
                       },
                       {
                          "value": 7.8523,
                             "ID": 19
                       },
                       {
                          "value": 6.8221,
                             "ID": 20
                       },
                       {
                          "value": 6.8221,
                             "ID": 21
                       }
                     ]
}
