{
       "J-coupling": [
                       {
                            "ID2": 13,
                            "ID1": 12,
                          "value": -14
                       },
                       {
                            "ID2": 14,
                            "ID1": 12,
                          "value": -14
                       },
                       {
                            "ID2": 15,
                            "ID1": 12,
                          "value": 8.037991
                       },
                       {
                            "ID2": 16,
                            "ID1": 12,
                          "value": 8.037991
                       },
                       {
                            "ID2": 14,
                            "ID1": 13,
                          "value": -14
                       },
                       {
                            "ID2": 15,
                            "ID1": 13,
                          "value": 8.037991
                       },
                       {
                            "ID2": 16,
                            "ID1": 13,
                          "value": 8.037991
                       },
                       {
                            "ID2": 15,
                            "ID1": 14,
                          "value": 8.037991
                       },
                       {
                            "ID2": 16,
                            "ID1": 14,
                          "value": 8.037991
                       },
                       {
                            "ID2": 16,
                            "ID1": 15,
                          "value": -14
                       },
                       {
                            "ID2": 18,
                            "ID1": 17,
                          "value": 7.697302
                       },
                       {
                            "ID2": 19,
                            "ID1": 17,
                          "value": 7.697302
                       },
                       {
                            "ID2": 20,
                            "ID1": 17,
                          "value": 1.440379
                       },
                       {
                            "ID2": 21,
                            "ID1": 17,
                          "value": 1.482005
                       },
                       {
                            "ID2": 19,
                            "ID1": 18,
                          "value": 1.5
                       },
                       {
                            "ID2": 20,
                            "ID1": 18,
                          "value": 8.179521
                       },
                       {
                            "ID2": 20,
                            "ID1": 19,
                          "value": 0.5
                       },
                       {
                            "ID2": 21,
                            "ID1": 19,
                          "value": 8.179521
                       },
                       {
                            "ID2": 21,
                            "ID1": 20,
                          "value": 1.5
                       }
                     ],
   "chemical shift": [
                       {
                          "value": 1.21754,
                             "ID": 12
                       },
                       {
                          "value": 1.21754,
                             "ID": 13
                       },
                       {
                          "value": 1.21754,
                             "ID": 14
                       },
                       {
                          "value": 3.3734,
                             "ID": 15
                       },
                       {
                          "value": 3.3734,
                             "ID": 16
                       },
                       {
                          "value": 7.8098,
                             "ID": 17
                       },
                       {
                          "value": 7.69975,
                             "ID": 18
                       },
                       {
                          "value": 7.69975,
                             "ID": 19
                       },
                       {
                          "value": 7.935,
                             "ID": 20
                       },
                       {
                          "value": 7.935,
                             "ID": 21
                       }
                     ]
}
