{
       "J-coupling": [
                       {
                            "ID2": 16,
                            "ID1": 15,
                          "value": -14
                       },
                       {
                            "ID2": 17,
                            "ID1": 15,
                          "value": -14
                       },
                       {
                            "ID2": 17,
                            "ID1": 16,
                          "value": -14
                       },
                       {
                            "ID2": 19,
                            "ID1": 18,
                          "value": -14
                       },
                       {
                            "ID2": 20,
                            "ID1": 18,
                          "value": -14
                       },
                       {
                            "ID2": 20,
                            "ID1": 19,
                          "value": -14
                       },
                       {
                            "ID2": 22,
                            "ID1": 21,
                          "value": -14
                       },
                       {
                            "ID2": 23,
                            "ID1": 21,
                          "value": 7.872985
                       },
                       {
                            "ID2": 24,
                            "ID1": 21,
                          "value": 7.872985
                       },
                       {
                            "ID2": 25,
                            "ID1": 21,
                          "value": 8.023888
                       },
                       {
                            "ID2": 26,
                            "ID1": 21,
                          "value": 8.023888
                       },
                       {
                            "ID2": 23,
                            "ID1": 22,
                          "value": 7.872985
                       },
                       {
                            "ID2": 24,
                            "ID1": 22,
                          "value": 7.872985
                       },
                       {
                            "ID2": 25,
                            "ID1": 22,
                          "value": 8.023888
                       },
                       {
                            "ID2": 26,
                            "ID1": 22,
                          "value": 8.023888
                       },
                       {
                            "ID2": 24,
                            "ID1": 23,
                          "value": -14
                       },
                       {
                            "ID2": 26,
                            "ID1": 25,
                          "value": -14
                       },
                       {
                            "ID2": 28,
                            "ID1": 27,
                          "value": 8.076047
                       }
                     ],
   "chemical shift": [
                       {
                          "value": 2.3296,
                             "ID": 15
                       },
                       {
                          "value": 2.3296,
                             "ID": 16
                       },
                       {
                          "value": 2.3296,
                             "ID": 17
                       },
                       {
                          "value": 2.2452,
                             "ID": 18
                       },
                       {
                          "value": 2.2452,
                             "ID": 19
                       },
                       {
                          "value": 2.2452,
                             "ID": 20
                       },
                       {
                          "value": 2.06358,
                             "ID": 21
                       },
                       {
                          "value": 2.06358,
                             "ID": 22
                       },
                       {
                          "value": 2.75974,
                             "ID": 23
                       },
                       {
                          "value": 2.75974,
                             "ID": 24
                       },
                       {
                          "value": 2.87666,
                             "ID": 25
                       },
                       {
                          "value": 2.87666,
                             "ID": 26
                       },
                       {
                          "value": 6.8263,
                             "ID": 27
                       },
                       {
                          "value": 7.0703,
                             "ID": 28
                       }
                     ]
}
