{
       "J-coupling": [
                       {
                            "ID2": 17,
                            "ID1": 16,
                          "value": 1.5
                       },
                       {
                            "ID2": 18,
                            "ID1": 16,
                          "value": 8.672479
                       },
                       {
                            "ID2": 19,
                            "ID1": 17,
                          "value": 8.672479
                       },
                       {
                            "ID2": 19,
                            "ID1": 18,
                          "value": 1.5
                       },
                       {
                            "ID2": 21,
                            "ID1": 20,
                          "value": 4.029151
                       }
                     ],
   "chemical shift": [
                       {
                          "value": 7.80933,
                             "ID": 16
                       },
                       {
                          "value": 7.80933,
                             "ID": 17
                       },
                       {
                          "value": 7.49645,
                             "ID": 18
                       },
                       {
                          "value": 7.49645,
                             "ID": 19
                       },
                       {
                          "value": 7.07492,
                             "ID": 20
                       },
                       {
                          "value": 6.90877,
                             "ID": 21
                       }
                     ]
}
