{
       "J-coupling": [
                       {
                            "ID2": 16,
                            "ID1": 15,
                          "value": 0.579404
                       },
                       {
                            "ID2": 20,
                            "ID1": 15,
                          "value": 18.801527
                       },
                       {
                            "ID2": 20,
                            "ID1": 16,
                          "value": 11.845265
                       },
                       {
                            "ID2": 18,
                            "ID1": 17,
                          "value": -14
                       },
                       {
                            "ID2": 19,
                            "ID1": 17,
                          "value": -14
                       },
                       {
                            "ID2": 19,
                            "ID1": 18,
                          "value": -14
                       },
                       {
                            "ID2": 25,
                            "ID1": 20,
                          "value": 6.191946
                       },
                       {
                            "ID2": 26,
                            "ID1": 20,
                          "value": 6.191946
                       },
                       {
                            "ID2": 22,
                            "ID1": 21,
                          "value": 1.5
                       },
                       {
                            "ID2": 23,
                            "ID1": 21,
                          "value": 9.148912
                       },
                       {
                            "ID2": 24,
                            "ID1": 22,
                          "value": 9.148912
                       },
                       {
                            "ID2": 24,
                            "ID1": 23,
                          "value": 1.5
                       },
                       {
                            "ID2": 26,
                            "ID1": 25,
                          "value": 14.58
                       }
                     ],
   "chemical shift": [
                       {
                          "value": 5.431,
                             "ID": 15
                       },
                       {
                          "value": 5.3278,
                             "ID": 16
                       },
                       {
                          "value": 2.14211,
                             "ID": 17
                       },
                       {
                          "value": 2.14211,
                             "ID": 18
                       },
                       {
                          "value": 2.14211,
                             "ID": 19
                       },
                       {
                          "value": 6.08526,
                             "ID": 20
                       },
                       {
                          "value": 7.3261,
                             "ID": 21
                       },
                       {
                          "value": 7.3261,
                             "ID": 22
                       },
                       {
                          "value": 7.02547,
                             "ID": 23
                       },
                       {
                          "value": 7.02547,
                             "ID": 24
                       },
                       {
                          "value": 4.5902,
                             "ID": 25
                       },
                       {
                          "value": 4.5915,
                             "ID": 26
                       }
                     ]
}
