{
       "J-coupling": [
                       {
                            "ID2": 14,
                            "ID1": 13,
                          "value": -14
                       },
                       {
                            "ID2": 15,
                            "ID1": 13,
                          "value": -14
                       },
                       {
                            "ID2": 22,
                            "ID1": 13,
                          "value": 7.42166
                       },
                       {
                            "ID2": 23,
                            "ID1": 13,
                          "value": 7.42166
                       },
                       {
                            "ID2": 15,
                            "ID1": 14,
                          "value": -14
                       },
                       {
                            "ID2": 22,
                            "ID1": 14,
                          "value": 7.42166
                       },
                       {
                            "ID2": 23,
                            "ID1": 14,
                          "value": 7.42166
                       },
                       {
                            "ID2": 22,
                            "ID1": 15,
                          "value": 7.42166
                       },
                       {
                            "ID2": 23,
                            "ID1": 15,
                          "value": 7.42166
                       },
                       {
                            "ID2": 17,
                            "ID1": 16,
                          "value": -14
                       },
                       {
                            "ID2": 18,
                            "ID1": 16,
                          "value": -14
                       },
                       {
                            "ID2": 18,
                            "ID1": 17,
                          "value": -14
                       },
                       {
                            "ID2": 20,
                            "ID1": 19,
                          "value": -14
                       },
                       {
                            "ID2": 21,
                            "ID1": 19,
                          "value": -14
                       },
                       {
                            "ID2": 21,
                            "ID1": 20,
                          "value": -14
                       },
                       {
                            "ID2": 23,
                            "ID1": 22,
                          "value": -14
                       }
                     ],
   "chemical shift": [
                       {
                          "value": 1.3146,
                             "ID": 13
                       },
                       {
                          "value": 1.3146,
                             "ID": 14
                       },
                       {
                          "value": 1.3146,
                             "ID": 15
                       },
                       {
                          "value": 2.1577,
                             "ID": 16
                       },
                       {
                          "value": 2.1577,
                             "ID": 17
                       },
                       {
                          "value": 2.1577,
                             "ID": 18
                       },
                       {
                          "value": 2.4123,
                             "ID": 19
                       },
                       {
                          "value": 2.4123,
                             "ID": 20
                       },
                       {
                          "value": 2.4123,
                             "ID": 21
                       },
                       {
                          "value": 4.2509,
                             "ID": 22
                       },
                       {
                          "value": 4.2509,
                             "ID": 23
                       },
                       {
                          "value": 6.1755,
                             "ID": 24
                       }
                     ]
}
