{
       "J-coupling": [
                       {
                            "ID2": 10,
                            "ID1": 9,
                          "value": -14
                       },
                       {
                            "ID2": 11,
                            "ID1": 9,
                          "value": -14
                       },
                       {
                            "ID2": 11,
                            "ID1": 10,
                          "value": -14
                       },
                       {
                            "ID2": 13,
                            "ID1": 12,
                          "value": 9.977086
                       },
                       {
                            "ID2": 14,
                            "ID1": 12,
                          "value": 1.676671
                       }
                     ],
   "chemical shift": [
                       {
                          "value": 2.1297,
                             "ID": 9
                       },
                       {
                          "value": 2.1297,
                             "ID": 10
                       },
                       {
                          "value": 2.1297,
                             "ID": 11
                       },
                       {
                          "value": 7.63197,
                             "ID": 12
                       },
                       {
                          "value": 6.5802,
                             "ID": 13
                       },
                       {
                          "value": 7.34469,
                             "ID": 14
                       }
                     ]
}
