{
       "J-coupling": [
                       {
                            "ID2": 14,
                            "ID1": 13,
                          "value": -14
                       },
                       {
                            "ID2": 15,
                            "ID1": 13,
                          "value": -14
                       },
                       {
                            "ID2": 15,
                            "ID1": 14,
                          "value": -14
                       },
                       {
                            "ID2": 17,
                            "ID1": 16,
                          "value": 8.173109
                       },
                       {
                            "ID2": 18,
                            "ID1": 16,
                          "value": 8.173109
                       },
                       {
                            "ID2": 18,
                            "ID1": 17,
                          "value": 1.5
                       },
                       {
                            "ID2": 19,
                            "ID1": 17,
                          "value": 7.160448
                       },
                       {
                            "ID2": 20,
                            "ID1": 18,
                          "value": 7.160448
                       },
                       {
                            "ID2": 20,
                            "ID1": 19,
                          "value": 1.5
                       },
                       {
                            "ID2": 22,
                            "ID1": 21,
                          "value": -14
                       }
                     ],
   "chemical shift": [
                       {
                          "value": 3.6865,
                             "ID": 13
                       },
                       {
                          "value": 3.6865,
                             "ID": 14
                       },
                       {
                          "value": 3.6865,
                             "ID": 15
                       },
                       {
                          "value": 7.33572,
                             "ID": 16
                       },
                       {
                          "value": 7.396,
                             "ID": 17
                       },
                       {
                          "value": 7.396,
                             "ID": 18
                       },
                       {
                          "value": 7.4455,
                             "ID": 19
                       },
                       {
                          "value": 7.4455,
                             "ID": 20
                       },
                       {
                          "value": 3.8379,
                             "ID": 21
                       },
                       {
                          "value": 3.8379,
                             "ID": 22
                       }
                     ]
}
