{
       "J-coupling": [
                       {
                            "ID2": 13,
                            "ID1": 12,
                          "value": 8.431809
                       },
                       {
                            "ID2": 14,
                            "ID1": 12,
                          "value": 9.273767
                       },
                       {
                            "ID2": 14,
                            "ID1": 13,
                          "value": 1.5
                       }
                     ],
   "chemical shift": [
                       {
                          "value": 6.545,
                             "ID": 12
                       },
                       {
                          "value": 7.1497,
                             "ID": 13
                       },
                       {
                          "value": 6.6352,
                             "ID": 14
                       }
                     ]
}
