{
       "J-coupling": [
                       {
                            "ID2": 10,
                            "ID1": 9,
                          "value": 3.909427
                       },
                       {
                            "ID2": 11,
                            "ID1": 9,
                          "value": 2.706768
                       },
                       {
                            "ID2": 11,
                            "ID1": 10,
                          "value": 1.341778
                       }
                     ],
   "chemical shift": [
                       {
                          "value": 6.24221,
                             "ID": 9
                       },
                       {
                          "value": 6.71668,
                             "ID": 10
                       },
                       {
                          "value": 6.96524,
                             "ID": 11
                       }
                     ]
}
