{
       "J-coupling": [
                       {
                            "ID2": 15,
                            "ID1": 14,
                          "value": 0.79
                       }
                     ],
   "chemical shift": [
                       {
                          "value": 7.24876,
                             "ID": 14
                       },
                       {
                          "value": 7.04408,
                             "ID": 15
                       }
                     ]
}
