{
       "J-coupling": [
                       {
                            "ID2": 17,
                            "ID1": 16,
                          "value": 4.630002
                       },
                       {
                            "ID2": 18,
                            "ID1": 16,
                          "value": 4.630002
                       },
                       {
                            "ID2": 20,
                            "ID1": 19,
                          "value": -21.384178
                       }
                     ],
   "chemical shift": [
                       {
                          "value": 7.18855,
                             "ID": 16
                       },
                       {
                          "value": 7.45347,
                             "ID": 17
                       },
                       {
                          "value": 7.64303,
                             "ID": 18
                       },
                       {
                          "value": 3.52436,
                             "ID": 19
                       },
                       {
                          "value": 3.98379,
                             "ID": 20
                       }
                     ]
}
