{
       "J-coupling": [
                       {
                            "ID2": 12,
                            "ID1": 11,
                          "value": 8.074025
                       },
                       {
                            "ID2": 13,
                            "ID1": 11,
                          "value": 7.915997
                       },
                       {
                            "ID2": 14,
                            "ID1": 12,
                          "value": 7.915997
                       }
                     ],
   "chemical shift": [
                       {
                          "value": 7.5456,
                             "ID": 11
                       },
                       {
                          "value": 7.2653,
                             "ID": 12
                       },
                       {
                          "value": 7.6806,
                             "ID": 13
                       },
                       {
                          "value": 7.3632,
                             "ID": 14
                       }
                     ]
}
