{
       "J-coupling": [
                       {
                            "ID2": 17,
                            "ID1": 16,
                          "value": -14
                       },
                       {
                            "ID2": 18,
                            "ID1": 16,
                          "value": -14
                       },
                       {
                            "ID2": 19,
                            "ID1": 16,
                          "value": 7.92277
                       },
                       {
                            "ID2": 20,
                            "ID1": 16,
                          "value": 7.92277
                       },
                       {
                            "ID2": 18,
                            "ID1": 17,
                          "value": -14
                       },
                       {
                            "ID2": 19,
                            "ID1": 17,
                          "value": 7.92277
                       },
                       {
                            "ID2": 20,
                            "ID1": 17,
                          "value": 7.92277
                       },
                       {
                            "ID2": 19,
                            "ID1": 18,
                          "value": 7.92277
                       },
                       {
                            "ID2": 20,
                            "ID1": 18,
                          "value": 7.92277
                       },
                       {
                            "ID2": 20,
                            "ID1": 19,
                          "value": -14
                       },
                       {
                            "ID2": 21,
                            "ID1": 19,
                          "value": 7.416028
                       },
                       {
                            "ID2": 22,
                            "ID1": 19,
                          "value": 7.416028
                       },
                       {
                            "ID2": 21,
                            "ID1": 20,
                          "value": 7.416028
                       },
                       {
                            "ID2": 22,
                            "ID1": 20,
                          "value": 7.416028
                       },
                       {
                            "ID2": 22,
                            "ID1": 21,
                          "value": -14
                       },
                       {
                            "ID2": 23,
                            "ID1": 21,
                          "value": 7.886257
                       },
                       {
                            "ID2": 24,
                            "ID1": 21,
                          "value": 7.886257
                       },
                       {
                            "ID2": 23,
                            "ID1": 22,
                          "value": 7.886257
                       },
                       {
                            "ID2": 24,
                            "ID1": 22,
                          "value": 7.886257
                       },
                       {
                            "ID2": 24,
                            "ID1": 23,
                          "value": -14
                       },
                       {
                            "ID2": 26,
                            "ID1": 25,
                          "value": 2.160801
                       },
                       {
                            "ID2": 27,
                            "ID1": 25,
                          "value": 2.160801
                       }
                     ],
   "chemical shift": [
                       {
                          "value": 0.92287,
                             "ID": 16
                       },
                       {
                          "value": 0.92287,
                             "ID": 17
                       },
                       {
                          "value": 0.92287,
                             "ID": 18
                       },
                       {
                          "value": 1.4678,
                             "ID": 19
                       },
                       {
                          "value": 1.4678,
                             "ID": 20
                       },
                       {
                          "value": 1.59271,
                             "ID": 21
                       },
                       {
                          "value": 1.59271,
                             "ID": 22
                       },
                       {
                          "value": 2.4764,
                             "ID": 23
                       },
                       {
                          "value": 2.4764,
                             "ID": 24
                       },
                       {
                          "value": 8.20295,
                             "ID": 25
                       },
                       {
                          "value": 8.8146,
                             "ID": 26
                       },
                       {
                          "value": 8.61101,
                             "ID": 27
                       }
                     ]
}
