{
       "J-coupling": [
                       {
                            "ID2": 8,
                            "ID1": 7,
                          "value": -14
                       },
                       {
                            "ID2": 9,
                            "ID1": 7,
                          "value": -14
                       },
                       {
                            "ID2": 9,
                            "ID1": 8,
                          "value": -14
                       },
                       {
                            "ID2": 11,
                            "ID1": 10,
                          "value": 2.1
                       }
                     ],
   "chemical shift": [
                       {
                          "value": 2.2886,
                             "ID": 7
                       },
                       {
                          "value": 2.2886,
                             "ID": 8
                       },
                       {
                          "value": 2.2886,
                             "ID": 9
                       },
                       {
                          "value": 7.0588,
                             "ID": 10
                       },
                       {
                          "value": 8.2668,
                             "ID": 11
                       }
                     ]
}
