{
       "J-coupling": [
                       {
                            "ID2": 13,
                            "ID1": 12,
                          "value": -14
                       },
                       {
                            "ID2": 14,
                            "ID1": 12,
                          "value": -14
                       },
                       {
                            "ID2": 14,
                            "ID1": 13,
                          "value": -14
                       },
                       {
                            "ID2": 16,
                            "ID1": 15,
                          "value": -14
                       },
                       {
                            "ID2": 17,
                            "ID1": 15,
                          "value": -14
                       },
                       {
                            "ID2": 17,
                            "ID1": 16,
                          "value": -14
                       },
                       {
                            "ID2": 19,
                            "ID1": 18,
                          "value": 2.892135
                       }
                     ],
   "chemical shift": [
                       {
                          "value": 3.8876,
                             "ID": 12
                       },
                       {
                          "value": 3.8876,
                             "ID": 13
                       },
                       {
                          "value": 3.8876,
                             "ID": 14
                       },
                       {
                          "value": 3.847,
                             "ID": 15
                       },
                       {
                          "value": 3.847,
                             "ID": 16
                       },
                       {
                          "value": 3.847,
                             "ID": 17
                       },
                       {
                          "value": 8.2245,
                             "ID": 18
                       },
                       {
                          "value": 6.64835,
                             "ID": 19
                       }
                     ]
}
