{
       "J-coupling": [
                       {
                            "ID2": 17,
                            "ID1": 16,
                          "value": 5.607248
                       },
                       {
                            "ID2": 22,
                            "ID1": 16,
                          "value": 3.572868
                       },
                       {
                            "ID2": 19,
                            "ID1": 18,
                          "value": 1.5
                       },
                       {
                            "ID2": 20,
                            "ID1": 18,
                          "value": 7.426719
                       },
                       {
                            "ID2": 21,
                            "ID1": 19,
                          "value": 7.426719
                       },
                       {
                            "ID2": 21,
                            "ID1": 20,
                          "value": 1.5
                       },
                       {
                            "ID2": 24,
                            "ID1": 23,
                          "value": -14
                       }
                     ],
   "chemical shift": [
                       {
                          "value": 7.00384,
                             "ID": 16
                       },
                       {
                          "value": 7.2858,
                             "ID": 17
                       },
                       {
                          "value": 7.39155,
                             "ID": 18
                       },
                       {
                          "value": 7.39155,
                             "ID": 19
                       },
                       {
                          "value": 7.81003,
                             "ID": 20
                       },
                       {
                          "value": 7.81003,
                             "ID": 21
                       },
                       {
                          "value": 6.96007,
                             "ID": 22
                       },
                       {
                          "value": 4.23862,
                             "ID": 23
                       },
                       {
                          "value": 4.23862,
                             "ID": 24
                       }
                     ]
}
