{
       "J-coupling": [
                       {
                            "ID2": 13,
                            "ID1": 12,
                          "value": -14
                       },
                       {
                            "ID2": 14,
                            "ID1": 12,
                          "value": -14
                       },
                       {
                            "ID2": 14,
                            "ID1": 13,
                          "value": -14
                       },
                       {
                            "ID2": 16,
                            "ID1": 15,
                          "value": 8.318168
                       },
                       {
                            "ID2": 17,
                            "ID1": 15,
                          "value": 7.572125
                       },
                       {
                            "ID2": 18,
                            "ID1": 16,
                          "value": 7.866723
                       },
                       {
                            "ID2": 20,
                            "ID1": 19,
                          "value": 8.886162
                       }
                     ],
   "chemical shift": [
                       {
                          "value": 2.7131,
                             "ID": 12
                       },
                       {
                          "value": 2.7131,
                             "ID": 13
                       },
                       {
                          "value": 2.7131,
                             "ID": 14
                       },
                       {
                          "value": 7.8093,
                             "ID": 15
                       },
                       {
                          "value": 7.6207,
                             "ID": 16
                       },
                       {
                          "value": 7.9547,
                             "ID": 17
                       },
                       {
                          "value": 7.9705,
                             "ID": 18
                       },
                       {
                          "value": 8.3266,
                             "ID": 19
                       },
                       {
                          "value": 7.4929,
                             "ID": 20
                       }
                     ]
}
