{
       "J-coupling": [
                       {
                            "ID2": 16,
                            "ID1": 15,
                          "value": -14
                       },
                       {
                            "ID2": 17,
                            "ID1": 15,
                          "value": -14
                       },
                       {
                            "ID2": 17,
                            "ID1": 16,
                          "value": -14
                       },
                       {
                            "ID2": 19,
                            "ID1": 18,
                          "value": 1.5
                       },
                       {
                            "ID2": 20,
                            "ID1": 18,
                          "value": 5.72
                       },
                       {
                            "ID2": 21,
                            "ID1": 19,
                          "value": 5.72
                       },
                       {
                            "ID2": 21,
                            "ID1": 20,
                          "value": 1.5
                       },
                       {
                            "ID2": 23,
                            "ID1": 22,
                          "value": 13.08
                       }
                     ],
   "chemical shift": [
                       {
                          "value": 2.45214,
                             "ID": 15
                       },
                       {
                          "value": 2.45214,
                             "ID": 16
                       },
                       {
                          "value": 2.45214,
                             "ID": 17
                       },
                       {
                          "value": 7.86735,
                             "ID": 18
                       },
                       {
                          "value": 7.86735,
                             "ID": 19
                       },
                       {
                          "value": 8.6356,
                             "ID": 20
                       },
                       {
                          "value": 8.6356,
                             "ID": 21
                       },
                       {
                          "value": 4.8667,
                             "ID": 22
                       },
                       {
                          "value": 4.8669,
                             "ID": 23
                       }
                     ]
}
