{
       "J-coupling": [
                       {
                            "ID2": 14,
                            "ID1": 13,
                          "value": 7.766307
                       },
                       {
                            "ID2": 17,
                            "ID1": 13,
                          "value": 2.194019
                       },
                       {
                            "ID2": 16,
                            "ID1": 15,
                          "value": -14
                       }
                     ],
   "chemical shift": [
                       {
                          "value": 7.0724,
                             "ID": 13
                       },
                       {
                          "value": 7.1236,
                             "ID": 14
                       },
                       {
                          "value": 5.7522,
                             "ID": 15
                       },
                       {
                          "value": 5.7522,
                             "ID": 16
                       },
                       {
                          "value": 7.7155,
                             "ID": 17
                       }
                     ]
}
