{
       "J-coupling": [
                       {
                            "ID2": 12,
                            "ID1": 11,
                          "value": 7
                       },
                       {
                            "ID2": 13,
                            "ID1": 11,
                          "value": 8.645751
                       },
                       {
                            "ID2": 14,
                            "ID1": 11,
                          "value": 1.5
                       },
                       {
                            "ID2": 13,
                            "ID1": 12,
                          "value": 1.5
                       },
                       {
                            "ID2": 14,
                            "ID1": 12,
                          "value": 8.645751
                       },
                       {
                            "ID2": 16,
                            "ID1": 15,
                          "value": 7
                       }
                     ],
   "chemical shift": [
                       {
                          "value": 8.1458,
                             "ID": 11
                       },
                       {
                          "value": 8.1458,
                             "ID": 12
                       },
                       {
                          "value": 7.9391,
                             "ID": 13
                       },
                       {
                          "value": 7.9391,
                             "ID": 14
                       },
                       {
                          "value": 8.43989,
                             "ID": 15
                       },
                       {
                          "value": 8.43989,
                             "ID": 16
                       }
                     ]
}
