{
       "J-coupling": [
                       {
                            "ID2": 9,
                            "ID1": 8,
                          "value": -14
                       },
                       {
                            "ID2": 10,
                            "ID1": 8,
                          "value": -14
                       },
                       {
                            "ID2": 10,
                            "ID1": 9,
                          "value": -14
                       }
                     ],
   "chemical shift": [
                       {
                          "value": 2.5243,
                             "ID": 8
                       },
                       {
                          "value": 2.5243,
                             "ID": 9
                       },
                       {
                          "value": 2.5243,
                             "ID": 10
                       }
                     ]
}
