{
       "J-coupling": [
                       {
                            "ID2": 14,
                            "ID1": 13,
                          "value": 7.38077
                       },
                       {
                            "ID2": 16,
                            "ID1": 13,
                          "value": 7.910471
                       },
                       {
                            "ID2": 17,
                            "ID1": 14,
                          "value": 7.910471
                       },
                       {
                            "ID2": 18,
                            "ID1": 15,
                          "value": 2.385706
                       },
                       {
                            "ID2": 19,
                            "ID1": 15,
                          "value": 2.543029
                       },
                       {
                            "ID2": 17,
                            "ID1": 16,
                          "value": 0.5
                       },
                       {
                            "ID2": 19,
                            "ID1": 18,
                          "value": 1.760612
                       }
                     ],
   "chemical shift": [
                       {
                          "value": 6.9453,
                             "ID": 13
                       },
                       {
                          "value": 7.3324,
                             "ID": 14
                       },
                       {
                          "value": 6.60529,
                             "ID": 15
                       },
                       {
                          "value": 7.2671,
                             "ID": 16
                       },
                       {
                          "value": 7.0321,
                             "ID": 17
                       },
                       {
                          "value": 7.84129,
                             "ID": 18
                       },
                       {
                          "value": 7.87141,
                             "ID": 19
                       }
                     ]
}
