{
       "J-coupling": [
                       {
                            "ID2": 16,
                            "ID1": 15,
                          "value": -14
                       },
                       {
                            "ID2": 17,
                            "ID1": 15,
                          "value": -14
                       },
                       {
                            "ID2": 17,
                            "ID1": 16,
                          "value": -14
                       },
                       {
                            "ID2": 19,
                            "ID1": 18,
                          "value": -14
                       },
                       {
                            "ID2": 20,
                            "ID1": 18,
                          "value": -14
                       },
                       {
                            "ID2": 20,
                            "ID1": 19,
                          "value": -14
                       },
                       {
                            "ID2": 22,
                            "ID1": 21,
                          "value": 8.086291
                       },
                       {
                            "ID2": 23,
                            "ID1": 21,
                          "value": 8.22665
                       },
                       {
                            "ID2": 23,
                            "ID1": 22,
                          "value": 1.5
                       },
                       {
                            "ID2": 24,
                            "ID1": 22,
                          "value": 1.166967
                       }
                     ],
   "chemical shift": [
                       {
                          "value": 2.6463,
                             "ID": 15
                       },
                       {
                          "value": 2.6463,
                             "ID": 16
                       },
                       {
                          "value": 2.6463,
                             "ID": 17
                       },
                       {
                          "value": 4.0388,
                             "ID": 18
                       },
                       {
                          "value": 4.0388,
                             "ID": 19
                       },
                       {
                          "value": 4.0388,
                             "ID": 20
                       },
                       {
                          "value": 7.35116,
                             "ID": 21
                       },
                       {
                          "value": 7.44607,
                             "ID": 22
                       },
                       {
                          "value": 7.18801,
                             "ID": 23
                       },
                       {
                          "value": 7.85552,
                             "ID": 24
                       }
                     ]
}
