{
       "J-coupling": [
                       {
                            "ID2": 14,
                            "ID1": 13,
                          "value": 1.5
                       },
                       {
                            "ID2": 15,
                            "ID1": 13,
                          "value": 8.537253
                       },
                       {
                            "ID2": 16,
                            "ID1": 14,
                          "value": 8.537253
                       },
                       {
                            "ID2": 16,
                            "ID1": 15,
                          "value": 1.5
                       },
                       {
                            "ID2": 18,
                            "ID1": 17,
                          "value": -14
                       }
                     ],
   "chemical shift": [
                       {
                          "value": 7.31659,
                             "ID": 13
                       },
                       {
                          "value": 7.31659,
                             "ID": 14
                       },
                       {
                          "value": 7.115,
                             "ID": 15
                       },
                       {
                          "value": 7.115,
                             "ID": 16
                       },
                       {
                          "value": 4.2709,
                             "ID": 17
                       },
                       {
                          "value": 4.2709,
                             "ID": 18
                       }
                     ]
}
