{
       "J-coupling": [
                       {
                            "ID2": 15,
                            "ID1": 14,
                          "value": 7.576581
                       },
                       {
                            "ID2": 16,
                            "ID1": 14,
                          "value": 7.576581
                       },
                       {
                            "ID2": 17,
                            "ID1": 14,
                          "value": 1.352344
                       },
                       {
                            "ID2": 18,
                            "ID1": 14,
                          "value": 1.352344
                       },
                       {
                            "ID2": 16,
                            "ID1": 15,
                          "value": 1.5
                       },
                       {
                            "ID2": 17,
                            "ID1": 15,
                          "value": 7.576581
                       },
                       {
                            "ID2": 18,
                            "ID1": 15,
                          "value": 1.878559
                       },
                       {
                            "ID2": 17,
                            "ID1": 16,
                          "value": 1.878559
                       },
                       {
                            "ID2": 18,
                            "ID1": 16,
                          "value": 7.576581
                       },
                       {
                            "ID2": 18,
                            "ID1": 17,
                          "value": 1.5
                       },
                       {
                            "ID2": 20,
                            "ID1": 19,
                          "value": -13.961548
                       },
                       {
                            "ID2": 23,
                            "ID1": 19,
                          "value": 5.54419
                       },
                       {
                            "ID2": 23,
                            "ID1": 20,
                          "value": 5.54419
                       },
                       {
                            "ID2": 22,
                            "ID1": 21,
                          "value": -14
                       },
                       {
                            "ID2": 23,
                            "ID1": 21,
                          "value": 5.54419
                       },
                       {
                            "ID2": 23,
                            "ID1": 22,
                          "value": 5.54419
                       }
                     ],
   "chemical shift": [
                       {
                          "value": 7.33526,
                             "ID": 14
                       },
                       {
                          "value": 7.39638,
                             "ID": 15
                       },
                       {
                          "value": 7.39638,
                             "ID": 16
                       },
                       {
                          "value": 7.31507,
                             "ID": 17
                       },
                       {
                          "value": 7.31507,
                             "ID": 18
                       },
                       {
                          "value": 2.87555,
                             "ID": 19
                       },
                       {
                          "value": 2.94304,
                             "ID": 20
                       },
                       {
                          "value": 4.5,
                             "ID": 21
                       },
                       {
                          "value": 4.5,
                             "ID": 22
                       },
                       {
                          "value": 4.26764,
                             "ID": 23
                       }
                     ]
}
