{
       "J-coupling": [
                       {
                            "ID2": 14,
                            "ID1": 13,
                          "value": 8.217354
                       },
                       {
                            "ID2": 15,
                            "ID1": 13,
                          "value": 8.217354
                       },
                       {
                            "ID2": 15,
                            "ID1": 14,
                          "value": 1.5
                       },
                       {
                            "ID2": 16,
                            "ID1": 14,
                          "value": 8.217354
                       },
                       {
                            "ID2": 17,
                            "ID1": 15,
                          "value": 8.217354
                       },
                       {
                            "ID2": 17,
                            "ID1": 16,
                          "value": 1.5
                       },
                       {
                            "ID2": 19,
                            "ID1": 18,
                          "value": 1.5
                       },
                       {
                            "ID2": 20,
                            "ID1": 18,
                          "value": 6.287084
                       },
                       {
                            "ID2": 21,
                            "ID1": 19,
                          "value": 6.287084
                       },
                       {
                            "ID2": 21,
                            "ID1": 20,
                          "value": 1.5
                       }
                     ],
   "chemical shift": [
                       {
                          "value": 7.5447,
                             "ID": 13
                       },
                       {
                          "value": 7.58434,
                             "ID": 14
                       },
                       {
                          "value": 7.58434,
                             "ID": 15
                       },
                       {
                          "value": 7.8229,
                             "ID": 16
                       },
                       {
                          "value": 7.8229,
                             "ID": 17
                       },
                       {
                          "value": 7.76423,
                             "ID": 18
                       },
                       {
                          "value": 7.76423,
                             "ID": 19
                       },
                       {
                          "value": 8.58477,
                             "ID": 20
                       },
                       {
                          "value": 8.58477,
                             "ID": 21
                       }
                     ]
}
