{
       "J-coupling": [
                       {
                            "ID2": 16,
                            "ID1": 15,
                          "value": -14
                       },
                       {
                            "ID2": 17,
                            "ID1": 15,
                          "value": -14
                       },
                       {
                            "ID2": 17,
                            "ID1": 16,
                          "value": -14
                       },
                       {
                            "ID2": 19,
                            "ID1": 18,
                          "value": 8.456216
                       },
                       {
                            "ID2": 20,
                            "ID1": 18,
                          "value": 8.456216
                       },
                       {
                            "ID2": 23,
                            "ID1": 18,
                          "value": 0.5
                       },
                       {
                            "ID2": 23,
                            "ID1": 19,
                          "value": 1.5
                       },
                       {
                            "ID2": 23,
                            "ID1": 20,
                          "value": 1.5
                       },
                       {
                            "ID2": 22,
                            "ID1": 21,
                          "value": 0.084
                       },
                       {
                            "ID2": 25,
                            "ID1": 24,
                          "value": -14
                       }
                     ],
   "chemical shift": [
                       {
                          "value": 2.37782,
                             "ID": 15
                       },
                       {
                          "value": 2.37782,
                             "ID": 16
                       },
                       {
                          "value": 2.37782,
                             "ID": 17
                       },
                       {
                          "value": 7.65678,
                             "ID": 18
                       },
                       {
                          "value": 7.51139,
                             "ID": 19
                       },
                       {
                          "value": 7.60389,
                             "ID": 20
                       },
                       {
                          "value": 7.13727,
                             "ID": 21
                       },
                       {
                          "value": 7.31537,
                             "ID": 22
                       },
                       {
                          "value": 7.517,
                             "ID": 23
                       },
                       {
                          "value": 4.26754,
                             "ID": 24
                       },
                       {
                          "value": 4.26754,
                             "ID": 25
                       }
                     ]
}
