{
       "J-coupling": [
                       {
                            "ID2": 15,
                            "ID1": 14,
                          "value": -14
                       },
                       {
                            "ID2": 16,
                            "ID1": 14,
                          "value": -14
                       },
                       {
                            "ID2": 16,
                            "ID1": 15,
                          "value": -14
                       },
                       {
                            "ID2": 18,
                            "ID1": 17,
                          "value": 1.5
                       },
                       {
                            "ID2": 19,
                            "ID1": 17,
                          "value": 8.943274
                       },
                       {
                            "ID2": 20,
                            "ID1": 18,
                          "value": 8.943274
                       },
                       {
                            "ID2": 20,
                            "ID1": 19,
                          "value": 1.5
                       },
                       {
                            "ID2": 22,
                            "ID1": 21,
                          "value": 1.898438
                       }
                     ],
   "chemical shift": [
                       {
                          "value": 3.88898,
                             "ID": 14
                       },
                       {
                          "value": 3.88898,
                             "ID": 15
                       },
                       {
                          "value": 3.88898,
                             "ID": 16
                       },
                       {
                          "value": 6.90421,
                             "ID": 17
                       },
                       {
                          "value": 6.90421,
                             "ID": 18
                       },
                       {
                          "value": 7.60136,
                             "ID": 19
                       },
                       {
                          "value": 7.60136,
                             "ID": 20
                       },
                       {
                          "value": 6.59714,
                             "ID": 21
                       },
                       {
                          "value": 7.62023,
                             "ID": 22
                       }
                     ]
}
