{
       "J-coupling": [
                       {
                            "ID2": 17,
                            "ID1": 16,
                          "value": -14
                       },
                       {
                            "ID2": 18,
                            "ID1": 16,
                          "value": -14
                       },
                       {
                            "ID2": 18,
                            "ID1": 17,
                          "value": -14
                       },
                       {
                            "ID2": 20,
                            "ID1": 19,
                          "value": -14
                       },
                       {
                            "ID2": 21,
                            "ID1": 19,
                          "value": -14
                       },
                       {
                            "ID2": 21,
                            "ID1": 20,
                          "value": -14
                       },
                       {
                            "ID2": 25,
                            "ID1": 22,
                          "value": 8.276731
                       },
                       {
                            "ID2": 26,
                            "ID1": 22,
                          "value": 8.276731
                       },
                       {
                            "ID2": 24,
                            "ID1": 23,
                          "value": -14
                       },
                       {
                            "ID2": 27,
                            "ID1": 23,
                          "value": 8.228692
                       },
                       {
                            "ID2": 28,
                            "ID1": 23,
                          "value": 8.228692
                       },
                       {
                            "ID2": 29,
                            "ID1": 23,
                          "value": 6.135979
                       },
                       {
                            "ID2": 30,
                            "ID1": 23,
                          "value": 6.135979
                       },
                       {
                            "ID2": 27,
                            "ID1": 24,
                          "value": 8.228692
                       },
                       {
                            "ID2": 28,
                            "ID1": 24,
                          "value": 8.228692
                       },
                       {
                            "ID2": 29,
                            "ID1": 24,
                          "value": 6.135979
                       },
                       {
                            "ID2": 30,
                            "ID1": 24,
                          "value": 6.135979
                       },
                       {
                            "ID2": 26,
                            "ID1": 25,
                          "value": 1.404771
                       },
                       {
                            "ID2": 31,
                            "ID1": 25,
                          "value": 0.683673
                       },
                       {
                            "ID2": 31,
                            "ID1": 26,
                          "value": 2.134029
                       },
                       {
                            "ID2": 28,
                            "ID1": 27,
                          "value": -14
                       },
                       {
                            "ID2": 30,
                            "ID1": 29,
                          "value": -14
                       },
                       {
                            "ID2": 33,
                            "ID1": 32,
                          "value": -14
                       }
                     ],
   "chemical shift": [
                       {
                          "value": 2.926,
                             "ID": 16
                       },
                       {
                          "value": 2.926,
                             "ID": 17
                       },
                       {
                          "value": 2.926,
                             "ID": 18
                       },
                       {
                          "value": 2.926,
                             "ID": 19
                       },
                       {
                          "value": 2.926,
                             "ID": 20
                       },
                       {
                          "value": 2.926,
                             "ID": 21
                       },
                       {
                          "value": 7.37416,
                             "ID": 22
                       },
                       {
                          "value": 2.22646,
                             "ID": 23
                       },
                       {
                          "value": 2.22646,
                             "ID": 24
                       },
                       {
                          "value": 7.04115,
                             "ID": 25
                       },
                       {
                          "value": 6.96647,
                             "ID": 26
                       },
                       {
                          "value": 3.3632,
                             "ID": 27
                       },
                       {
                          "value": 3.3632,
                             "ID": 28
                       },
                       {
                          "value": 4.1892,
                             "ID": 29
                       },
                       {
                          "value": 4.1892,
                             "ID": 30
                       },
                       {
                          "value": 7.01007,
                             "ID": 31
                       },
                       {
                          "value": 4.4,
                             "ID": 32
                       },
                       {
                          "value": 4.4,
                             "ID": 33
                       }
                     ]
}
