{
       "J-coupling": [
                       {
                            "ID2": 11,
                            "ID1": 10,
                          "value": 8.38563
                       },
                       {
                            "ID2": 13,
                            "ID1": 10,
                          "value": 5.188487
                       },
                       {
                            "ID2": 13,
                            "ID1": 11,
                          "value": 1.606055
                       },
                       {
                            "ID2": 14,
                            "ID1": 12,
                          "value": 3.570843
                       }
                     ],
   "chemical shift": [
                       {
                          "value": 7.19074,
                             "ID": 10
                       },
                       {
                          "value": 8.12197,
                             "ID": 11
                       },
                       {
                          "value": 7.48213,
                             "ID": 12
                       },
                       {
                          "value": 8.22565,
                             "ID": 13
                       },
                       {
                          "value": 6.59716,
                             "ID": 14
                       }
                     ]
}
