{
       "J-coupling": [
                       {
                            "ID2": 17,
                            "ID1": 16,
                          "value": 8.49043
                       },
                       {
                            "ID2": 18,
                            "ID1": 16,
                          "value": 8.49043
                       },
                       {
                            "ID2": 18,
                            "ID1": 17,
                          "value": 1.382373
                       },
                       {
                            "ID2": 20,
                            "ID1": 19,
                          "value": -14
                       },
                       {
                            "ID2": 21,
                            "ID1": 19,
                          "value": 5.6
                       },
                       {
                            "ID2": 22,
                            "ID1": 19,
                          "value": 5.6
                       },
                       {
                            "ID2": 21,
                            "ID1": 20,
                          "value": 5.6
                       },
                       {
                            "ID2": 22,
                            "ID1": 20,
                          "value": 5.6
                       },
                       {
                            "ID2": 22,
                            "ID1": 21,
                          "value": -14
                       },
                       {
                            "ID2": 24,
                            "ID1": 23,
                          "value": 13.57
                       }
                     ],
   "chemical shift": [
                       {
                          "value": 7.1851,
                             "ID": 16
                       },
                       {
                          "value": 7.40028,
                             "ID": 17
                       },
                       {
                          "value": 7.37587,
                             "ID": 18
                       },
                       {
                          "value": 3.9478,
                             "ID": 19
                       },
                       {
                          "value": 3.9478,
                             "ID": 20
                       },
                       {
                          "value": 3.9478,
                             "ID": 21
                       },
                       {
                          "value": 3.9478,
                             "ID": 22
                       },
                       {
                          "value": 4.1127,
                             "ID": 23
                       },
                       {
                          "value": 4.1123,
                             "ID": 24
                       }
                     ]
}
