{
       "J-coupling": [
                       {
                            "ID2": 15,
                            "ID1": 14,
                          "value": -14
                       },
                       {
                            "ID2": 16,
                            "ID1": 14,
                          "value": -14
                       },
                       {
                            "ID2": 17,
                            "ID1": 14,
                          "value": 7.480981
                       },
                       {
                            "ID2": 18,
                            "ID1": 14,
                          "value": 7.480981
                       },
                       {
                            "ID2": 16,
                            "ID1": 15,
                          "value": -14
                       },
                       {
                            "ID2": 17,
                            "ID1": 15,
                          "value": 7.480981
                       },
                       {
                            "ID2": 18,
                            "ID1": 15,
                          "value": 7.480981
                       },
                       {
                            "ID2": 17,
                            "ID1": 16,
                          "value": 7.480981
                       },
                       {
                            "ID2": 18,
                            "ID1": 16,
                          "value": 7.480981
                       },
                       {
                            "ID2": 18,
                            "ID1": 17,
                          "value": -14
                       },
                       {
                            "ID2": 20,
                            "ID1": 19,
                          "value": 5.692273
                       },
                       {
                            "ID2": 21,
                            "ID1": 19,
                          "value": 4.290068
                       },
                       {
                            "ID2": 21,
                            "ID1": 20,
                          "value": 1.808232
                       },
                       {
                            "ID2": 22,
                            "ID1": 20,
                          "value": 2.419927
                       },
                       {
                            "ID2": 22,
                            "ID1": 21,
                          "value": 2.832922
                       },
                       {
                            "ID2": 24,
                            "ID1": 23,
                          "value": -14
                       }
                     ],
   "chemical shift": [
                       {
                          "value": 1.2391,
                             "ID": 14
                       },
                       {
                          "value": 1.2391,
                             "ID": 15
                       },
                       {
                          "value": 1.2391,
                             "ID": 16
                       },
                       {
                          "value": 4.17583,
                             "ID": 17
                       },
                       {
                          "value": 4.17583,
                             "ID": 18
                       },
                       {
                          "value": 7.24148,
                             "ID": 19
                       },
                       {
                          "value": 7.36432,
                             "ID": 20
                       },
                       {
                          "value": 7.36385,
                             "ID": 21
                       },
                       {
                          "value": 7.36621,
                             "ID": 22
                       },
                       {
                          "value": 3.73708,
                             "ID": 23
                       },
                       {
                          "value": 3.73708,
                             "ID": 24
                       }
                     ]
}
