{
       "J-coupling": [
                       {
                            "ID2": 12,
                            "ID1": 11,
                          "value": -14
                       },
                       {
                            "ID2": 13,
                            "ID1": 11,
                          "value": -14
                       },
                       {
                            "ID2": 14,
                            "ID1": 11,
                          "value": 7.374084
                       },
                       {
                            "ID2": 15,
                            "ID1": 11,
                          "value": 7.374084
                       },
                       {
                            "ID2": 13,
                            "ID1": 12,
                          "value": -14
                       },
                       {
                            "ID2": 14,
                            "ID1": 12,
                          "value": 7.374084
                       },
                       {
                            "ID2": 15,
                            "ID1": 12,
                          "value": 7.374084
                       },
                       {
                            "ID2": 14,
                            "ID1": 13,
                          "value": 7.374084
                       },
                       {
                            "ID2": 15,
                            "ID1": 13,
                          "value": 7.374084
                       },
                       {
                            "ID2": 15,
                            "ID1": 14,
                          "value": -14
                       },
                       {
                            "ID2": 17,
                            "ID1": 16,
                          "value": 1.708277
                       },
                       {
                            "ID2": 18,
                            "ID1": 16,
                          "value": 8.553398
                       },
                       {
                            "ID2": 19,
                            "ID1": 16,
                          "value": 0.829401
                       },
                       {
                            "ID2": 18,
                            "ID1": 17,
                          "value": 1.086576
                       },
                       {
                            "ID2": 19,
                            "ID1": 17,
                          "value": 8.553398
                       },
                       {
                            "ID2": 19,
                            "ID1": 18,
                          "value": 1.820999
                       }
                     ],
   "chemical shift": [
                       {
                          "value": 1.3383,
                             "ID": 11
                       },
                       {
                          "value": 1.3383,
                             "ID": 12
                       },
                       {
                          "value": 1.3383,
                             "ID": 13
                       },
                       {
                          "value": 4.063,
                             "ID": 14
                       },
                       {
                          "value": 4.063,
                             "ID": 15
                       },
                       {
                          "value": 6.92092,
                             "ID": 16
                       },
                       {
                          "value": 6.92158,
                             "ID": 17
                       },
                       {
                          "value": 6.85556,
                             "ID": 18
                       },
                       {
                          "value": 6.86004,
                             "ID": 19
                       }
                     ]
}
