{
       "J-coupling": [
                       {
                            "ID2": 11,
                            "ID1": 10,
                          "value": -14
                       },
                       {
                            "ID2": 12,
                            "ID1": 10,
                          "value": -14
                       },
                       {
                            "ID2": 12,
                            "ID1": 11,
                          "value": -14
                       },
                       {
                            "ID2": 14,
                            "ID1": 13,
                          "value": 7.855716
                       },
                       {
                            "ID2": 15,
                            "ID1": 13,
                          "value": 5.539997
                       },
                       {
                            "ID2": 15,
                            "ID1": 14,
                          "value": 1.464093
                       }
                     ],
   "chemical shift": [
                       {
                          "value": 3.9392,
                             "ID": 10
                       },
                       {
                          "value": 3.9392,
                             "ID": 11
                       },
                       {
                          "value": 3.9392,
                             "ID": 12
                       },
                       {
                          "value": 6.8891,
                             "ID": 13
                       },
                       {
                          "value": 7.16647,
                             "ID": 14
                       },
                       {
                          "value": 7.54123,
                             "ID": 15
                       }
                     ]
}
