{
       "J-coupling": [
                       {
                            "ID2": 13,
                            "ID1": 12,
                          "value": -14
                       },
                       {
                            "ID2": 14,
                            "ID1": 12,
                          "value": -14
                       },
                       {
                            "ID2": 14,
                            "ID1": 13,
                          "value": -14
                       },
                       {
                            "ID2": 16,
                            "ID1": 15,
                          "value": 6.962485
                       },
                       {
                            "ID2": 17,
                            "ID1": 15,
                          "value": 8.028284
                       },
                       {
                            "ID2": 18,
                            "ID1": 15,
                          "value": 1.270632
                       },
                       {
                            "ID2": 17,
                            "ID1": 16,
                          "value": 1.270632
                       },
                       {
                            "ID2": 18,
                            "ID1": 16,
                          "value": 8.028284
                       }
                     ],
   "chemical shift": [
                       {
                          "value": 3.90867,
                             "ID": 12
                       },
                       {
                          "value": 3.90867,
                             "ID": 13
                       },
                       {
                          "value": 3.90867,
                             "ID": 14
                       },
                       {
                          "value": 7.577,
                             "ID": 15
                       },
                       {
                          "value": 7.45318,
                             "ID": 16
                       },
                       {
                          "value": 7.7091,
                             "ID": 17
                       },
                       {
                          "value": 7.545,
                             "ID": 18
                       }
                     ]
}
