{
       "J-coupling": [
                       {
                            "ID2": 18,
                            "ID1": 17,
                          "value": 8.428909
                       },
                       {
                            "ID2": 19,
                            "ID1": 17,
                          "value": 8.871562
                       },
                       {
                            "ID2": 19,
                            "ID1": 18,
                          "value": 1.383106
                       },
                       {
                            "ID2": 21,
                            "ID1": 20,
                          "value": -14
                       },
                       {
                            "ID2": 24,
                            "ID1": 20,
                          "value": 5.334668
                       },
                       {
                            "ID2": 25,
                            "ID1": 20,
                          "value": 5.334668
                       },
                       {
                            "ID2": 24,
                            "ID1": 21,
                          "value": 5.334668
                       },
                       {
                            "ID2": 25,
                            "ID1": 21,
                          "value": 5.334668
                       },
                       {
                            "ID2": 23,
                            "ID1": 22,
                          "value": -14
                       },
                       {
                            "ID2": 26,
                            "ID1": 22,
                          "value": 5.334668
                       },
                       {
                            "ID2": 27,
                            "ID1": 22,
                          "value": 5.334668
                       },
                       {
                            "ID2": 26,
                            "ID1": 23,
                          "value": 5.334668
                       },
                       {
                            "ID2": 27,
                            "ID1": 23,
                          "value": 5.334668
                       },
                       {
                            "ID2": 25,
                            "ID1": 24,
                          "value": -14
                       },
                       {
                            "ID2": 27,
                            "ID1": 26,
                          "value": -14
                       }
                     ],
   "chemical shift": [
                       {
                          "value": 7.84468,
                             "ID": 17
                       },
                       {
                          "value": 7.23751,
                             "ID": 18
                       },
                       {
                          "value": 7.13743,
                             "ID": 19
                       },
                       {
                          "value": 3.358,
                             "ID": 20
                       },
                       {
                          "value": 3.358,
                             "ID": 21
                       },
                       {
                          "value": 3.358,
                             "ID": 22
                       },
                       {
                          "value": 3.358,
                             "ID": 23
                       },
                       {
                          "value": 3.8697,
                             "ID": 24
                       },
                       {
                          "value": 3.8697,
                             "ID": 25
                       },
                       {
                          "value": 3.8697,
                             "ID": 26
                       },
                       {
                          "value": 3.8697,
                             "ID": 27
                       }
                     ]
}
