{
       "J-coupling": [
                       {
                            "ID2": 14,
                            "ID1": 13,
                          "value": 8.592131
                       },
                       {
                            "ID2": 17,
                            "ID1": 13,
                          "value": 1.520307
                       },
                       {
                            "ID2": 16,
                            "ID1": 15,
                          "value": 3.415283
                       }
                     ],
   "chemical shift": [
                       {
                          "value": 7.7444,
                             "ID": 13
                       },
                       {
                          "value": 7.52297,
                             "ID": 14
                       },
                       {
                          "value": 6.6686,
                             "ID": 15
                       },
                       {
                          "value": 7.43444,
                             "ID": 16
                       },
                       {
                          "value": 8.23121,
                             "ID": 17
                       }
                     ]
}
