{
       "J-coupling": [
                       {
                            "ID2": 11,
                            "ID1": 10,
                          "value": 8.608067
                       }
                     ],
   "chemical shift": [
                       {
                          "value": 7.25429,
                             "ID": 10
                       },
                       {
                          "value": 7.33932,
                             "ID": 11
                       }
                     ]
}
