{
       "J-coupling": [
                       {
                            "ID2": 14,
                            "ID1": 13,
                          "value": -14
                       },
                       {
                            "ID2": 15,
                            "ID1": 13,
                          "value": -14
                       },
                       {
                            "ID2": 15,
                            "ID1": 14,
                          "value": -14
                       },
                       {
                            "ID2": 18,
                            "ID1": 16,
                          "value": 8.371039
                       },
                       {
                            "ID2": 20,
                            "ID1": 16,
                          "value": 1.545237
                       },
                       {
                            "ID2": 19,
                            "ID1": 17,
                          "value": 10.157353
                       }
                     ],
   "chemical shift": [
                       {
                          "value": 2.4059,
                             "ID": 13
                       },
                       {
                          "value": 2.4059,
                             "ID": 14
                       },
                       {
                          "value": 2.4059,
                             "ID": 15
                       },
                       {
                          "value": 7.5099,
                             "ID": 16
                       },
                       {
                          "value": 8.0157,
                             "ID": 17
                       },
                       {
                          "value": 7.34378,
                             "ID": 18
                       },
                       {
                          "value": 6.4927,
                             "ID": 19
                       },
                       {
                          "value": 7.51318,
                             "ID": 20
                       }
                     ]
}
