{
       "J-coupling": [
                       {
                            "ID2": 13,
                            "ID1": 12,
                          "value": 7.781161
                       },
                       {
                            "ID2": 14,
                            "ID1": 12,
                          "value": 7.781161
                       },
                       {
                            "ID2": 15,
                            "ID1": 12,
                          "value": 1.208259
                       },
                       {
                            "ID2": 16,
                            "ID1": 12,
                          "value": 1.208259
                       },
                       {
                            "ID2": 14,
                            "ID1": 13,
                          "value": 1.5
                       },
                       {
                            "ID2": 15,
                            "ID1": 13,
                          "value": 8.696782
                       },
                       {
                            "ID2": 16,
                            "ID1": 14,
                          "value": 8.696782
                       },
                       {
                            "ID2": 16,
                            "ID1": 15,
                          "value": 1.5
                       },
                       {
                            "ID2": 18,
                            "ID1": 17,
                          "value": 15.81
                       }
                     ],
   "chemical shift": [
                       {
                          "value": 7.09622,
                             "ID": 12
                       },
                       {
                          "value": 7.397,
                             "ID": 13
                       },
                       {
                          "value": 7.397,
                             "ID": 14
                       },
                       {
                          "value": 7.0346,
                             "ID": 15
                       },
                       {
                          "value": 7.0346,
                             "ID": 16
                       },
                       {
                          "value": 4.5785,
                             "ID": 17
                       },
                       {
                          "value": 4.5784,
                             "ID": 18
                       }
                     ]
}
