{
       "J-coupling": [
                       {
                            "ID2": 13,
                            "ID1": 12,
                          "value": -14
                       },
                       {
                            "ID2": 14,
                            "ID1": 12,
                          "value": -14
                       },
                       {
                            "ID2": 14,
                            "ID1": 13,
                          "value": -14
                       },
                       {
                            "ID2": 16,
                            "ID1": 15,
                          "value": 7.441092
                       },
                       {
                            "ID2": 17,
                            "ID1": 15,
                          "value": 7.441092
                       },
                       {
                            "ID2": 17,
                            "ID1": 16,
                          "value": 1.5
                       },
                       {
                            "ID2": 18,
                            "ID1": 16,
                          "value": 8.352234
                       },
                       {
                            "ID2": 18,
                            "ID1": 17,
                          "value": 0.5
                       },
                       {
                            "ID2": 19,
                            "ID1": 17,
                          "value": 8.352234
                       },
                       {
                            "ID2": 19,
                            "ID1": 18,
                          "value": 1.5
                       }
                     ],
   "chemical shift": [
                       {
                          "value": 3.531,
                             "ID": 12
                       },
                       {
                          "value": 3.531,
                             "ID": 13
                       },
                       {
                          "value": 3.531,
                             "ID": 14
                       },
                       {
                          "value": 7.45896,
                             "ID": 15
                       },
                       {
                          "value": 7.52901,
                             "ID": 16
                       },
                       {
                          "value": 7.52901,
                             "ID": 17
                       },
                       {
                          "value": 7.33134,
                             "ID": 18
                       },
                       {
                          "value": 7.33134,
                             "ID": 19
                       }
                     ]
}
