{
       "J-coupling": [
                       {
                            "ID2": 11,
                            "ID1": 10,
                          "value": -14
                       },
                       {
                            "ID2": 12,
                            "ID1": 10,
                          "value": -14
                       },
                       {
                            "ID2": 12,
                            "ID1": 11,
                          "value": -14
                       },
                       {
                            "ID2": 14,
                            "ID1": 13,
                          "value": 1.932661
                       }
                     ],
   "chemical shift": [
                       {
                          "value": 2.273,
                             "ID": 10
                       },
                       {
                          "value": 2.273,
                             "ID": 11
                       },
                       {
                          "value": 2.273,
                             "ID": 12
                       },
                       {
                          "value": 6.42236,
                             "ID": 13
                       },
                       {
                          "value": 7.44313,
                             "ID": 14
                       }
                     ]
}
