{
       "J-coupling": [
                       {
                            "ID2": 19,
                            "ID1": 18,
                          "value": 8.085574
                       },
                       {
                            "ID2": 20,
                            "ID1": 18,
                          "value": 8.085574
                       },
                       {
                            "ID2": 20,
                            "ID1": 19,
                          "value": 1.5
                       },
                       {
                            "ID2": 21,
                            "ID1": 19,
                          "value": 8.085574
                       },
                       {
                            "ID2": 22,
                            "ID1": 20,
                          "value": 8.085574
                       },
                       {
                            "ID2": 22,
                            "ID1": 21,
                          "value": 1.5
                       },
                       {
                            "ID2": 24,
                            "ID1": 23,
                          "value": 1.5
                       },
                       {
                            "ID2": 25,
                            "ID1": 23,
                          "value": 8.083668
                       },
                       {
                            "ID2": 26,
                            "ID1": 24,
                          "value": 8.083668
                       },
                       {
                            "ID2": 26,
                            "ID1": 25,
                          "value": 1.5
                       },
                       {
                            "ID2": 28,
                            "ID1": 27,
                          "value": -14
                       }
                     ],
   "chemical shift": [
                       {
                          "value": 7.05854,
                             "ID": 18
                       },
                       {
                          "value": 7.37253,
                             "ID": 19
                       },
                       {
                          "value": 7.37253,
                             "ID": 20
                       },
                       {
                          "value": 7.08712,
                             "ID": 21
                       },
                       {
                          "value": 7.08712,
                             "ID": 22
                       },
                       {
                          "value": 7.53955,
                             "ID": 23
                       },
                       {
                          "value": 7.53955,
                             "ID": 24
                       },
                       {
                          "value": 7.8715,
                             "ID": 25
                       },
                       {
                          "value": 7.8715,
                             "ID": 26
                       },
                       {
                          "value": 5.23549,
                             "ID": 27
                       },
                       {
                          "value": 5.23549,
                             "ID": 28
                       }
                     ]
}
