{
       "J-coupling": [
                       {
                            "ID2": 15,
                            "ID1": 14,
                          "value": -14
                       },
                       {
                            "ID2": 16,
                            "ID1": 14,
                          "value": -14
                       },
                       {
                            "ID2": 16,
                            "ID1": 15,
                          "value": -14
                       },
                       {
                            "ID2": 18,
                            "ID1": 17,
                          "value": 9.097507
                       },
                       {
                            "ID2": 23,
                            "ID1": 17,
                          "value": 2.024414
                       },
                       {
                            "ID2": 20,
                            "ID1": 19,
                          "value": -14
                       },
                       {
                            "ID2": 21,
                            "ID1": 19,
                          "value": 4.67343
                       },
                       {
                            "ID2": 22,
                            "ID1": 19,
                          "value": 4.67343
                       },
                       {
                            "ID2": 21,
                            "ID1": 20,
                          "value": 4.67343
                       },
                       {
                            "ID2": 22,
                            "ID1": 20,
                          "value": 4.67343
                       },
                       {
                            "ID2": 22,
                            "ID1": 21,
                          "value": -14
                       }
                     ],
   "chemical shift": [
                       {
                          "value": 2.9602,
                             "ID": 14
                       },
                       {
                          "value": 2.9602,
                             "ID": 15
                       },
                       {
                          "value": 2.9602,
                             "ID": 16
                       },
                       {
                          "value": 7.28334,
                             "ID": 17
                       },
                       {
                          "value": 6.8026,
                             "ID": 18
                       },
                       {
                          "value": 3.4162,
                             "ID": 19
                       },
                       {
                          "value": 3.4162,
                             "ID": 20
                       },
                       {
                          "value": 4.2736,
                             "ID": 21
                       },
                       {
                          "value": 4.2736,
                             "ID": 22
                       },
                       {
                          "value": 7.09603,
                             "ID": 23
                       }
                     ]
}
